data;dieta;dietId;kcal_diety;etykieta;pora;danie_id;danie;kcal;bialko_g;tluszcz_g;wegle_g;blonnik_g;cukry_g;sol_g;tluszcze_nasycone_g;termika;pobrano
2026-09-30;Dieta Active Pro;586;1200;Dieta Active Pro;Śniadanie;1208;Szakszuka z jajkiem sadzonym na polędwicy wieprzowej, grillowane pieczarki, bułeczka proteinowa;285;24.6;16.08;7.78;8.98;1.88;2.03;2.85;na ciepło;2026-09-30T19:54:27Z
2026-09-30;Dieta Active Pro;586;1200;Dieta Active Pro;II śniadanie;369;Egzotyczny shake proteinowy;215;14.34;3.87;30.18;1.17;24.5;0.27;2.51;na zimno;2026-09-30T19:54:27Z
2026-09-30;Dieta Active Pro;586;1200;Dieta Active Pro;Obiad;1270;Kurczak w sosie orzechowym z warzywami i ryżem z kolorową marchewką;364;26.09;17.26;24.46;3.96;7.36;0.76;7.48;na ciepło;2026-09-30T19:54:27Z
2026-09-30;Dieta Active Pro;586;1200;Dieta Active Pro;Podwieczorek;1271;Sernik cappuccino;168;7.3;7.11;18.31;0.61;10.56;0.21;2.97;na zimno;2026-09-30T19:54:27Z
2026-09-30;Dieta Active Pro;586;1200;Dieta Active Pro;Kolacja;1272;Wrap z mieloną wieprzowiną po meksykańsku, pomidorki;232;16.1;8.78;21.96;2.37;4.19;0.83;2.78;ciepło/zimno;2026-09-30T19:54:27Z
2026-09-30;Dieta Ekonomiczna;587;1200;Dieta Ekonomiczna;Śniadanie;1273;Kanapka z chlebem wiejskim, pieczonym schabem i serem, twarożek szczypiorkowy, pomidor;458;43.61;19.4;27.39;2.77;4.66;1.58;10.24;na zimno;2026-09-30T19:54:27Z
2026-09-30;Dieta Ekonomiczna;587;1200;Dieta Ekonomiczna;II śniadanie;1274;Pizzerinka z polędwicą wieprzową, serem i pieczarkami, ketchup z cukinii;334;16.54;11.93;38.81;3.21;3.71;1.09;3.95;na ciepło;2026-09-30T19:54:27Z
2026-09-30;Dieta Ekonomiczna;587;1200;Dieta Ekonomiczna;Obiad;1275;Pierogi z ziemniakami i twarogiem, okrasa z boczkiem, surówka z kiszonej kapusty;541;16.89;27.15;55.9;5.19;6.8;1.35;5.95;na ciepło;2026-09-30T19:54:27Z
2026-09-30;Dieta Ekonomiczna Wege;605;1200;Dieta Ekonomiczna Wege;Śniadanie;1030;Pasta jajeczna z serem cheddar i szczypiorkiem, bułka graham, papryka;422;19.61;27.63;23.14;1.92;1.99;1.46;5.11;na zimno;2026-09-30T19:54:27Z
2026-09-30;Dieta Ekonomiczna Wege;605;1200;Dieta Ekonomiczna Wege;II śniadanie;1276;Śródziemnomorska zupa rybna z łososiem i oliwkami;331;19.6;21.27;15.23;3.1;6.77;2.65;6.18;na ciepło;2026-09-30T19:54:27Z
2026-09-30;Dieta Ekonomiczna Wege;605;1200;Dieta Ekonomiczna Wege;Obiad;1277;Makaron ryżowy z czerwonym curry i krewetkami;497;21.96;24.36;48;5.92;7.76;2.81;10.28;na ciepło;2026-09-30T19:54:27Z
2026-09-30;Dieta Fish Low Carb & IG;631;1200;Dieta Fish Low Carb & IG;Śniadanie;1030;Pasta jajeczna z serem cheddar i szczypiorkiem, bułka graham, papryka;298;13.41;17.16;21.81;1.91;1.45;1.04;3.07;na zimno;2026-09-30T19:54:27Z
2026-09-30;Dieta Fish Low Carb & IG;631;1200;Dieta Fish Low Carb & IG;II śniadanie;1276;Śródziemnomorska zupa rybna z łososiem i oliwkami;251;11.66;15.85;15.23;3.1;6.77;2.57;5.02;na ciepło;2026-09-30T19:54:27Z
2026-09-30;Dieta Fish Low Carb & IG;631;1200;Dieta Fish Low Carb & IG;Obiad;1277;Makaron ryżowy z czerwonym curry i krewetkami;321;14.09;16.25;29.95;5.05;5.39;1.72;6.25;na ciepło;2026-09-30T19:54:27Z
2026-09-30;Dieta Fish Low Carb & IG;631;1200;Dieta Fish Low Carb & IG;Podwieczorek;1278;Sernik waniliowy z czarną porzeczką;118;6.21;7.53;7.47;0.25;2.4;0.1;4.3;na zimno;2026-09-30T19:54:27Z
2026-09-30;Dieta Fish Low Carb & IG;631;1200;Dieta Fish Low Carb & IG;Kolacja;1279;Placki brokułowe z serem, pomidor, dip 1000 wysp;278;9.43;24.12;5.67;4.02;3.29;0.77;5.16;ciepło/zimno;2026-09-30T19:54:27Z
2026-09-30;Dieta Fodmap;617;1200;Dieta Fodmap;Śniadanie;1280;Muffinki bananowe z jogurtem kokosowym i orzechami arachidowymi;282;8.45;9.46;43.27;2.27;8.57;0.44;4.13;na zimno;2026-09-30T19:54:27Z
2026-09-30;Dieta Fodmap;617;1200;Dieta Fodmap;II śniadanie;1281;Bułeczka drożdżowa z polędwicą wieprzową, serem i kurkumą, dip 1000 wysp;245;9.41;12.11;24.37;1.53;3.31;0.75;3.24;ciepło/zimno;2026-09-30T19:54:27Z
2026-09-30;Dieta Fodmap;617;1200;Dieta Fodmap;Obiad;1282;Filet z indyka w sosie koperkowym, puree ziemniaczane, grillowana cukinia;325;21.7;17.53;19.75;2.03;4.36;1.38;8.43;na ciepło;2026-09-30T19:54:27Z
2026-09-30;Dieta Fodmap;617;1200;Dieta Fodmap;Podwieczorek;1283;Pleśniak z malinami;202;2.16;8.81;28.12;0.93;11.94;0.19;5.34;na zimno;2026-09-30T19:54:27Z
2026-09-30;Dieta Fodmap;617;1200;Dieta Fodmap;Kolacja;1284;Makaron ryżowy w azjatyckim sosie pomidorowo-kokosowym z warzywami, krewetkami i natką pietruszki;216;11.3;7.25;26.43;1.72;6.12;2.4;3.5;na ciepło;2026-09-30T19:54:27Z
2026-09-30;Dieta Hashi Low Gluten & Lactose;629;1200;Dieta Hashi Low Gluten & Lactose;Śniadanie;1285;Jogurt kawowo-daktylowy z granolą orzechową i konfiturą wiśniową;292;9.68;18.25;29.18;4.37;15.61;0.24;9.51;na zimno;2026-09-30T19:54:27Z
2026-09-30;Dieta Hashi Low Gluten & Lactose;629;1200;Dieta Hashi Low Gluten & Lactose;II śniadanie;1286;Kanapka z polędwicą z komina, serem, twarożkiem z czarnuszką i ogórkiem;252;16.76;10.94;20.66;1.82;3.9;1.63;5.41;na zimno;2026-09-30T19:54:27Z
2026-09-30;Dieta Hashi Low Gluten & Lactose;629;1200;Dieta Hashi Low Gluten & Lactose;Obiad;1287;Penne truflowe z sosem grzybowym, grillowanymi warzywami i pulpecikami z indyka, ser włoski i natka pietruszki;383;15.97;13.92;48;3.37;4.63;1.25;5.2;na ciepło;2026-09-30T19:54:27Z
2026-09-30;Dieta Hashi Low Gluten & Lactose;629;1200;Dieta Hashi Low Gluten & Lactose;Podwieczorek;1288;Ciasto truskawkowa łączka;162;6.68;12.1;8.52;1.85;3.32;0.12;2.99;na zimno;2026-09-30T19:54:27Z
2026-09-30;Dieta Hashi Low Gluten & Lactose;629;1200;Dieta Hashi Low Gluten & Lactose;Kolacja;1289;Sałatka z kurczakiem, papryką, ogórkiem kiszonym i kukurydzą, winegret ziołowy;173;14.2;9.72;7.2;1.21;1.13;0.5;0.81;na zimno;2026-09-30T19:54:27Z
2026-09-30;Dieta Ketogeniczna;610;1500;Dieta Ketogeniczna;Śniadanie;1290;Gofr ziołowy zapiekany z polędwicą wędzoną i mozzarellą, pomidorki, dip czosnkowy;378;15.51;31.92;6.38;4.1;4.25;1.34;7.81;ciepło/zimno;2026-09-30T19:54:27Z
2026-09-30;Dieta Ketogeniczna;610;1500;Dieta Ketogeniczna;Obiad;1291;Udziec z indyka w indyjskim sosie z orzechami nerkowca z kalafiorem i brokułem z oliwą czosnkową;508;28.22;40.36;7.96;4.52;3.38;0.91;10.66;na ciepło;2026-09-30T19:54:27Z
2026-09-30;Dieta Ketogeniczna;610;1500;Dieta Ketogeniczna;Podwieczorek;1292;Leczo warzywne z boczkiem, pieczywo keto;309;7.43;26.14;9.29;4.34;2.57;0.69;5.11;na ciepło;2026-09-30T19:54:27Z
2026-09-30;Dieta Ketogeniczna;610;1500;Dieta Ketogeniczna;Kolacja;1293;Zapiekanka z selera z mięsem mielonym i pieczarkami, surówka z kiszonej kapusty, dip z ziołami prowansalskimi;380;11.63;33.73;5.81;3.81;3.27;1.33;10.58;ciepło/zimno;2026-09-30T19:54:27Z
2026-09-30;Dieta Light;612;1500;Dieta Light;Śniadanie;991;Naleśnik kakaowy z serkiem cynamonowym, prażone jabłka z bakaliami;407;24.99;12.03;50.12;3.5;23.66;0.24;2.13;na ciepło;2026-09-30T19:54:27Z
2026-09-30;Dieta Light;612;1500;Dieta Light;II śniadanie;1294;Krem z zielonych warzyw z miętą i grzankami ziołowymi;317;9.04;19.92;25.13;4.15;6.1;1.34;11.9;ciepło/zimno;2026-09-30T19:54:27Z
2026-09-30;Dieta Light;612;1500;Dieta Light;Obiad;1295;Kotlet mielony, puree ziemniaczane, surówka z buraków;381;29.92;14.68;32.37;4.89;14.18;0.77;5.24;na ciepło;2026-09-30T19:54:27Z
2026-09-30;Dieta Light;612;1500;Dieta Light;Podwieczorek;779;Sernik w kropki;204;5.72;11.18;20.19;0.17;13.33;0.16;6.39;na zimno;2026-09-30T19:54:27Z
2026-09-30;Dieta Light;612;1500;Dieta Light;Kolacja;1296;Kanapka z polędwicą z komina, smarowidłem ziołowym i ogórkiem;220;24.15;3.01;23.93;0.47;4.19;0.66;0.88;na zimno;2026-09-30T19:54:27Z
2026-09-30;Dieta Low Carb & IG;628;1200;Dieta Low Carb & IG;Śniadanie;1297;Gofr ziołowy zapiekany z polędwicą wędzoną i mozzarellą, pomidorki, ketchup z cukinii;267;15.44;18.93;7.7;4.53;4.12;1.29;6.12;ciepło/zimno;2026-09-30T19:54:27Z
2026-09-30;Dieta Low Carb & IG;628;1200;Dieta Low Carb & IG;II śniadanie;1298;Jogurt grecki ananasowo-waniliowy z granolą orzechową;203;6.2;15.31;13.93;1.37;5.55;0.16;7.31;na zimno;2026-09-30T19:54:27Z
2026-09-30;Dieta Low Carb & IG;628;1200;Dieta Low Carb & IG;Obiad;1299;Filet z indyka w indyjskim sosie z orzechami nerkowca, ryż basmati z czarnym, cukinia z czosnkiem i sezamem;319;22.74;12.36;21.24;2.38;5.31;0.7;3.06;na ciepło;2026-09-30T19:54:27Z
2026-09-30;Dieta Low Carb & IG;628;1200;Dieta Low Carb & IG;Podwieczorek;1300;Sałatka z serem camembert, prażonym bekonem, papryką i pestkami słonecznika, dip czosnkowy;257;9.14;21.71;6.28;0.58;2.01;0.75;10.34;na zimno;2026-09-30T19:54:27Z
2026-09-30;Dieta Low Carb & IG;628;1200;Dieta Low Carb & IG;Kolacja;1301;Makaron penne pełnoziarnisty z sosem bolognese, oliwkami i włoskim serem;242;19.64;9.28;19.85;3.87;1.56;0.52;2.8;na ciepło;2026-09-30T19:54:27Z
2026-09-30;Dieta START;634;1500;Dieta START;Śniadanie;1273;Kanapka z chlebem wiejskim, pieczonym schabem i serem, twarożek szczypiorkowy, pomidor;479;46.67;20.23;27.74;2.79;4.92;1.6;10.57;na zimno;2026-09-30T19:54:27Z
2026-09-30;Dieta START;634;1500;Dieta START;Obiad;1295;Kotlet mielony, puree ziemniaczane, surówka z buraków;515;39.88;19.99;43.88;5.97;15.29;0.98;7.57;na ciepło;2026-09-30T19:54:27Z
2026-09-30;Dieta START;634;1500;Dieta START;Kolacja;1301;Makaron penne pełnoziarnisty z sosem bolognese, oliwkami i włoskim serem;457;38.52;17.24;36.7;7;3.03;0.87;5.44;na ciepło;2026-09-30T19:54:27Z
2026-09-30;Dieta Standard;583;1200;Dieta Standard;Śniadanie;1273;Kanapka z chlebem wiejskim, pieczonym schabem i serem, twarożek szczypiorkowy, pomidor;281;25.77;10.73;20.37;2.22;3.48;0.99;5.51;na zimno;2026-09-30T19:54:27Z
2026-09-30;Dieta Standard;583;1200;Dieta Standard;II śniadanie;1274;Pizzerinka z polędwicą wieprzową, serem i pieczarkami, ketchup z cukinii;220;10.97;7.85;25.56;2.07;2.3;0.71;2.62;na ciepło;2026-09-30T19:54:27Z
2026-09-30;Dieta Standard;583;1200;Dieta Standard;Obiad;1275;Pierogi z ziemniakami i twarogiem, okrasa z boczkiem, surówka z kiszonej kapusty;387;12.04;18.75;41.41;4.42;5.94;1.13;3.84;na ciepło;2026-09-30T19:54:27Z
2026-09-30;Dieta Standard;583;1200;Dieta Standard;Podwieczorek;845;Desernik mango marakuja z kokosem;197;15.06;7.8;16.63;0.52;15.41;0.1;5.31;na zimno;2026-09-30T19:54:27Z
2026-09-30;Dieta Standard;583;1200;Dieta Standard;Kolacja;1142;Sałatka z kurczakiem, papryką, ogórkiem piklowanym i kukurydzą, dip czosnkowy;203;13.8;11.55;10.88;0.79;5.35;0.77;1.27;na zimno;2026-09-30T19:54:27Z
2026-09-30;Dieta Śródziemnomorska;630;1200;Dieta Śródziemnomorska;Śniadanie;1302;Jajeczne muffinki serowo-szpinakowe, pomidorki, dip bazyliowy;236;16.01;14.28;10.73;1.68;4.64;0.5;4.6;ciepło/zimno;2026-09-30T19:54:27Z
2026-09-30;Dieta Śródziemnomorska;630;1200;Dieta Śródziemnomorska;II śniadanie;1303;Tost francuski z chałki orkiszowej z twarożkiem cynamonowym i cząstką pomarańczy;207;16.59;2.94;28.15;1.82;10.45;0.4;0.85;na zimno;2026-09-30T19:54:27Z
2026-09-30;Dieta Śródziemnomorska;630;1200;Dieta Śródziemnomorska;Obiad;1304;Polędwica z dorsza w sosie marokańskim z warzywami z pary, kaszą bulgur i świeżą kolendrą;333;25.63;9.57;35.35;13.23;7.35;0.8;1.89;na ciepło;2026-09-30T19:54:27Z
2026-09-30;Dieta Śródziemnomorska;630;1200;Dieta Śródziemnomorska;Podwieczorek;1305;Baton kukurydziano-jaglany;238;5.24;14.39;22.41;3.17;12.26;0.32;4.03;na zimno;2026-09-30T19:54:27Z
2026-09-30;Dieta Śródziemnomorska;630;1200;Dieta Śródziemnomorska;Kolacja;1306;Pełnoziarniste penne z kurczakiem w sosie paprykowym, oliwki;255;18.54;9.12;24.62;4.3;1.8;0.37;2.01;na ciepło;2026-09-30T19:54:27Z
2026-10-01;Dieta Active Pro;586;1200;Dieta Active Pro;Śniadanie;1307;Naleśniki Czarny Las z kremem waniliowym i konfiturą wiśniową, wiórki czekolady;176;12.75;5.68;19.17;1.17;5.73;0.19;1.54;na zimno;2026-09-30T19:54:27Z
2026-10-01;Dieta Active Pro;586;1200;Dieta Active Pro;II śniadanie;1308;Zupa pomidorowa z klopsikami cielęco-wieprzowymi;176;11.9;8.89;11.93;3.45;7.05;1.24;3.51;na ciepło;2026-09-30T19:54:27Z
2026-10-01;Dieta Active Pro;586;1200;Dieta Active Pro;Obiad;1309;Filet z indyka w sosie pomidorowym z chorizo, kasza orkiszowa, surówka z marchewki i pora;397;30.06;16.02;33.08;8.09;9.27;1.37;3.29;na ciepło;2026-09-30T19:54:27Z
2026-10-01;Dieta Active Pro;586;1200;Dieta Active Pro;Podwieczorek;451;Proteinowy krem kokosowy;165;15.21;8.58;7.11;0.84;4.72;0.17;5.04;na zimno;2026-09-30T19:54:27Z
2026-10-01;Dieta Active Pro;586;1200;Dieta Active Pro;Kolacja;1310;Sałatka z kurczakiem, serem bałkańskim, batatem, kuskusem perłowym z soczewicą i winegretem ziołowym;305;20.48;13.9;24.38;2.98;6.65;1.17;3.19;na zimno;2026-09-30T19:54:27Z
2026-10-01;Dieta Ekonomiczna;587;1200;Dieta Ekonomiczna;Śniadanie;1311;Pasztet drobiowy z pistacjami, chleb żytni, ogórek kiszony, dip pietruszkowy;434;22.92;22.91;34;6.55;4.64;1.72;2.03;na zimno;2026-09-30T19:54:27Z
2026-10-01;Dieta Ekonomiczna;587;1200;Dieta Ekonomiczna;II śniadanie;1194;Sok świeżo wyciskany z jabłka, pomarańczy i grejpfruta;147;1.8;1.09;31.99;6.48;31.15;0;0.03;na zimno;2026-09-30T19:54:27Z
2026-10-01;Dieta Ekonomiczna;587;1200;Dieta Ekonomiczna;Obiad;1312;Kurczak mango-chili z opiekanymi ziemniakami, dipem miętowym i colesławem;536;43.01;25.35;33.73;5.1;6.48;1.09;2.71;na ciepło;2026-09-30T19:54:27Z
2026-10-01;Dieta Ekonomiczna Wege;605;1200;Dieta Ekonomiczna Wege;Śniadanie;1313;Omleciki ze szpinakiem i serem bałkańskim, dip ranczerski;388;21.76;29.27;7.75;6.8;5.18;1.9;12.78;ciepło/zimno;2026-09-30T19:54:27Z
2026-10-01;Dieta Ekonomiczna Wege;605;1200;Dieta Ekonomiczna Wege;II śniadanie;1314;Twarożek z czerwonym pesto, pieczywo pełnoziarniste, papryka;345;9.56;22.93;23.88;4.26;3.9;0.9;5.74;na zimno;2026-09-30T19:54:27Z
2026-10-01;Dieta Ekonomiczna Wege;605;1200;Dieta Ekonomiczna Wege;Obiad;1315;Pulpety rybne z marchewką i pieczarkami z sosem śmietanowo-koperkowym, komosa ryżowa z warzywami, warzywa z pary;482;26.36;24.94;37.87;10.89;5.39;1.16;11.07;na ciepło;2026-09-30T19:54:27Z
2026-10-01;Dieta Fish Low Carb & IG;631;1200;Dieta Fish Low Carb & IG;Śniadanie;1313;Omleciki ze szpinakiem i serem bałkańskim, dip ranczerski;205;11.23;15.36;4.74;3.56;3.35;0.97;6.5;ciepło/zimno;2026-09-30T19:54:27Z
2026-10-01;Dieta Fish Low Carb & IG;631;1200;Dieta Fish Low Carb & IG;II śniadanie;1314;Twarożek z czerwonym pesto, pieczywo pełnoziarniste, papryka;202;5.64;11.61;17.71;3.09;2.09;0.51;2.89;na zimno;2026-09-30T19:54:27Z
2026-10-01;Dieta Fish Low Carb & IG;631;1200;Dieta Fish Low Carb & IG;Obiad;1315;Pulpety rybne z marchewką i pieczarkami z sosem śmietanowo-koperkowym, komosa ryżowa z warzywami, warzywa z pary;355;17;20.79;24.9;7.45;4.13;0.82;10.46;na ciepło;2026-09-30T19:54:27Z
2026-10-01;Dieta Fish Low Carb & IG;631;1200;Dieta Fish Low Carb & IG;Podwieczorek;1316;Biszkopt z kwaśną śmietaną;132;3.28;11.11;6.6;1.44;1.42;0.15;6.12;na zimno;2026-09-30T19:54:27Z
2026-10-01;Dieta Fish Low Carb & IG;631;1200;Dieta Fish Low Carb & IG;Kolacja;1317;Grillowane krewetki w sosie kokosowym z bazylią, ryż z groszkiem, brokuły z prażonym sezamem;338;20.11;19.16;20.99;3.79;2.46;2.62;9.73;na ciepło;2026-09-30T19:54:27Z
2026-10-01;Dieta Fodmap;617;1200;Dieta Fodmap;Śniadanie;1318;Śniadaniowy burger z sadzonym jajkiem, szynką wieprzową, serem, szpinakiem i majonezem truflowym;377;15.97;22.55;26.9;0.31;1.68;1.19;5.84;na ciepło;2026-09-30T19:54:27Z
2026-10-01;Dieta Fodmap;617;1200;Dieta Fodmap;II śniadanie;1319;Waniliowy pudding chia, konfitura ananasowa, chipsy kokosa, orzechy arachidowe;169;6.17;8.09;17.71;2.96;16.06;0.11;4.05;na zimno;2026-09-30T19:54:27Z
2026-10-01;Dieta Fodmap;617;1200;Dieta Fodmap;Obiad;1320;Curry z łososiem, ryż z marchewką, prażone płatki migdałów;384;19.91;23.37;22.99;3.04;2.68;0.32;7.73;na ciepło;2026-09-30T19:54:27Z
2026-10-01;Dieta Fodmap;617;1200;Dieta Fodmap;Podwieczorek;1321;Śmietanowiec truskawkowy;140;2.07;8.54;13.02;0.52;11.5;0.05;5.98;na zimno;2026-09-30T19:54:27Z
2026-10-01;Dieta Fodmap;617;1200;Dieta Fodmap;Kolacja;1322;Placuszki z serka wiejskiego z polędwicą i warzywami, dip bazyliowy, ogórek;210;16.81;11.05;10.48;1.01;4.6;0.82;3.72;ciepło/zimno;2026-09-30T19:54:27Z
2026-10-01;Dieta Hashi Low Gluten & Lactose;629;1200;Dieta Hashi Low Gluten & Lactose;Śniadanie;1323;Naleśnik pomidorowy, farsz meksykański z kurczakiem, dip kolendrowy, pomidorki;179;6.11;11.13;13.59;1.89;3.98;0.57;1.43;na ciepło;2026-09-30T19:54:27Z
2026-10-01;Dieta Hashi Low Gluten & Lactose;629;1200;Dieta Hashi Low Gluten & Lactose;II śniadanie;1324;Kanapka z twarożkiem ziołowym, kurczakiem i ogórkiem;272;20.1;14.41;13.28;2.15;6.4;0.8;2.51;na zimno;2026-09-30T19:54:27Z
2026-10-01;Dieta Hashi Low Gluten & Lactose;629;1200;Dieta Hashi Low Gluten & Lactose;Obiad;1325;Filet z indyka w sosie pomidorowym z chorizo, ryż basmati z kurkumą, surówka meksykańska z białej kapusty;400;24.98;18.12;34.29;4.07;2.88;1.21;3.34;na ciepło;2026-09-30T19:54:27Z
2026-10-01;Dieta Hashi Low Gluten & Lactose;629;1200;Dieta Hashi Low Gluten & Lactose;Podwieczorek;1326;Deserek jagodowy;140;9.35;5.4;15.91;1.07;7.29;0.12;3.22;na zimno;2026-09-30T19:54:27Z
2026-10-01;Dieta Hashi Low Gluten & Lactose;629;1200;Dieta Hashi Low Gluten & Lactose;Kolacja;666;Futomaki z tatarem z krewetek;278;8.37;3.1;50.85;0.72;10.14;3.44;0.75;na zimno;2026-09-30T19:54:27Z
2026-10-01;Dieta Ketogeniczna;610;1500;Dieta Ketogeniczna;Śniadanie;1327;Pasta serowa z czosnkiem, kiełbasa wieprzowa z czarnuszką, chleb twarogowy z pestkami dyni;381;22.83;27.84;4.96;0.42;4.01;0.92;9.3;na zimno;2026-09-30T19:54:27Z
2026-10-01;Dieta Ketogeniczna;610;1500;Dieta Ketogeniczna;Obiad;1328;Pieczona karkówka po staropolsku z kapustą duszoną z boczkiem, dipem musztardowym i chlebem czystoziarnistym;589;29.89;45.26;12.49;5.66;2.27;1.09;11.95;na ciepło;2026-09-30T19:54:27Z
2026-10-01;Dieta Ketogeniczna;610;1500;Dieta Ketogeniczna;Podwieczorek;1329;Placki z kalafiora z serem i migdałami, dip czosnkowy, papryka;295;11.16;25.17;5.66;3.06;2.65;0.68;7.7;ciepło/zimno;2026-09-30T19:54:27Z
2026-10-01;Dieta Ketogeniczna;610;1500;Dieta Ketogeniczna;Kolacja;1330;Sałatka z szarpanką wieprzową, grillowaną cukinią, pomidorkami i pestkami słonecznika, dip 1000 wysp;344;11.01;28.84;6.89;1.39;3.66;0.64;5.86;na zimno;2026-09-30T19:54:27Z
2026-10-01;Dieta Light;612;1500;Dieta Light;Śniadanie;1331;Bułeczka cynamonowa, twarożek waniliowy, konfitura jagodowa;282;13.1;7.6;38.97;2.33;15.86;0.63;2.39;na zimno;2026-09-30T19:54:27Z
2026-10-01;Dieta Light;612;1500;Dieta Light;II śniadanie;192;Brzoskwiniowy shake proteinowy;193;8.07;4;32.97;3.58;20.13;0.2;2.59;na zimno;2026-09-30T19:54:27Z
2026-10-01;Dieta Light;612;1500;Dieta Light;Obiad;1332;Makaron penne w sosie śmietanowo-koperkowym z pieczonym łososiem, serem włoskim i suszonym pomidorem;594;31.39;34.95;38.28;2.01;3.49;0.5;14.02;na ciepło;2026-09-30T19:54:27Z
2026-10-01;Dieta Light;612;1500;Dieta Light;Podwieczorek;804;Borówkowa chmurka;102;2.46;5.13;11.31;0.52;6.75;0.04;3.26;na zimno;2026-09-30T19:54:27Z
2026-10-01;Dieta Light;612;1500;Dieta Light;Kolacja;1333;Pierogi z chińskim farszem wieprzowym z sosem orzechowo-sojowym i azjatycką marchewką z kolendrą i sezamem;379;13.56;17.18;41.44;5.23;7.03;1.07;2.37;na ciepło;2026-09-30T19:54:27Z
2026-10-01;Dieta Low Carb & IG;628;1200;Dieta Low Carb & IG;Śniadanie;1334;Placuszki a'la pizza z papryką i bekonem, pomidorki, dip bazyliowy;219;10.32;17.26;5.81;2.06;4.11;0.67;6.19;ciepło/zimno;2026-09-30T19:54:27Z
2026-10-01;Dieta Low Carb & IG;628;1200;Dieta Low Carb & IG;II śniadanie;1335;Pasztet drobiowy z pistacjami, chleb czystoziarnisty, ogórek z dipem duńskim;267;13.35;18.66;9.63;4.02;3.4;0.37;1.82;na zimno;2026-09-30T19:54:27Z
2026-10-01;Dieta Low Carb & IG;628;1200;Dieta Low Carb & IG;Obiad;1336;Kurczak w sosie kokosowym z bazylią, ryż z groszkiem, brokuły z prażonym sezamem;369;27.57;17.39;25.4;4.02;2.95;0.89;9.59;na ciepło;2026-09-30T19:54:27Z
2026-10-01;Dieta Low Carb & IG;628;1200;Dieta Low Carb & IG;Podwieczorek;1337;Krem warzywny z curry z batatem, pestki dyni;231;3.99;19.37;10.11;3.49;4.52;0.46;11.43;na ciepło;2026-09-30T19:54:27Z
2026-10-01;Dieta Low Carb & IG;628;1200;Dieta Low Carb & IG;Kolacja;1338;Kanapka z chlebem razowym, twarożkiem chrzanowym, polędwicą sopocką i ogórkiem;192;10.97;5.28;24.67;5.58;3.71;1.07;2.86;na zimno;2026-09-30T19:54:27Z
2026-10-01;Dieta START;634;1500;Dieta START;Śniadanie;1334;Placuszki a'la pizza z papryką i bekonem, pomidorki, dip bazyliowy;471;23.97;37.29;10.09;3.71;5.89;1.57;13.93;ciepło/zimno;2026-09-30T19:54:27Z
2026-10-01;Dieta START;634;1500;Dieta START;Obiad;1339;Pierogi z serem i jagodami z jogurtem i płatkami migdałowymi;691;27.92;15.04;106.39;6.93;34.58;0.35;4.01;ciepło/zimno;2026-09-30T19:54:27Z
2026-10-01;Dieta START;634;1500;Dieta START;Kolacja;1338;Kanapka z chlebem razowym, twarożkiem chrzanowym, polędwicą sopocką i ogórkiem;317;22.38;9.91;33.75;7.92;5.55;1.91;5.4;na zimno;2026-09-30T19:54:27Z
2026-10-01;Dieta Standard;583;1200;Dieta Standard;Śniadanie;1311;Pasztet drobiowy z pistacjami, chleb żytni, ogórek kiszony, dip pietruszkowy;266;13.25;12.69;24.77;4.79;3.12;1.32;1.19;na zimno;2026-09-30T19:54:27Z
2026-10-01;Dieta Standard;583;1200;Dieta Standard;II śniadanie;1194;Sok świeżo wyciskany z jabłka, pomarańczy i grejpfruta;147;1.8;1.09;31.99;6.48;31.15;0;0.03;na zimno;2026-09-30T19:54:27Z
2026-10-01;Dieta Standard;583;1200;Dieta Standard;Obiad;1312;Kurczak mango-chili z opiekanymi ziemniakami, dipem miętowym i colesławem;384;24.3;20.68;24.95;4.26;5.95;0.87;2.21;na ciepło;2026-09-30T19:54:27Z
2026-10-01;Dieta Standard;583;1200;Dieta Standard;Podwieczorek;1340;Urodzinowy tort Vikinga;177;4.76;8.99;19.45;1.17;12.72;0.21;2.61;na zimno;2026-09-30T19:54:27Z
2026-10-01;Dieta Standard;583;1200;Dieta Standard;Kolacja;1341;Rigatoni w sosie meksykańskim z mięsem, czerwoną fasolą, kukurydzą i mozzarellą;297;20.04;11.04;29.21;1.71;3.13;0.53;2.12;na ciepło;2026-09-30T19:54:27Z
2026-10-01;Dieta Śródziemnomorska;630;1200;Dieta Śródziemnomorska;Śniadanie;1342;Owsianka waniliowa z sałatką owocową i musem mango;291;9.16;7.04;48.04;4.34;20.39;0.08;2.49;na zimno;2026-09-30T19:54:27Z
2026-10-01;Dieta Śródziemnomorska;630;1200;Dieta Śródziemnomorska;II śniadanie;1343;Zupa jarzynowa z łososiem;222;10.86;15.23;10.39;2.98;2.93;0.55;6.34;na ciepło;2026-09-30T19:54:27Z
2026-10-01;Dieta Śródziemnomorska;630;1200;Dieta Śródziemnomorska;Obiad;1344;Pierogi z pieca z krewetkami à la Saganaki, grillowana cukinia, dip tzatziki;356;16.94;13.99;39.52;6.12;9.19;1.46;3.74;na ciepło;2026-09-30T19:54:27Z
2026-10-01;Dieta Śródziemnomorska;630;1200;Dieta Śródziemnomorska;Podwieczorek;1345;Ciasto marchewkowe z orzechami włoskimi i polewą;194;3.86;12.75;16.02;1.28;10.13;0.2;2.34;na zimno;2026-09-30T19:54:27Z
2026-10-01;Dieta Śródziemnomorska;630;1200;Dieta Śródziemnomorska;Kolacja;1346;Naleśnik pomidorowy z farszem meksykańskim i serem cheddar, dip ziołowy;224;10.97;12.21;17.64;1.85;2.33;0.51;3.64;na ciepło;2026-09-30T19:54:27Z
2026-10-02;Dieta Active Pro;586;1200;Dieta Active Pro;Śniadanie;1;Pieczony filet z indyka z chlebem słonecznikowym, twarożek ziołowy, papryka;237;22.25;4.45;27.03;3.49;2.56;0.72;0.54;na zimno;2026-09-29T13:53:32.978Z
2026-10-02;Dieta Active Pro;586;1200;Dieta Active Pro;II śniadanie;2;Owoce leśne - shake proteinowy;188;14.22;3.86;22.74;4.11;16.81;0.26;2.37;na zimno;2026-09-29T13:53:32.978Z
2026-10-02;Dieta Active Pro;586;1200;Dieta Active Pro;Obiad;3;Pierogi z mięsem drobiowym z natką pietruszki i dipem chrzanowym;345;22.38;12.53;35.17;1.87;2.43;0.65;1.69;na ciepło;2026-09-29T13:53:32.978Z
2026-10-02;Dieta Active Pro;586;1200;Dieta Active Pro;Podwieczorek;4;Batonik owsiany z czekoladą;225;6.96;12.23;21.87;2.05;12.76;0.15;2.85;na zimno;2026-09-29T13:53:32.978Z
2026-10-02;Dieta Active Pro;586;1200;Dieta Active Pro;Kolacja;5;Quesadilla z szarpaną wieprzowiną, warzywami i serem, dip pomidorowy z ziołami;278;14.29;12.97;26.22;2.25;5.16;1.26;3.73;ciepło/zimno;2026-09-29T13:53:32.978Z
2026-10-02;Dieta Ekonomiczna;587;1200;Dieta Ekonomiczna;Śniadanie;6;Naleśnik z twarożkiem jagodowym i pomarańczą;368;18.59;7.79;53.97;3.79;21.55;0.26;2.39;ciepło/zimno;2026-09-29T13:53:32.978Z
2026-10-02;Dieta Ekonomiczna;587;1200;Dieta Ekonomiczna;II śniadanie;7;Krem z białych warzyw z grzankami ziołowymi;325;7.06;21.09;26.37;4.37;5.67;1.28;10.37;na ciepło;2026-09-29T13:53:32.978Z
2026-10-02;Dieta Ekonomiczna;587;1200;Dieta Ekonomiczna;Obiad;8;Mintaj w panierce, puree ziemniaczane, surówka z kapusty i papryki z kukurydzą;485;30.26;22.34;40;4.97;4.31;1.48;9.93;na ciepło;2026-09-29T13:53:32.978Z
2026-10-02;Dieta Ekonomiczna Wege;605;1200;Dieta Ekonomiczna Wege;Śniadanie;9;Pieczywo keto, twarożek z rzodkiewką i koperkiem, kalarepa;274;13.56;16.88;14.37;6.91;4.39;0.25;5.69;na zimno;2026-09-29T13:53:32.978Z
2026-10-02;Dieta Ekonomiczna Wege;605;1200;Dieta Ekonomiczna Wege;II śniadanie;10;Orientalne pierogi z mięsem roślinnym na mące orkiszowej i graham, kwaśna śmietana pietruszkowa;407;19.31;16.53;43.37;6.59;2.52;0.85;3.55;na ciepło;2026-09-29T13:53:32.978Z
2026-10-02;Dieta Ekonomiczna Wege;605;1200;Dieta Ekonomiczna Wege;Obiad;11;Sandacz z sosem mango z chilli z ryżem basmati i fasolką szparagową;511;45.85;14.92;48.01;6.02;4.93;0.63;5.21;na ciepło;2026-09-29T13:53:32.978Z
2026-10-02;Dieta Fish Low Carb & IG;631;1200;Dieta Fish Low Carb & IG;Śniadanie;9;Pieczywo keto, twarożek z rzodkiewką i koperkiem, kalarepa;181;9;10.84;10.2;4.99;2.88;0.15;3.5;na zimno;2026-09-29T13:53:32.978Z
2026-10-02;Dieta Fish Low Carb & IG;631;1200;Dieta Fish Low Carb & IG;II śniadanie;10;Orientalne pierogi z mięsem roślinnym na mące orkiszowej i graham, kwaśna śmietana pietruszkowa;248;11.24;10.97;25.15;3.78;1.8;0.5;3.05;na ciepło;2026-09-29T13:53:32.978Z
2026-10-02;Dieta Fish Low Carb & IG;631;1200;Dieta Fish Low Carb & IG;Obiad;11;Sandacz z sosem mango z chilli z ryżem basmati i fasolką szparagową;358;29.1;12.58;31.79;5.5;4.91;0.55;4.97;na ciepło;2026-09-29T13:53:32.978Z
2026-10-02;Dieta Fish Low Carb & IG;631;1200;Dieta Fish Low Carb & IG;Podwieczorek;12;Sernik na spodzie owsiano-migdałowym;173;5.52;15.09;3.44;0.96;1.57;0.09;7.93;na zimno;2026-09-29T13:53:32.978Z
2026-10-02;Dieta Fish Low Carb & IG;631;1200;Dieta Fish Low Carb & IG;Kolacja;13;Sałatka z falafelem, batatem, pomidorkami i edamame, dressing orzechowy;256;9.41;15.15;21.08;5.44;4.18;0.63;1.56;na zimno;2026-09-29T13:53:32.978Z
2026-10-02;Dieta Fodmap;617;1200;Dieta Fodmap;Śniadanie;14;Wędzony filet z indyka, chleb samo ziarno, masło ziołowe, papryka;258;16.05;14.73;13.04;2.07;4.21;0.75;3.84;na zimno;2026-09-29T13:53:32.978Z
2026-10-02;Dieta Fodmap;617;1200;Dieta Fodmap;II śniadanie;15;Muffinki twarogowe z malinami, jogurt waniliowy, melon;196;9.49;6.62;24.11;2.51;18.74;0.25;3.4;na zimno;2026-09-29T13:53:32.978Z
2026-10-02;Dieta Fodmap;617;1200;Dieta Fodmap;Obiad;16;Bitki z kurczaka w sosie szpinakowym, ryż basmati, marchewka baby z tymiankiem;382;22.35;19.39;29.59;4.34;2.12;0.57;8.97;na ciepło;2026-09-29T13:53:32.978Z
2026-10-02;Dieta Fodmap;617;1200;Dieta Fodmap;Podwieczorek;17;Deser truskawkowy z orzechami;230;9.89;14.51;13.76;0.92;11.73;0.15;7.58;na zimno;2026-09-29T13:53:32.978Z
2026-10-02;Dieta Fodmap;617;1200;Dieta Fodmap;Kolacja;18;Sałatka z kaszą jaglaną, serem typu bałkańskiego, ogórkiem, pomidorkami i pestkami dyni, winegret ziołowy;197;5.84;12.78;14.49;1.01;5.89;0.96;4.31;na zimno;2026-09-29T13:53:32.978Z
2026-10-02;Dieta Hashi Low Gluten & Lactose;629;1200;Dieta Hashi Low Gluten & Lactose;Śniadanie;19;Jajeczne muffinki z szynką, brokułem, fetą i suszonym pomidorem, dip pietruszkowy, papryka;216;14.05;12.52;11.83;1.89;2.73;1.21;3.73;ciepło/zimno;2026-09-29T13:53:32.978Z
2026-10-02;Dieta Hashi Low Gluten & Lactose;629;1200;Dieta Hashi Low Gluten & Lactose;II śniadanie;20;Smalczyk z ciecierzycy ze śliwką, marchewka, ogórek, mini wafle kukurydziane;192;6.73;3.81;32.48;6.47;5.12;0.28;0.33;na zimno;2026-09-29T13:53:32.978Z
2026-10-02;Dieta Hashi Low Gluten & Lactose;629;1200;Dieta Hashi Low Gluten & Lactose;Obiad;1347;Butter chicken z ryżem białym i czarnym i limonką;376;21.09;15.73;26.28;2.12;3.87;0.91;4.84;na ciepło;2026-09-30T19:54:27Z
2026-10-02;Dieta Hashi Low Gluten & Lactose;629;1200;Dieta Hashi Low Gluten & Lactose;Podwieczorek;22;Ciasto czekoladowa mokka na owsianym spodzie;187;6.76;9.8;17.62;2.63;10.85;0.06;3.83;na zimno;2026-09-29T13:53:32.978Z
2026-10-02;Dieta Hashi Low Gluten & Lactose;629;1200;Dieta Hashi Low Gluten & Lactose;Kolacja;1348;Makaron ryżowy w sosie mango z zielonym curry, krewetkami i sezamem;263;12.38;9.92;31.03;1.12;4.41;1.75;4.98;na ciepło;2026-09-30T19:54:27Z
2026-10-02;Dieta Ketogeniczna;610;1500;Dieta Ketogeniczna;Śniadanie;24;Jaja na twardo z sosem tatarskim, chleb keto, pomidorki w pesto;332;13.34;28.03;5.36;3.84;3.25;1.11;4.31;na zimno;2026-09-29T13:53:32.978Z
2026-10-02;Dieta Ketogeniczna;610;1500;Dieta Ketogeniczna;Obiad;25;Stek ze schabu, masło ziołowe, puree kalafiorowe z gorczycą, surówka z tartej kalarepy z majonezem ziołowym;500;32.37;37.33;8.64;3.6;2.85;0.48;18.32;na ciepło;2026-09-29T13:53:32.978Z
2026-10-02;Dieta Ketogeniczna;610;1500;Dieta Ketogeniczna;Podwieczorek;26;Twarożek szczypiorkowy z prażonym bekonem, oliwki, pieczywo keto;305;16.74;22.75;5.62;5.78;2.25;1.64;6.36;na zimno;2026-09-29T13:53:32.978Z
2026-10-02;Dieta Ketogeniczna;610;1500;Dieta Ketogeniczna;Kolacja;27;Skrzydełka z kurczaka, dip serowy z jalapeno, colesław, natka pietruszki;466;30.04;35.84;5.99;2.09;1.84;0.76;7.84;ciepło/zimno;2026-09-29T13:53:32.978Z
2026-10-02;Dieta Light;612;1500;Dieta Light;Śniadanie;28;Ryżanka brzoskwiniowa, mus czekoladowy, orzechy arachidowe;263;10.27;3.95;45.12;1.49;22.86;0.11;2.02;ciepło/zimno;2026-09-29T13:53:32.978Z
2026-10-02;Dieta Light;612;1500;Dieta Light;II śniadanie;29;Kanapka ze schabem, smarowidło koperkowe, bułeczka dyniowa, warzywa;299;29.22;10.22;22.85;0.75;4.43;0.59;3.65;na zimno;2026-09-29T13:53:32.978Z
2026-10-02;Dieta Light;612;1500;Dieta Light;Obiad;30;Bitki z kurczaka w sosie szpinakowym, kasza jęczmienna, marchewka baby z tymiankiem;410;30.65;17.12;33.31;6.75;3.66;0.67;5.98;na ciepło;2026-09-29T13:53:32.978Z
2026-10-02;Dieta Light;612;1500;Dieta Light;Podwieczorek;31;Drożdżówka z ricottą i porzeczkami;302;8.23;12.14;39.48;2.71;14.74;0.23;6.8;na zimno;2026-09-29T13:53:32.978Z
2026-10-02;Dieta Light;612;1500;Dieta Light;Kolacja;32;Pasztet z indyka z czarnuszką, dip pietruszkowy, pomidorki, chleb graham;263;12.32;11.8;26.84;3.89;3.82;0.95;4.24;na zimno;2026-09-29T13:53:32.978Z
2026-10-02;Dieta Low Carb & IG;628;1200;Dieta Low Carb & IG;Śniadanie;33;Jaja na twardo z sosem tatarskim, chleb jasny keto, pomidorki;243;13.56;17.86;5.69;4.02;3.81;0.92;3.78;na zimno;2026-09-29T13:53:32.978Z
2026-10-02;Dieta Low Carb & IG;628;1200;Dieta Low Carb & IG;II śniadanie;34;Wiśniowy jogurt grecki z chia, granola kokosowa, kiwi;228;4.79;16.1;20.93;3.23;6.26;0.12;10.36;na zimno;2026-09-29T13:53:32.978Z
2026-10-02;Dieta Low Carb & IG;628;1200;Dieta Low Carb & IG;Obiad;35;Gulasz węgierski z łopatką wieprzową, pieczony batat, surówka z białej kapusty z koperkiem;398;17.62;22.96;24.82;6.85;6.34;1.05;6.6;na ciepło;2026-09-29T13:53:32.978Z
2026-10-02;Dieta Low Carb & IG;628;1200;Dieta Low Carb & IG;Podwieczorek;36;Twarożek z czarnuszką, polędwica dojrzewająca, bułeczka grahamka, ogórek;237;12.45;11.77;19.67;2.11;2.96;0.77;2.84;na zimno;2026-09-29T13:53:32.978Z
2026-10-02;Dieta Low Carb & IG;628;1200;Dieta Low Carb & IG;Kolacja;37;Placuszki z kalafiora, cukinii, płatków migdałowych i sera, dip pomidorowy;182;12.07;11.66;7.06;3.49;2.13;0.66;4.93;na ciepło;2026-09-29T13:53:32.978Z
2026-10-02;Dieta START;634;1500;Dieta START;Śniadanie;28;Ryżanka brzoskwiniowa, mus czekoladowy, orzechy arachidowe;437;17.13;9.17;69.23;2.76;34.93;0.16;3.47;ciepło/zimno;2026-09-29T13:53:32.978Z
2026-10-02;Dieta START;634;1500;Dieta START;Obiad;30;Bitki z kurczaka w sosie szpinakowym, kasza jęczmienna, marchewka baby z tymiankiem;523;42;20.46;42.9;7.71;3.87;0.77;6.35;na ciepło;2026-09-29T13:53:32.978Z
2026-10-02;Dieta START;634;1500;Dieta START;Kolacja;5;Quesadilla z szarpaną wieprzowiną, warzywami i serem, dip pomidorowy z ziołami;553;28.45;25.71;52.01;4.4;9.96;2.48;7.44;ciepło/zimno;2026-09-29T13:53:32.978Z
2026-10-02;Dieta Standard;583;1200;Dieta Standard;Śniadanie;6;Naleśnik z twarożkiem jagodowym i pomarańczą;197;9.57;3.95;29.8;2.46;13.47;0.13;1.19;ciepło/zimno;2026-09-29T13:53:32.978Z
2026-10-02;Dieta Standard;583;1200;Dieta Standard;II śniadanie;7;Krem z białych warzyw z grzankami ziołowymi;286;5.76;20.39;19.67;3.98;5.19;1.13;10.28;na ciepło;2026-09-29T13:53:32.978Z
2026-10-02;Dieta Standard;583;1200;Dieta Standard;Obiad;8;Mintaj w panierce, puree ziemniaczane, surówka z kapusty i papryki z kukurydzą;317;18.88;14.61;27.16;4.08;3.34;0.97;6.05;na ciepło;2026-09-29T13:53:32.978Z
2026-10-02;Dieta Standard;583;1200;Dieta Standard;Podwieczorek;38;Torcik black red white;231;3.82;10.84;30.6;1.08;11.9;0.33;4.74;na zimno;2026-09-29T13:53:32.978Z
2026-10-02;Dieta Standard;583;1200;Dieta Standard;Kolacja;39;Sałatka z indykiem, ciecierzycą, pomidorkami i winegretem;240;17.56;12.65;13.63;3.01;4.78;0.48;1.44;na zimno;2026-09-29T13:53:32.978Z
2026-10-02;Dieta Śródziemnomorska;630;1200;Dieta Śródziemnomorska;Śniadanie;40;Gofr, twarożek słony karmel, konfitura malinowa;252;17.72;9.7;24.8;2.95;8.18;0.54;1.84;na zimno;2026-09-29T13:53:32.978Z
2026-10-02;Dieta Śródziemnomorska;630;1200;Dieta Śródziemnomorska;II śniadanie;41;Sałatka z brokułem, serem typu bałkańskiego, cebulą czerwoną, pomidorkami koktajlowymi i pestkami dyni, dip czosnkowy;167;10.18;10.43;7.98;2.29;3.41;1.12;3.17;na zimno;2026-09-29T13:53:32.978Z
2026-10-02;Dieta Śródziemnomorska;630;1200;Dieta Śródziemnomorska;Obiad;1349;Makaron ryżowy w kokosowym sosie curry z warzywami, krewetkami i sezamem;381;14.24;19.43;37.22;2.37;4.22;2.32;10.85;na ciepło;2026-09-30T19:54:27Z
2026-10-02;Dieta Śródziemnomorska;630;1200;Dieta Śródziemnomorska;Podwieczorek;43;Tapioka Sago Thai;223;5.18;11.94;26.45;0.17;3.54;0.06;10.34;na zimno;2026-09-29T13:53:32.978Z
2026-10-02;Dieta Śródziemnomorska;630;1200;Dieta Śródziemnomorska;Kolacja;44;Smalczyk z ciecierzycy ze śliwką , bułka fit, ogórek kiszony;250;7.68;10.05;32.11;3.05;5.46;1.38;0.77;na zimno;2026-09-29T13:53:32.978Z
2026-10-02;Wybór menu / BASIC;614;2000;BASIC;Śniadanie;6;Naleśnik z twarożkiem jagodowym i pomarańczą;367.87;18.59;7.79;53.97;3.79;21.55;0.26;2.39;ciepło/zimno;2026-09-29T13:53:32.978Z
2026-10-02;Wybór menu / BASIC;614;2000;Dieta Active Pro;Śniadanie;1;Pieczony filet z indyka z chlebem słonecznikowym, twarożek ziołowy, papryka;372.27;40.03;7.32;36.63;4.58;4.14;1.07;0.89;na zimno;2026-09-29T13:53:32.978Z
2026-10-02;Wybór menu / BASIC;614;2000;Dieta Light;Śniadanie;28;Ryżanka brzoskwiniowa, mus czekoladowy, orzechy arachidowe;377.81;14.94;7.49;60.73;2.34;30.72;0.14;2.99;ciepło/zimno;2026-09-29T13:53:32.978Z
2026-10-02;Wybór menu / BASIC;614;2000;BASIC;II śniadanie;7;Krem z białych warzyw z grzankami ziołowymi;325.19;7.06;21.09;26.37;4.37;5.67;1.28;10.37;na ciepło;2026-09-29T13:53:32.978Z
2026-10-02;Wybór menu / BASIC;614;2000;Dieta Active Pro;II śniadanie;2;Owoce leśne - shake proteinowy;187.58;14.22;3.86;22.74;4.11;16.81;0.26;2.37;na zimno;2026-09-29T13:53:32.978Z
2026-10-02;Wybór menu / BASIC;614;2000;Dieta Light;II śniadanie;29;Kanapka ze schabem, smarowidło koperkowe, bułeczka dyniowa, warzywa;413.72;39.93;14.16;31.91;0.84;5.69;0.82;5;na zimno;2026-09-29T13:53:32.978Z
2026-10-02;Wybór menu / BASIC;614;2000;BASIC;Obiad;8;Mintaj w panierce, puree ziemniaczane, surówka z kapusty i papryki z kukurydzą;484.5;30.26;22.34;40;4.97;4.31;1.48;9.93;na ciepło;2026-09-29T13:53:32.978Z
2026-10-02;Wybór menu / BASIC;614;2000;Dieta Active Pro;Obiad;3;Pierogi z mięsem drobiowym z natką pietruszki i dipem chrzanowym;484.74;31.67;16.52;51.48;2.73;2.74;0.86;2.37;na ciepło;2026-09-29T13:53:32.978Z
2026-10-02;Wybór menu / BASIC;614;2000;Dieta Light;Obiad;30;Bitki z kurczaka w sosie szpinakowym, kasza jęczmienna, marchewka baby z tymiankiem;490.11;38.61;19.48;40.16;7.43;3.81;0.74;6.24;na ciepło;2026-09-29T13:53:32.978Z
2026-10-02;Wybór menu / BASIC;614;2000;BASIC;Podwieczorek;38;Torcik black red white;346.34;5.73;16.26;45.91;1.61;17.85;0.5;7.11;na zimno;2026-09-29T13:53:32.978Z
2026-10-02;Wybór menu / BASIC;614;2000;Dieta Active Pro;Podwieczorek;4;Batonik owsiany z czekoladą;337.95;10.44;18.34;32.8;3.07;19.14;0.22;4.28;na zimno;2026-09-29T13:53:32.978Z
2026-10-02;Wybór menu / BASIC;614;2000;Dieta Light;Podwieczorek;31;Drożdżówka z ricottą i porzeczkami;302.14;8.23;12.14;39.48;2.71;14.74;0.23;6.8;na zimno;2026-09-29T13:53:32.978Z
2026-10-02;Wybór menu / BASIC;614;2000;BASIC;Kolacja;39;Sałatka z indykiem, ciecierzycą, pomidorkami i winegretem;412.47;32.73;21.51;21.5;4.94;7.55;0.84;2.47;na zimno;2026-09-29T13:53:32.978Z
2026-10-02;Wybór menu / BASIC;614;2000;Dieta Active Pro;Kolacja;5;Quesadilla z szarpaną wieprzowiną, warzywami i serem, dip pomidorowy z ziołami;552.65;28.45;25.71;52.01;4.4;9.96;2.48;7.44;ciepło/zimno;2026-09-29T13:53:32.978Z
2026-10-02;Wybór menu / BASIC;614;2000;Dieta Light;Kolacja;32;Pasztet z indyka z czarnuszką, dip pietruszkowy, pomidorki, chleb graham;394.28;18.39;17.96;39.73;5.48;5.18;1.43;6.46;na zimno;2026-09-29T13:53:32.978Z
2026-10-02;Wybór menu / COMFORT;614;2000;COMFORT;Śniadanie;6;Naleśnik z twarożkiem jagodowym i pomarańczą;367.87;18.59;7.79;53.97;3.79;21.55;0.26;2.39;ciepło/zimno;2026-09-29T13:53:32.978Z
2026-10-02;Wybór menu / COMFORT;614;2000;Dieta Active Pro;Śniadanie;1;Pieczony filet z indyka z chlebem słonecznikowym, twarożek ziołowy, papryka;372.27;40.03;7.32;36.63;4.58;4.14;1.07;0.89;na zimno;2026-09-29T13:53:32.978Z
2026-10-02;Wybór menu / COMFORT;614;2000;Dieta Fish Low Carb & IG;Śniadanie;9;Pieczywo keto, twarożek z rzodkiewką i koperkiem, kalarepa;273.82;13.56;16.88;14.37;6.91;4.39;0.25;5.69;na zimno;2026-09-29T13:53:32.978Z
2026-10-02;Wybór menu / COMFORT;614;2000;Dieta Light;Śniadanie;28;Ryżanka brzoskwiniowa, mus czekoladowy, orzechy arachidowe;377.81;14.94;7.49;60.73;2.34;30.72;0.14;2.99;ciepło/zimno;2026-09-29T13:53:32.978Z
2026-10-02;Wybór menu / COMFORT;614;2000;Dieta Low Carb & IG;Śniadanie;33;Jaja na twardo z sosem tatarskim, chleb jasny keto, pomidorki;350.81;19.21;26.36;7.41;5.08;4.78;1.34;5.72;na zimno;2026-09-29T13:53:32.978Z
2026-10-02;Wybór menu / COMFORT;614;2000;COMFORT;II śniadanie;7;Krem z białych warzyw z grzankami ziołowymi;325.19;7.06;21.09;26.37;4.37;5.67;1.28;10.37;na ciepło;2026-09-29T13:53:32.978Z
2026-10-02;Wybór menu / COMFORT;614;2000;Dieta Active Pro;II śniadanie;2;Owoce leśne - shake proteinowy;187.58;14.22;3.86;22.74;4.11;16.81;0.26;2.37;na zimno;2026-09-29T13:53:32.978Z
2026-10-02;Wybór menu / COMFORT;614;2000;Dieta Fish Low Carb & IG;II śniadanie;10;Orientalne pierogi z mięsem roślinnym na mące orkiszowej i graham, kwaśna śmietana pietruszkowa;406.79;19.31;16.53;43.37;6.59;2.52;0.85;3.55;na ciepło;2026-09-29T13:53:32.978Z
2026-10-02;Wybór menu / COMFORT;614;2000;Dieta Light;II śniadanie;29;Kanapka ze schabem, smarowidło koperkowe, bułeczka dyniowa, warzywa;413.72;39.93;14.16;31.91;0.84;5.69;0.82;5;na zimno;2026-09-29T13:53:32.978Z
2026-10-02;Wybór menu / COMFORT;614;2000;Dieta Low Carb & IG;II śniadanie;34;Wiśniowy jogurt grecki z chia, granola kokosowa, kiwi;415.26;8.78;30.87;35.44;5.47;11.51;0.24;20.01;na zimno;2026-09-29T13:53:32.978Z
2026-10-02;Wybór menu / COMFORT;614;2000;COMFORT;Obiad;8;Mintaj w panierce, puree ziemniaczane, surówka z kapusty i papryki z kukurydzą;484.5;30.26;22.34;40;4.97;4.31;1.48;9.93;na ciepło;2026-09-29T13:53:32.978Z
2026-10-02;Wybór menu / COMFORT;614;2000;Dieta Active Pro;Obiad;3;Pierogi z mięsem drobiowym z natką pietruszki i dipem chrzanowym;484.74;31.67;16.52;51.48;2.73;2.74;0.86;2.37;na ciepło;2026-09-29T13:53:32.978Z
2026-10-02;Wybór menu / COMFORT;614;2000;Dieta Fish Low Carb & IG;Obiad;11;Sandacz z sosem mango z chilli z ryżem basmati i fasolką szparagową;510.56;45.85;14.92;48.01;6.02;4.93;0.63;5.21;na ciepło;2026-09-29T13:53:32.978Z
2026-10-02;Wybór menu / COMFORT;614;2000;Dieta Light;Obiad;30;Bitki z kurczaka w sosie szpinakowym, kasza jęczmienna, marchewka baby z tymiankiem;490.11;38.61;19.48;40.16;7.43;3.81;0.74;6.24;na ciepło;2026-09-29T13:53:32.978Z
2026-10-02;Wybór menu / COMFORT;614;2000;Dieta Low Carb & IG;Obiad;35;Gulasz węgierski z łopatką wieprzową, pieczony batat, surówka z białej kapusty z koperkiem;629.81;28.92;35.54;39.56;10.13;10.7;1.65;10.92;na ciepło;2026-09-29T13:53:32.978Z
2026-10-02;Wybór menu / COMFORT;614;2000;COMFORT;Podwieczorek;38;Torcik black red white;346.34;5.73;16.26;45.91;1.61;17.85;0.5;7.11;na zimno;2026-09-29T13:53:32.978Z
2026-10-02;Wybór menu / COMFORT;614;2000;Dieta Active Pro;Podwieczorek;4;Batonik owsiany z czekoladą;337.95;10.44;18.34;32.8;3.07;19.14;0.22;4.28;na zimno;2026-09-29T13:53:32.978Z
2026-10-02;Wybór menu / COMFORT;614;2000;Dieta Fish Low Carb & IG;Podwieczorek;12;Sernik na spodzie owsiano-migdałowym;369.64;11.83;32.34;7.37;2.06;3.36;0.2;17;na zimno;2026-09-29T13:53:32.978Z
2026-10-02;Wybór menu / COMFORT;614;2000;Dieta Light;Podwieczorek;31;Drożdżówka z ricottą i porzeczkami;302.14;8.23;12.14;39.48;2.71;14.74;0.23;6.8;na zimno;2026-09-29T13:53:32.978Z
2026-10-02;Wybór menu / COMFORT;614;2000;Dieta Low Carb & IG;Podwieczorek;36;Twarożek z czarnuszką, polędwica dojrzewająca, bułeczka grahamka, ogórek;406.65;22.06;22.17;28.76;3.17;4.66;1.26;5.6;na zimno;2026-09-29T13:53:32.978Z
2026-10-02;Wybór menu / COMFORT;614;2000;COMFORT;Kolacja;39;Sałatka z indykiem, ciecierzycą, pomidorkami i winegretem;412.47;32.73;21.51;21.5;4.94;7.55;0.84;2.47;na zimno;2026-09-29T13:53:32.978Z
2026-10-02;Wybór menu / COMFORT;614;2000;Dieta Active Pro;Kolacja;5;Quesadilla z szarpaną wieprzowiną, warzywami i serem, dip pomidorowy z ziołami;552.65;28.45;25.71;52.01;4.4;9.96;2.48;7.44;ciepło/zimno;2026-09-29T13:53:32.978Z
2026-10-02;Wybór menu / COMFORT;614;2000;Dieta Fish Low Carb & IG;Kolacja;13;Sałatka z falafelem, batatem, pomidorkami i edamame, dressing orzechowy;399.34;14.53;24.26;31.58;8.48;6.57;0.98;2.44;na zimno;2026-09-29T13:53:32.978Z
2026-10-02;Wybór menu / COMFORT;614;2000;Dieta Light;Kolacja;32;Pasztet z indyka z czarnuszką, dip pietruszkowy, pomidorki, chleb graham;394.28;18.39;17.96;39.73;5.48;5.18;1.43;6.46;na zimno;2026-09-29T13:53:32.978Z
2026-10-02;Wybór menu / COMFORT;614;2000;Dieta Low Carb & IG;Kolacja;37;Placuszki z kalafiora, cukinii, płatków migdałowych i sera, dip pomidorowy;345.98;22.82;22.55;12.69;5.89;3.97;1.24;9.77;na ciepło;2026-09-29T13:53:32.978Z
2026-10-02;Wybór menu / KETO FUSION;614;2000;Dieta Ketogeniczna;Śniadanie;24;Jaja na twardo z sosem tatarskim, chleb keto, pomidorki w pesto;395.86;18.26;32.5;5.98;4.82;3.28;1.35;5.17;na zimno;2026-09-29T13:53:32.978Z
2026-10-02;Wybór menu / KETO FUSION;614;2000;Dieta Śródziemnomorska Keto;Śniadanie;45;Pieczywo keto, twarożek z rzodkiewką i koperkiem, ogórek z winegretem;622.99;11.68;56.02;14.33;9.17;6.11;0.67;8.49;na zimno;2026-09-29T13:53:32.978Z
2026-10-02;Wybór menu / KETO FUSION;614;2000;Dieta Ketogeniczna;Obiad;25;Stek ze schabu, masło ziołowe, puree kalafiorowe z gorczycą, surówka z tartej kalarepy z majonezem ziołowym;541;33.03;41.3;9.39;4.06;3.35;0.53;20.87;na ciepło;2026-09-29T13:53:32.978Z
2026-10-02;Wybór menu / KETO FUSION;614;2000;Dieta Śródziemnomorska Keto;Obiad;46;Morszczuk w sosie queso jalapeno, grillowane pieczarki, puree sezamowe;478.29;34.41;34.06;7.98;5.29;5.51;2.01;14.29;na ciepło;2026-09-29T13:53:32.978Z
2026-10-02;Wybór menu / KETO FUSION;614;2000;Dieta Ketogeniczna;Podwieczorek;26;Twarożek szczypiorkowy z prażonym bekonem, oliwki, pieczywo keto;439.94;23.13;33.73;7.35;7.76;3.01;2.31;9.6;na zimno;2026-09-29T13:53:32.978Z
2026-10-02;Wybór menu / KETO FUSION;614;2000;Dieta Śródziemnomorska Keto;Podwieczorek;47;Tarta z truskawkami;453.42;8.81;43.4;7.04;6.76;5.33;0.13;24.15;na zimno;2026-09-29T13:53:32.978Z
2026-10-02;Wybór menu / KETO FUSION;614;2000;Dieta Ketogeniczna;Kolacja;27;Skrzydełka z kurczaka, dip serowy z jalapeno, colesław, natka pietruszki;625.45;39.89;48.7;7.19;2.19;2.79;1.02;10.91;ciepło/zimno;2026-09-29T13:53:32.978Z
2026-10-02;Wybór menu / KETO FUSION;614;2000;Dieta Śródziemnomorska Keto;Kolacja;48;Sałatka z indykiem curry, serem bałkańskim, brokułem, pomidorkami i orzechami, winegret z oliwą z oliwek;567.72;29.91;45.75;9.2;3.2;3.45;1.86;8.21;na zimno;2026-09-29T13:53:32.978Z
2026-10-02;Wybór menu / LADIES VIBES;614;2000;BASIC;Śniadanie;6;Naleśnik z twarożkiem jagodowym i pomarańczą;367.87;18.59;7.79;53.97;3.79;21.55;0.26;2.39;ciepło/zimno;2026-09-29T13:53:32.978Z
2026-10-02;Wybór menu / LADIES VIBES;614;2000;Dieta Active Pro;Śniadanie;1;Pieczony filet z indyka z chlebem słonecznikowym, twarożek ziołowy, papryka;372.27;40.03;7.32;36.63;4.58;4.14;1.07;0.89;na zimno;2026-09-29T13:53:32.978Z
2026-10-02;Wybór menu / LADIES VIBES;614;2000;Dieta Light;Śniadanie;28;Ryżanka brzoskwiniowa, mus czekoladowy, orzechy arachidowe;377.81;14.94;7.49;60.73;2.34;30.72;0.14;2.99;ciepło/zimno;2026-09-29T13:53:32.978Z
2026-10-02;Wybór menu / LADIES VIBES;614;2000;BASIC;II śniadanie;7;Krem z białych warzyw z grzankami ziołowymi;325.19;7.06;21.09;26.37;4.37;5.67;1.28;10.37;na ciepło;2026-09-29T13:53:32.978Z
2026-10-02;Wybór menu / LADIES VIBES;614;2000;Dieta Active Pro;II śniadanie;2;Owoce leśne - shake proteinowy;187.58;14.22;3.86;22.74;4.11;16.81;0.26;2.37;na zimno;2026-09-29T13:53:32.978Z
2026-10-02;Wybór menu / LADIES VIBES;614;2000;Dieta Light;II śniadanie;29;Kanapka ze schabem, smarowidło koperkowe, bułeczka dyniowa, warzywa;413.72;39.93;14.16;31.91;0.84;5.69;0.82;5;na zimno;2026-09-29T13:53:32.978Z
2026-10-02;Wybór menu / LADIES VIBES;614;2000;BASIC;Obiad;8;Mintaj w panierce, puree ziemniaczane, surówka z kapusty i papryki z kukurydzą;484.5;30.26;22.34;40;4.97;4.31;1.48;9.93;na ciepło;2026-09-29T13:53:32.978Z
2026-10-02;Wybór menu / LADIES VIBES;614;2000;Dieta Active Pro;Obiad;3;Pierogi z mięsem drobiowym z natką pietruszki i dipem chrzanowym;484.74;31.67;16.52;51.48;2.73;2.74;0.86;2.37;na ciepło;2026-09-29T13:53:32.978Z
2026-10-02;Wybór menu / LADIES VIBES;614;2000;Dieta Light;Obiad;30;Bitki z kurczaka w sosie szpinakowym, kasza jęczmienna, marchewka baby z tymiankiem;490.11;38.61;19.48;40.16;7.43;3.81;0.74;6.24;na ciepło;2026-09-29T13:53:32.978Z
2026-10-02;Wybór menu / LADIES VIBES;614;2000;BASIC;Podwieczorek;38;Torcik black red white;346.34;5.73;16.26;45.91;1.61;17.85;0.5;7.11;na zimno;2026-09-29T13:53:32.978Z
2026-10-02;Wybór menu / LADIES VIBES;614;2000;Dieta Active Pro;Podwieczorek;4;Batonik owsiany z czekoladą;337.95;10.44;18.34;32.8;3.07;19.14;0.22;4.28;na zimno;2026-09-29T13:53:32.978Z
2026-10-02;Wybór menu / LADIES VIBES;614;2000;Dieta Light;Podwieczorek;31;Drożdżówka z ricottą i porzeczkami;302.14;8.23;12.14;39.48;2.71;14.74;0.23;6.8;na zimno;2026-09-29T13:53:32.978Z
2026-10-02;Wybór menu / LADIES VIBES;614;2000;BASIC;Kolacja;39;Sałatka z indykiem, ciecierzycą, pomidorkami i winegretem;412.47;32.73;21.51;21.5;4.94;7.55;0.84;2.47;na zimno;2026-09-29T13:53:32.978Z
2026-10-02;Wybór menu / LADIES VIBES;614;2000;Dieta Active Pro;Kolacja;5;Quesadilla z szarpaną wieprzowiną, warzywami i serem, dip pomidorowy z ziołami;552.65;28.45;25.71;52.01;4.4;9.96;2.48;7.44;ciepło/zimno;2026-09-29T13:53:32.978Z
2026-10-02;Wybór menu / LADIES VIBES;614;2000;Dieta Light;Kolacja;32;Pasztet z indyka z czarnuszką, dip pietruszkowy, pomidorki, chleb graham;394.28;18.39;17.96;39.73;5.48;5.18;1.43;6.46;na zimno;2026-09-29T13:53:32.978Z
2026-10-02;Wybór menu / SUPREME;614;2000;Dieta Active Pro;Śniadanie;1;Pieczony filet z indyka z chlebem słonecznikowym, twarożek ziołowy, papryka;372.27;40.03;7.32;36.63;4.58;4.14;1.07;0.89;na zimno;2026-09-29T13:53:32.978Z
2026-10-02;Wybór menu / SUPREME;614;2000;Dieta Fish Low Carb & IG;Śniadanie;9;Pieczywo keto, twarożek z rzodkiewką i koperkiem, kalarepa;273.82;13.56;16.88;14.37;6.91;4.39;0.25;5.69;na zimno;2026-09-29T13:53:32.978Z
2026-10-02;Wybór menu / SUPREME;614;2000;Dieta Kuchnie Świata;Śniadanie;49;Jogurt grecki z makiem i miodem, konfitura jagodowa, granola orzechowa;501.59;12.83;24.6;54.51;3.86;34.94;0.39;11.23;na zimno;2026-09-29T13:53:32.978Z
2026-10-02;Wybór menu / SUPREME;614;2000;Dieta Light;Śniadanie;28;Ryżanka brzoskwiniowa, mus czekoladowy, orzechy arachidowe;377.81;14.94;7.49;60.73;2.34;30.72;0.14;2.99;ciepło/zimno;2026-09-29T13:53:32.978Z
2026-10-02;Wybór menu / SUPREME;614;2000;Dieta Low Carb & IG;Śniadanie;33;Jaja na twardo z sosem tatarskim, chleb jasny keto, pomidorki;350.81;19.21;26.36;7.41;5.08;4.78;1.34;5.72;na zimno;2026-09-29T13:53:32.978Z
2026-10-02;Wybór menu / SUPREME;614;2000;Dieta Top Taste;Śniadanie;50;Kanapka z pastą jajeczną z serem cheddar i szczypiorkiem, pomidorki;362.72;19.14;17.85;30.54;2.5;2.93;1.42;3.85;na zimno;2026-09-29T13:53:32.978Z
2026-10-02;Wybór menu / SUPREME;614;2000;Dieta Śródziemnomorska;Śniadanie;40;Gofr, twarożek słony karmel, konfitura malinowa;301.48;24.74;10.12;29.53;2.95;12.21;0.63;2.09;na zimno;2026-09-29T13:53:32.978Z
2026-10-02;Wybór menu / SUPREME;614;2000;SUPREME;Śniadanie;6;Naleśnik z twarożkiem jagodowym i pomarańczą;367.87;18.59;7.79;53.97;3.79;21.55;0.26;2.39;ciepło/zimno;2026-09-29T13:53:32.978Z
2026-10-02;Wybór menu / SUPREME;614;2000;Dieta Active Pro;II śniadanie;2;Owoce leśne - shake proteinowy;187.58;14.22;3.86;22.74;4.11;16.81;0.26;2.37;na zimno;2026-09-29T13:53:32.978Z
2026-10-02;Wybór menu / SUPREME;614;2000;Dieta Fish Low Carb & IG;II śniadanie;10;Orientalne pierogi z mięsem roślinnym na mące orkiszowej i graham, kwaśna śmietana pietruszkowa;406.79;19.31;16.53;43.37;6.59;2.52;0.85;3.55;na ciepło;2026-09-29T13:53:32.978Z
2026-10-02;Wybór menu / SUPREME;614;2000;Dieta Kuchnie Świata;II śniadanie;51;Włoski krem pomidorowy z grzankami ziołowymi;241.41;6.56;11.19;27.96;3.44;6.37;1.55;3.94;na ciepło;2026-09-29T13:53:32.978Z
2026-10-02;Wybór menu / SUPREME;614;2000;Dieta Light;II śniadanie;29;Kanapka ze schabem, smarowidło koperkowe, bułeczka dyniowa, warzywa;413.72;39.93;14.16;31.91;0.84;5.69;0.82;5;na zimno;2026-09-29T13:53:32.978Z
2026-10-02;Wybór menu / SUPREME;614;2000;Dieta Low Carb & IG;II śniadanie;34;Wiśniowy jogurt grecki z chia, granola kokosowa, kiwi;415.26;8.78;30.87;35.44;5.47;11.51;0.24;20.01;na zimno;2026-09-29T13:53:32.978Z
2026-10-02;Wybór menu / SUPREME;614;2000;Dieta Top Taste;II śniadanie;52;Naleśnik z twarożkiem słony karmel, świeży ananas;358.86;19.76;9.02;49.87;1.68;30.17;0.32;2.03;ciepło/zimno;2026-09-29T13:53:32.978Z
2026-10-02;Wybór menu / SUPREME;614;2000;Dieta Śródziemnomorska;II śniadanie;41;Sałatka z brokułem, serem typu bałkańskiego, cebulą czerwoną, pomidorkami koktajlowymi i pestkami dyni, dip czosnkowy;256.44;15.36;16.75;10.88;2.72;5.41;1.83;5.22;na zimno;2026-09-29T13:53:32.978Z
2026-10-02;Wybór menu / SUPREME;614;2000;SUPREME;II śniadanie;7;Krem z białych warzyw z grzankami ziołowymi;325.19;7.06;21.09;26.37;4.37;5.67;1.28;10.37;na ciepło;2026-09-29T13:53:32.978Z
2026-10-02;Wybór menu / SUPREME;614;2000;Dieta Active Pro;Obiad;3;Pierogi z mięsem drobiowym z natką pietruszki i dipem chrzanowym;484.74;31.67;16.52;51.48;2.73;2.74;0.86;2.37;na ciepło;2026-09-29T13:53:32.978Z
2026-10-02;Wybór menu / SUPREME;614;2000;Dieta Fish Low Carb & IG;Obiad;11;Sandacz z sosem mango z chilli z ryżem basmati i fasolką szparagową;510.56;45.85;14.92;48.01;6.02;4.93;0.63;5.21;na ciepło;2026-09-29T13:53:32.978Z
2026-10-02;Wybór menu / SUPREME;614;2000;Dieta Kuchnie Świata;Obiad;53;Tagine z kurczakiem, soczewicą i suszonymi morelami, ryż basmati, surówka z białej kapusty;552.08;43.58;14.91;60.89;8.08;8.74;0.88;1.49;na ciepło;2026-09-29T13:53:32.978Z
2026-10-02;Wybór menu / SUPREME;614;2000;Dieta Light;Obiad;30;Bitki z kurczaka w sosie szpinakowym, kasza jęczmienna, marchewka baby z tymiankiem;490.11;38.61;19.48;40.16;7.43;3.81;0.74;6.24;na ciepło;2026-09-29T13:53:32.978Z
2026-10-02;Wybór menu / SUPREME;614;2000;Dieta Low Carb & IG;Obiad;35;Gulasz węgierski z łopatką wieprzową, pieczony batat, surówka z białej kapusty z koperkiem;629.81;28.92;35.54;39.56;10.13;10.7;1.65;10.92;na ciepło;2026-09-29T13:53:32.978Z
2026-10-02;Wybór menu / SUPREME;614;2000;Dieta Top Taste;Obiad;54;Kotlet schabowy, puree ziemniaczane, kiszona kapusta z jabłkiem;496.2;36.29;14.64;54.51;5.38;7.03;1.33;4.79;na ciepło;2026-09-29T13:53:32.978Z
2026-10-02;Wybór menu / SUPREME;614;2000;Dieta Śródziemnomorska;Obiad;42;Makaron ryżowy w kokosowym sosie curry z warzywami, krewetkami, sezamem i kolendrą;652.67;27.05;32.79;62.27;4;7.05;4.29;18.11;na ciepło;2026-09-29T13:53:32.978Z
2026-10-02;Wybór menu / SUPREME;614;2000;SUPREME;Obiad;8;Mintaj w panierce, puree ziemniaczane, surówka z kapusty i papryki z kukurydzą;484.5;30.26;22.34;40;4.97;4.31;1.48;9.93;na ciepło;2026-09-29T13:53:32.978Z
2026-10-02;Wybór menu / SUPREME;614;2000;Dieta Active Pro;Podwieczorek;4;Batonik owsiany z czekoladą;337.95;10.44;18.34;32.8;3.07;19.14;0.22;4.28;na zimno;2026-09-29T13:53:32.978Z
2026-10-02;Wybór menu / SUPREME;614;2000;Dieta Fish Low Carb & IG;Podwieczorek;12;Sernik na spodzie owsiano-migdałowym;369.64;11.83;32.34;7.37;2.06;3.36;0.2;17;na zimno;2026-09-29T13:53:32.978Z
2026-10-02;Wybór menu / SUPREME;614;2000;Dieta Kuchnie Świata;Podwieczorek;55;Matcha Cheesecake z maliną liofilizowaną;286.5;5.4;18.91;23.25;0.2;14.79;0.38;11.14;na zimno;2026-09-29T13:53:32.978Z
2026-10-02;Wybór menu / SUPREME;614;2000;Dieta Light;Podwieczorek;31;Drożdżówka z ricottą i porzeczkami;302.14;8.23;12.14;39.48;2.71;14.74;0.23;6.8;na zimno;2026-09-29T13:53:32.978Z
2026-10-02;Wybór menu / SUPREME;614;2000;Dieta Low Carb & IG;Podwieczorek;36;Twarożek z czarnuszką, polędwica dojrzewająca, bułeczka grahamka, ogórek;406.65;22.06;22.17;28.76;3.17;4.66;1.26;5.6;na zimno;2026-09-29T13:53:32.978Z
2026-10-02;Wybór menu / SUPREME;614;2000;Dieta Top Taste;Podwieczorek;56;Czekoladowe ciasto z gruszką;290.76;4.76;15.77;31.45;1.8;19.03;0.72;2.5;na zimno;2026-09-29T13:53:32.978Z
2026-10-02;Wybór menu / SUPREME;614;2000;Dieta Śródziemnomorska;Podwieczorek;43;Tapioka Sago Thai;358.72;8.29;19.1;42.82;0.27;5.71;0.1;16.55;na zimno;2026-09-29T13:53:32.978Z
2026-10-02;Wybór menu / SUPREME;614;2000;SUPREME;Podwieczorek;38;Torcik black red white;346.34;5.73;16.26;45.91;1.61;17.85;0.5;7.11;na zimno;2026-09-29T13:53:32.978Z
2026-10-02;Wybór menu / SUPREME;614;2000;Dieta Active Pro;Kolacja;5;Quesadilla z szarpaną wieprzowiną, warzywami i serem, dip pomidorowy z ziołami;552.65;28.45;25.71;52.01;4.4;9.96;2.48;7.44;ciepło/zimno;2026-09-29T13:53:32.978Z
2026-10-02;Wybór menu / SUPREME;614;2000;Dieta Fish Low Carb & IG;Kolacja;13;Sałatka z falafelem, batatem, pomidorkami i edamame, dressing orzechowy;399.34;14.53;24.26;31.58;8.48;6.57;0.98;2.44;na zimno;2026-09-29T13:53:32.978Z
2026-10-02;Wybór menu / SUPREME;614;2000;Dieta Kuchnie Świata;Kolacja;57;Sałatka z pieczonymi ziemniakami, serem korycińskim, boczkiem, pomidorkami i czerwoną cebulą, dip musztardowo-miodowy;431.44;13.3;32.82;20.52;2.29;7.03;1.04;7.79;na zimno;2026-09-29T13:53:32.978Z
2026-10-02;Wybór menu / SUPREME;614;2000;Dieta Light;Kolacja;32;Pasztet z indyka z czarnuszką, dip pietruszkowy, pomidorki, chleb graham;394.28;18.39;17.96;39.73;5.48;5.18;1.43;6.46;na zimno;2026-09-29T13:53:32.978Z
2026-10-02;Wybór menu / SUPREME;614;2000;Dieta Low Carb & IG;Kolacja;37;Placuszki z kalafiora, cukinii, płatków migdałowych i sera, dip pomidorowy;345.98;22.82;22.55;12.69;5.89;3.97;1.24;9.77;na ciepło;2026-09-29T13:53:32.978Z
2026-10-02;Wybór menu / SUPREME;614;2000;Dieta Top Taste;Kolacja;58;Pierogi z mięsem, sos pieczarkowy, buraczki;492.4;22.94;16.24;61.81;5.41;11.33;1.2;4.21;na ciepło;2026-09-29T13:53:32.978Z
2026-10-02;Wybór menu / SUPREME;614;2000;Dieta Śródziemnomorska;Kolacja;44;Smalczyk z ciecierzycy ze śliwką , bułka fit, ogórek kiszony;408.2;12.06;17.54;50.29;5.26;9.03;1.85;1.28;na zimno;2026-09-29T13:53:32.978Z
2026-10-02;Wybór menu / SUPREME;614;2000;SUPREME;Kolacja;39;Sałatka z indykiem, ciecierzycą, pomidorkami i winegretem;412.47;32.73;21.51;21.5;4.94;7.55;0.84;2.47;na zimno;2026-09-29T13:53:32.978Z
2026-10-02;Wybór menu / TYPES OF VEGE;614;2000;Dieta Fish Low Carb & IG;Śniadanie;9;Pieczywo keto, twarożek z rzodkiewką i koperkiem, kalarepa;273.82;13.56;16.88;14.37;6.91;4.39;0.25;5.69;na zimno;2026-09-29T13:53:32.978Z
2026-10-02;Wybór menu / TYPES OF VEGE;614;2000;Dieta Wegańska;Śniadanie;59;Paszteciki z kapustą i grzybami z dipem czosnkowym i grillowanymi burakami;438.75;7.66;20.53;54.05;6.4;11.08;1.86;4.56;na zimno;2026-09-29T13:53:32.978Z
2026-10-02;Wybór menu / TYPES OF VEGE;614;2000;Dieta Wegetariańska;Śniadanie;40;Gofr, twarożek słony karmel, konfitura malinowa;527.1;26.02;26.84;47.61;5.35;14.99;0.99;4.21;ciepło/zimno;2026-09-29T13:53:32.978Z
2026-10-02;Wybór menu / TYPES OF VEGE;614;2000;Dieta Fish Low Carb & IG;II śniadanie;10;Orientalne pierogi z mięsem roślinnym na mące orkiszowej i graham, kwaśna śmietana pietruszkowa;406.79;19.31;16.53;43.37;6.59;2.52;0.85;3.55;na ciepło;2026-09-29T13:53:32.978Z
2026-10-02;Wybór menu / TYPES OF VEGE;614;2000;Dieta Wegańska;II śniadanie;60;Sałatka z czarną soczewicą, pomidorkami, batatem, ogórkiem i żurawiną, winegret orzechowy;342.46;13.06;15.19;38.34;7.3;8.42;0.46;1.25;na zimno;2026-09-29T13:53:32.978Z
2026-10-02;Wybór menu / TYPES OF VEGE;614;2000;Dieta Wegetariańska;II śniadanie;2;Owoce leśne - shake proteinowy;187.58;14.22;3.86;22.74;4.11;16.81;0.26;2.37;na zimno;2026-09-29T13:53:32.978Z
2026-10-02;Wybór menu / TYPES OF VEGE;614;2000;Dieta Fish Low Carb & IG;Obiad;11;Sandacz z sosem mango z chilli z ryżem basmati i fasolką szparagową;510.56;45.85;14.92;48.01;6.02;4.93;0.63;5.21;na ciepło;2026-09-29T13:53:32.978Z
2026-10-02;Wybór menu / TYPES OF VEGE;614;2000;Dieta Wegańska;Obiad;61;Gjuwecz z warzywami i kąskami sojowymi, kuskus perłowy z czarną soczewicą, natka pietruszki;475.43;29.47;9.54;65.18;10.79;10.49;2.24;0.9;na ciepło;2026-09-29T13:53:32.978Z
2026-10-02;Wybór menu / TYPES OF VEGE;614;2000;Dieta Wegetariańska;Obiad;62;Makaron ryżowy, tofu w sosie teriyaki z warzywami, sezam i kolendra;528.24;21.22;22.92;58.5;3.36;16.51;3.4;2.2;na ciepło;2026-09-29T13:53:32.978Z
2026-10-02;Wybór menu / TYPES OF VEGE;614;2000;Dieta Fish Low Carb & IG;Podwieczorek;12;Sernik na spodzie owsiano-migdałowym;369.64;11.83;32.34;7.37;2.06;3.36;0.2;17;na zimno;2026-09-29T13:53:32.978Z
2026-10-02;Wybór menu / TYPES OF VEGE;614;2000;Dieta Wegańska;Podwieczorek;63;Czekoladowy tofurnik;382.05;6.81;25.26;30.66;3.21;12.01;0.24;16.76;na zimno;2026-09-29T13:53:32.978Z
2026-10-02;Wybór menu / TYPES OF VEGE;614;2000;Dieta Wegetariańska;Podwieczorek;4;Batonik owsiany z czekoladą;405.58;12.53;22.01;39.36;3.69;22.97;0.26;5.14;na zimno;2026-09-29T13:53:32.978Z
2026-10-02;Wybór menu / TYPES OF VEGE;614;2000;Dieta Fish Low Carb & IG;Kolacja;13;Sałatka z falafelem, batatem, pomidorkami i edamame, dressing orzechowy;399.34;14.53;24.26;31.58;8.48;6.57;0.98;2.44;na zimno;2026-09-29T13:53:32.978Z
2026-10-02;Wybór menu / TYPES OF VEGE;614;2000;Dieta Wegańska;Kolacja;64;Tagliatelle w sosie śmietanowo-szpinakowym z suszonymi pomidorami i orzechami nerkowca;358.56;8.1;21.86;32.23;2.87;4.52;0.3;8.7;na ciepło;2026-09-29T13:53:32.978Z
2026-10-02;Wybór menu / TYPES OF VEGE;614;2000;Dieta Wegetariańska;Kolacja;65;Placuszki z kalafiora, cukinii, płatków migdałowych i sera, dip szczypiorkowy, papryka;402.63;22;27.74;16.02;4.11;5.23;1.43;10.72;ciepło/zimno;2026-09-29T13:53:32.978Z
2026-10-03;Dieta Active Pro;586;1200;Dieta Active Pro;Śniadanie;66;Pancakes brzoskwiniowe, twarożek waniliowy, konfitura z czarnej porzeczki;258;13.05;6.54;36.1;1.71;19.85;0.28;1.14;ciepło/zimno;2026-09-29T13:53:32.978Z
2026-10-03;Dieta Active Pro;586;1200;Dieta Active Pro;II śniadanie;67;Jajko na twardo z twarożkiem szczypiorkowym, chleb śniadaniowy, papryka;255;19.9;7.7;26.61;2.1;2.57;0.9;1.75;na zimno;2026-09-29T13:53:32.978Z
2026-10-03;Dieta Active Pro;586;1200;Dieta Active Pro;Obiad;68;Gołąbki bez zawijania w sosie pomidorowym, ziemniaki z wody, mizeria;321;17.11;13.91;31.76;3.26;5.79;0.59;6.31;na ciepło;2026-09-29T13:53:32.978Z
2026-10-03;Dieta Active Pro;586;1200;Dieta Active Pro;Podwieczorek;69;Ananasowy sernik na zimno na ciasteczkowym spodzie;122;6.86;4.81;13.39;0.41;6.39;0.11;1.35;na zimno;2026-09-29T13:53:32.978Z
2026-10-03;Dieta Active Pro;586;1200;Dieta Active Pro;Kolacja;70;Indyk po burgundzku z ryżem basmati i natką pietruszki;246;16.99;7.71;27.08;2.88;3.88;1.03;0.75;na ciepło;2026-09-29T13:53:32.978Z
2026-10-03;Dieta Ekonomiczna;587;1200;Dieta Ekonomiczna;Śniadanie;71;Hummus klasyczny, kiełbaski drobiowo-wieprzowe własnej produkcji, bułka żytnia, papryka;516;29.42;23.7;46.1;9.5;3.46;1.84;3.98;ciepło/zimno;2026-09-29T13:53:32.978Z
2026-10-03;Dieta Ekonomiczna;587;1200;Dieta Ekonomiczna;II śniadanie;72;Truskawkowy shake proteinowy;147;7.08;3.25;22.14;3.01;15.63;0.17;2.16;na zimno;2026-09-29T13:53:32.978Z
2026-10-03;Dieta Ekonomiczna;587;1200;Dieta Ekonomiczna;Obiad;73;Spaghetti all'arrabiata, mini mozzarella w pesto;572;23.54;25.52;61.61;4.67;11.12;1.58;10.08;na ciepło;2026-09-29T13:53:32.978Z
2026-10-03;Dieta Ekonomiczna Wege;605;1200;Dieta Ekonomiczna Wege;Śniadanie;74;Muffinki serowe ze szpinakiem i cebulą, dip cezar, pomidorki;395;21.11;27.03;16.4;2.21;6.73;1.1;8.12;ciepło/zimno;2026-09-29T13:53:32.978Z
2026-10-03;Dieta Ekonomiczna Wege;605;1200;Dieta Ekonomiczna Wege;II śniadanie;75;Malinowy shake proteinowy;177;9.29;5.43;22.13;2.15;15.88;0.31;3.4;na zimno;2026-09-29T13:53:32.978Z
2026-10-03;Dieta Ekonomiczna Wege;605;1200;Dieta Ekonomiczna Wege;Obiad;76;Wegetariańskie leczo z cukinią i tofu, ryż basmati z płatkami suszonego pomidora, prażone pestki dyni;519;23.89;23.12;53.12;5.08;4.97;1.95;2.66;na ciepło;2026-09-29T13:53:32.978Z
2026-10-03;Dieta Fish Low Carb & IG;631;1200;Dieta Fish Low Carb & IG;Śniadanie;74;Muffinki serowe ze szpinakiem i cebulą, dip cezar, pomidorki;259;14.11;17.45;11.24;1.71;4.86;0.7;5.31;ciepło/zimno;2026-09-29T13:53:32.978Z
2026-10-03;Dieta Fish Low Carb & IG;631;1200;Dieta Fish Low Carb & IG;II śniadanie;75;Malinowy shake proteinowy;177;9.29;5.43;22.13;2.15;15.88;0.31;3.4;na zimno;2026-09-29T13:53:32.978Z
2026-10-03;Dieta Fish Low Carb & IG;631;1200;Dieta Fish Low Carb & IG;Obiad;76;Wegetariańskie leczo z cukinią i tofu, ryż basmati z płatkami suszonego pomidora, prażone pestki dyni;308;14.16;13.73;31.53;3.03;2.98;1.16;1.58;na ciepło;2026-09-29T13:53:32.978Z
2026-10-03;Dieta Fish Low Carb & IG;631;1200;Dieta Fish Low Carb & IG;Podwieczorek;77;Sernik z musem jagodowym;193;4.69;17.05;6.79;0.65;2.28;0.08;10.39;na zimno;2026-09-29T13:53:32.978Z
2026-10-03;Dieta Fish Low Carb & IG;631;1200;Dieta Fish Low Carb & IG;Kolacja;78;Placki prowansalskie z pastą z pieczonym łososiem i koperkiem, ogórek;295;8.96;26.54;4.61;2.91;3.56;1.12;7.7;ciepło/zimno;2026-09-29T13:53:32.978Z
2026-10-03;Dieta Fodmap;617;1200;Dieta Fodmap;Śniadanie;79;Muffinki jajeczne z salami i papryką, dip ziołowy, marchewka;287;14.96;21.6;8.06;2.18;2.85;1.23;10.02;ciepło/zimno;2026-09-29T13:53:32.978Z
2026-10-03;Dieta Fodmap;617;1200;Dieta Fodmap;II śniadanie;80;Pudding chia ananasowy z konfiturą malinową, orzechy włoskie;203;7.69;8.68;22.67;3.85;19.8;0.16;3.13;na zimno;2026-09-29T13:53:32.978Z
2026-10-03;Dieta Fodmap;617;1200;Dieta Fodmap;Obiad;81;Miruna w jajku, pieczone ziemniaki z tymiankiem, mizeria z koperkiem;283;18.74;13.25;22.89;2.21;4.57;0.4;1.81;na ciepło;2026-09-29T13:53:32.978Z
2026-10-03;Dieta Fodmap;617;1200;Dieta Fodmap;Podwieczorek;82;Sernik z orzechami laskowymi i polewą żurawinową;207;7.33;12.57;16.05;0.65;6.99;0.21;3.62;na zimno;2026-09-29T13:53:32.978Z
2026-10-03;Dieta Fodmap;617;1200;Dieta Fodmap;Kolacja;83;Gofr wytrawny z twarożkiem ziołowym, pomidorki;286;11.06;18.43;18.81;1.12;4.13;0.57;4.13;ciepło/zimno;2026-09-29T13:53:32.978Z
2026-10-03;Dieta Hashi Low Gluten & Lactose;629;1200;Dieta Hashi Low Gluten & Lactose;Śniadanie;84;Kanapka z pastą jajeczną i ogórkiem;270;13.21;17.43;12.59;2.11;5.66;0.93;2.5;na zimno;2026-09-29T13:53:32.978Z
2026-10-03;Dieta Hashi Low Gluten & Lactose;629;1200;Dieta Hashi Low Gluten & Lactose;II śniadanie;85;Pudding chia mango z melonem i konfiturą z owoców egzotycznych;186;2.7;9.6;23.33;3.76;16.69;0.16;4.82;na zimno;2026-09-29T13:53:32.978Z
2026-10-03;Dieta Hashi Low Gluten & Lactose;629;1200;Dieta Hashi Low Gluten & Lactose;Obiad;86;Kotlety ziemniaczano-kalafiorowe w sosie pieczarkowym, frytki z batatów, surówka z białej kapusty z koperkiem;340;9.34;18.45;33.65;5.19;5.84;1.17;5.02;na ciepło;2026-09-29T13:53:32.978Z
2026-10-03;Dieta Hashi Low Gluten & Lactose;629;1200;Dieta Hashi Low Gluten & Lactose;Podwieczorek;87;Batonik orzechowy z polewą;188;3.95;12.25;15.09;0.9;9.45;0.27;5.29;na zimno;2026-09-29T13:53:32.978Z
2026-10-03;Dieta Hashi Low Gluten & Lactose;629;1200;Dieta Hashi Low Gluten & Lactose;Kolacja;88;Penne z kurczakiem w sosie paprykowym, oliwki;259;14.9;8.14;30.37;1.09;2.77;0.88;2.13;na ciepło;2026-09-29T13:53:32.978Z
2026-10-03;Dieta Ketogeniczna;610;1500;Dieta Ketogeniczna;Śniadanie;89;Naleśnik z pieczarkami i cebulką, ketchup z cukinii, ser holenderski;456;20.95;38.41;6.7;2.76;3.03;1.23;12.79;ciepło/zimno;2026-09-29T13:53:32.978Z
2026-10-03;Dieta Ketogeniczna;610;1500;Dieta Ketogeniczna;Obiad;90;Pulpety drobiowe w sosie koperkowym, ryż z brokuła, pomidor w śmietanie;460;22.03;37.96;7.5;5.05;4.44;0.58;14.98;na ciepło;2026-09-29T13:53:32.978Z
2026-10-03;Dieta Ketogeniczna;610;1500;Dieta Ketogeniczna;Podwieczorek;91;Krem z białych warzyw z pestkami słonecznika;313;8.07;27.38;8.58;3.03;5.14;1.63;9.64;na ciepło;2026-09-29T13:53:32.978Z
2026-10-03;Dieta Ketogeniczna;610;1500;Dieta Ketogeniczna;Kolacja;92;Kanapka z kiełbasą kaukaską z papryką, twarożek z serem bałkańskim, sałata z papryką;365;21.6;27.42;7.07;3.8;2.86;1.06;5.21;na zimno;2026-09-29T13:53:32.978Z
2026-10-03;Dieta Light;612;1500;Dieta Light;Śniadanie;93;Jajko sadzone na polędwicy wieprzowej, bułka kukurydziana, masło ziołowe, ogórek;359;24.3;19.52;21.04;1.55;1.69;1.65;6.67;ciepło/zimno;2026-09-29T13:53:32.978Z
2026-10-03;Dieta Light;612;1500;Dieta Light;II śniadanie;94;Muffinki sernikowe z brzoskwiniami, jogurt waniliowy, sałatka owocowa;261;25;4.55;34.75;1.86;15.44;0.25;0.95;na zimno;2026-09-29T13:53:32.978Z
2026-10-03;Dieta Light;612;1500;Dieta Light;Obiad;95;Kotlety jajeczne ze szpinakiem i serem, dip szczypiorkowy, pieczone ziemniaki, surówka z białej kapusty z marchewką i papryką;426;17.1;23.89;34.45;7.83;6.89;2.65;5.28;na ciepło;2026-09-29T13:53:32.978Z
2026-10-03;Dieta Light;612;1500;Dieta Light;Podwieczorek;96;Pudding chia mango z konfiturą brzoswkiniową;266;2.7;12.54;34.67;5.31;28.6;0.11;6.39;na zimno;2026-09-29T13:53:32.978Z
2026-10-03;Dieta Light;612;1500;Dieta Light;Kolacja;97;Quesadilla z kurczakiem i szpinakiem, dip pietruszkowy;278;16.57;12.33;25.25;3.66;3.57;1.24;5.66;ciepło/zimno;2026-09-29T13:53:32.978Z
2026-10-03;Dieta Low Carb & IG;628;1200;Dieta Low Carb & IG;Śniadanie;89;Naleśnik z pieczarkami i cebulką, ketchup z cukinii, ser holenderski;224;10.25;18.29;4.51;1.64;1.96;0.6;6.07;ciepło/zimno;2026-09-29T13:53:32.978Z
2026-10-03;Dieta Low Carb & IG;628;1200;Dieta Low Carb & IG;II śniadanie;98;Pudding kokosowy z chia, mus czekoladowy, orzechy arachidowe;212;6.24;17.97;6.37;3.26;4.55;0.11;11.48;na zimno;2026-09-29T13:53:32.978Z
2026-10-03;Dieta Low Carb & IG;628;1200;Dieta Low Carb & IG;Obiad;99;Pulpety drobiowe w sosie koperkowym, kasza gryczana, pomidor w śmietanie;406;25.25;21.98;26.74;6.32;5.45;0.55;11.05;na ciepło;2026-09-29T13:53:32.978Z
2026-10-03;Dieta Low Carb & IG;628;1200;Dieta Low Carb & IG;Podwieczorek;100;Sałatka z polędwiczką wieprzową, suszonym pomidorem, ogórkiem, cebulką i suszoną żurawiną, winegret;170;13.6;9.5;6.88;1.14;4.27;0.25;1.3;na zimno;2026-09-29T13:53:32.978Z
2026-10-03;Dieta Low Carb & IG;628;1200;Dieta Low Carb & IG;Kolacja;101;Kanapka z chlebem razowym, pieczonym indykiem, smarowidłem ziołowym i marchewką;249;17.95;8.15;25.91;6.49;3.37;1.02;2.43;na zimno;2026-09-29T13:53:32.978Z
2026-10-03;Dieta START;634;1500;Dieta START;Śniadanie;66;Pancakes brzoskwiniowe, twarożek waniliowy, konfitura z czarnej porzeczki;477;24.41;13;64.31;2.86;32.75;0.55;2.23;ciepło/zimno;2026-09-29T13:53:32.978Z
2026-10-03;Dieta START;634;1500;Dieta START;Obiad;68;Gołąbki bez zawijania w sosie pomidorowym, ziemniaki z wody, mizeria;523;31.87;19.87;54.18;5.12;6.54;0.86;8.04;na ciepło;2026-09-29T13:53:32.978Z
2026-10-03;Dieta START;634;1500;Dieta START;Kolacja;102;Pierogi z mięsem w sosie grzybowym, natka pietruszki;433;21.27;14.21;53.19;3.07;1.31;0.76;4.13;na ciepło;2026-09-29T13:53:32.978Z
2026-10-03;Dieta Standard;583;1200;Dieta Standard;Śniadanie;71;Hummus klasyczny, kiełbaski drobiowo-wieprzowe własnej produkcji, bułka żytnia, papryka;288;15.59;11.82;29.87;5.36;2.03;1.02;2.05;ciepło/zimno;2026-09-29T13:53:32.978Z
2026-10-03;Dieta Standard;583;1200;Dieta Standard;II śniadanie;72;Truskawkowy shake proteinowy;147;7.08;3.25;22.14;3.01;15.63;0.17;2.16;na zimno;2026-09-29T13:53:32.978Z
2026-10-03;Dieta Standard;583;1200;Dieta Standard;Obiad;73;Spaghetti all'arrabiata, mini mozzarella w pesto;343;14.3;15.63;36.15;2.77;6.67;0.97;6.27;na ciepło;2026-09-29T13:53:32.978Z
2026-10-03;Dieta Standard;583;1200;Dieta Standard;Podwieczorek;103;Serniko-brownie;217;6.91;15.13;13.24;0.4;8.96;0.21;8.99;na zimno;2026-09-29T13:53:32.978Z
2026-10-03;Dieta Standard;583;1200;Dieta Standard;Kolacja;102;Pierogi z mięsem w sosie grzybowym, natka pietruszki;283;13.53;9.76;33.88;1.99;1;0.56;2.93;na ciepło;2026-09-29T13:53:32.978Z
2026-10-03;Dieta Śródziemnomorska;630;1200;Dieta Śródziemnomorska;Śniadanie;104;Placki batatowe z cukinią i indykiem, dip koperkowy, papryka;204;13.33;9.51;17.55;2.66;4.2;0.52;2.68;na ciepło;2026-09-29T13:53:32.978Z
2026-10-03;Dieta Śródziemnomorska;630;1200;Dieta Śródziemnomorska;II śniadanie;105;Sałatka z serem camembert, żurawiną, burakiem i pestkami dyni, winegret ziołowy;240;7.76;16.85;13.96;1.62;10.03;0.53;7.71;na zimno;2026-09-29T13:53:32.978Z
2026-10-03;Dieta Śródziemnomorska;630;1200;Dieta Śródziemnomorska;Obiad;106;Rostbef wołowy w sosie pomidorowym, kasza orkiszowa, warzywa z pary;393;29.1;17.51;29.54;8.55;4.68;0.78;7.19;na ciepło;2026-09-29T13:53:32.978Z
2026-10-03;Dieta Śródziemnomorska;630;1200;Dieta Śródziemnomorska;Podwieczorek;107;Sernikowa tarta z jeżynami z kakao;169;8.64;7.86;15.81;1.08;2.25;0.08;4.52;na zimno;2026-09-29T13:53:32.978Z
2026-10-03;Dieta Śródziemnomorska;630;1200;Dieta Śródziemnomorska;Kolacja;108;Pierogi z twarogiem i malinami, jogurt kokosowy;263;11.79;7.57;36.36;4.53;6.52;0.11;4.59;ciepło/zimno;2026-09-29T13:53:32.978Z
2026-10-03;Wybór menu / BASIC;614;2000;BASIC;Śniadanie;71;Hummus klasyczny, kiełbaski drobiowo-wieprzowe własnej produkcji, bułka żytnia, papryka;515.67;29.42;23.7;46.1;9.5;3.46;1.84;3.98;ciepło/zimno;2026-09-29T13:53:32.978Z
2026-10-03;Wybór menu / BASIC;614;2000;Dieta Active Pro;Śniadanie;66;Pancakes brzoskwiniowe, twarożek waniliowy, konfitura z czarnej porzeczki;468.03;22.82;12.93;63.79;2.86;32.41;0.54;2.19;ciepło/zimno;2026-09-29T13:53:32.978Z
2026-10-03;Wybór menu / BASIC;614;2000;Dieta Light;Śniadanie;93;Jajko sadzone na polędwicy wieprzowej, bułka kukurydziana, masło ziołowe, ogórek;408.22;25.95;20.49;29.14;2;1.79;1.9;6.79;ciepło/zimno;2026-09-29T13:53:32.978Z
2026-10-03;Wybór menu / BASIC;614;2000;BASIC;II śniadanie;72;Truskawkowy shake proteinowy;146.69;7.08;3.25;22.14;3.01;15.63;0.17;2.16;na zimno;2026-09-29T13:53:32.978Z
2026-10-03;Wybór menu / BASIC;614;2000;Dieta Active Pro;II śniadanie;67;Jajko na twardo z twarożkiem szczypiorkowym, chleb śniadaniowy, papryka;379.11;33.77;11.14;35.93;2.66;4.49;1.29;2.57;na zimno;2026-09-29T13:53:32.978Z
2026-10-03;Wybór menu / BASIC;614;2000;Dieta Light;II śniadanie;94;Muffinki sernikowe z brzoskwiniami, jogurt waniliowy, sałatka owocowa;312.84;31.12;5.3;40.42;2.03;18;0.31;1.12;na zimno;2026-09-29T13:53:32.978Z
2026-10-03;Wybór menu / BASIC;614;2000;BASIC;Obiad;73;Spaghetti all'arrabiata, mini mozzarella w pesto;571.9;23.54;25.52;61.61;4.67;11.12;1.58;10.08;na ciepło;2026-09-29T13:53:32.978Z
2026-10-03;Wybór menu / BASIC;614;2000;Dieta Active Pro;Obiad;68;Gołąbki bez zawijania w sosie pomidorowym, ziemniaki z wody, mizeria;512.37;31.62;19.73;51.98;4.92;6.44;0.84;8.03;na ciepło;2026-09-29T13:53:32.978Z
2026-10-03;Wybór menu / BASIC;614;2000;Dieta Light;Obiad;95;Kotlety jajeczne ze szpinakiem i serem, dip szczypiorkowy, pieczone ziemniaki, surówka z białej kapusty z marchewką i papryką;537.4;23.57;29.91;41.57;10.11;7.46;3.07;7.18;na ciepło;2026-09-29T13:53:32.978Z
2026-10-03;Wybór menu / BASIC;614;2000;BASIC;Podwieczorek;103;Serniko-brownie;290;9.21;20.18;17.65;0.53;11.95;0.28;11.99;na zimno;2026-09-29T13:53:32.978Z
2026-10-03;Wybór menu / BASIC;614;2000;Dieta Active Pro;Podwieczorek;69;Ananasowy sernik na zimno na ciasteczkowym spodzie;174.48;9.8;6.87;19.13;0.59;9.12;0.16;1.92;na zimno;2026-09-29T13:53:32.978Z
2026-10-03;Wybór menu / BASIC;614;2000;Dieta Light;Podwieczorek;96;Pudding chia mango z konfiturą brzoswkiniową;350.52;3.55;16.46;45.94;6.99;37.97;0.15;8.38;na zimno;2026-09-29T13:53:32.978Z
2026-10-03;Wybór menu / BASIC;614;2000;BASIC;Kolacja;102;Pierogi z mięsem w sosie grzybowym, natka pietruszki;433.31;21.27;14.21;53.19;3.07;1.31;0.76;4.13;na ciepło;2026-09-29T13:53:32.978Z
2026-10-03;Wybór menu / BASIC;614;2000;Dieta Active Pro;Kolacja;70;Indyk po burgundzku z ryżem basmati i natką pietruszki;420.85;29.06;13.2;46.36;4.88;6.65;1.77;1.28;na ciepło;2026-09-29T13:53:32.978Z
2026-10-03;Wybór menu / BASIC;614;2000;Dieta Light;Kolacja;97;Quesadilla z kurczakiem i szpinakiem, dip pietruszkowy;425.6;25;19.18;38.18;5.5;5.59;1.89;8.6;ciepło/zimno;2026-09-29T13:53:32.978Z
2026-10-03;Wybór menu / COMFORT;614;2000;COMFORT;Śniadanie;71;Hummus klasyczny, kiełbaski drobiowo-wieprzowe własnej produkcji, bułka żytnia, papryka;515.67;29.42;23.7;46.1;9.5;3.46;1.84;3.98;ciepło/zimno;2026-09-29T13:53:32.978Z
2026-10-03;Wybór menu / COMFORT;614;2000;Dieta Active Pro;Śniadanie;66;Pancakes brzoskwiniowe, twarożek waniliowy, konfitura z czarnej porzeczki;468.03;22.82;12.93;63.79;2.86;32.41;0.54;2.19;ciepło/zimno;2026-09-29T13:53:32.978Z
2026-10-03;Wybór menu / COMFORT;614;2000;Dieta Fish Low Carb & IG;Śniadanie;74;Muffinki serowe ze szpinakiem i cebulą, dip cezar, pomidorki;394.64;21.11;27.03;16.4;2.21;6.73;1.1;8.12;ciepło/zimno;2026-09-29T13:53:32.978Z
2026-10-03;Wybór menu / COMFORT;614;2000;Dieta Light;Śniadanie;93;Jajko sadzone na polędwicy wieprzowej, bułka kukurydziana, masło ziołowe, ogórek;408.22;25.95;20.49;29.14;2;1.79;1.9;6.79;ciepło/zimno;2026-09-29T13:53:32.978Z
2026-10-03;Wybór menu / COMFORT;614;2000;Dieta Low Carb & IG;Śniadanie;89;Naleśnik z pieczarkami i cebulką, ketchup z cukinii, ser holenderski;441.14;20.33;36.32;8.15;3.15;3.58;1.15;12.11;ciepło/zimno;2026-09-29T13:53:32.978Z
2026-10-03;Wybór menu / COMFORT;614;2000;COMFORT;II śniadanie;72;Truskawkowy shake proteinowy;146.69;7.08;3.25;22.14;3.01;15.63;0.17;2.16;na zimno;2026-09-29T13:53:32.978Z
2026-10-03;Wybór menu / COMFORT;614;2000;Dieta Active Pro;II śniadanie;67;Jajko na twardo z twarożkiem szczypiorkowym, chleb śniadaniowy, papryka;379.11;33.77;11.14;35.93;2.66;4.49;1.29;2.57;na zimno;2026-09-29T13:53:32.978Z
2026-10-03;Wybór menu / COMFORT;614;2000;Dieta Fish Low Carb & IG;II śniadanie;75;Malinowy shake proteinowy;176.91;9.29;5.43;22.13;2.15;15.88;0.31;3.4;na zimno;2026-09-29T13:53:32.978Z
2026-10-03;Wybór menu / COMFORT;614;2000;Dieta Light;II śniadanie;94;Muffinki sernikowe z brzoskwiniami, jogurt waniliowy, sałatka owocowa;312.84;31.12;5.3;40.42;2.03;18;0.31;1.12;na zimno;2026-09-29T13:53:32.978Z
2026-10-03;Wybór menu / COMFORT;614;2000;Dieta Low Carb & IG;II śniadanie;98;Pudding kokosowy z chia, mus czekoladowy, orzechy arachidowe;354.08;10.4;29.95;10.62;5.43;7.58;0.18;19.14;na zimno;2026-09-29T13:53:32.978Z
2026-10-03;Wybór menu / COMFORT;614;2000;COMFORT;Obiad;73;Spaghetti all'arrabiata, mini mozzarella w pesto;571.9;23.54;25.52;61.61;4.67;11.12;1.58;10.08;na ciepło;2026-09-29T13:53:32.978Z
2026-10-03;Wybór menu / COMFORT;614;2000;Dieta Active Pro;Obiad;68;Gołąbki bez zawijania w sosie pomidorowym, ziemniaki z wody, mizeria;512.37;31.62;19.73;51.98;4.92;6.44;0.84;8.03;na ciepło;2026-09-29T13:53:32.978Z
2026-10-03;Wybór menu / COMFORT;614;2000;Dieta Fish Low Carb & IG;Obiad;76;Wegetariańskie leczo z cukinią i tofu, ryż basmati z płatkami suszonego pomidora, prażone pestki dyni;518.93;23.89;23.12;53.12;5.08;4.97;1.95;2.66;na ciepło;2026-09-29T13:53:32.978Z
2026-10-03;Wybór menu / COMFORT;614;2000;Dieta Light;Obiad;95;Kotlety jajeczne ze szpinakiem i serem, dip szczypiorkowy, pieczone ziemniaki, surówka z białej kapusty z marchewką i papryką;537.4;23.57;29.91;41.57;10.11;7.46;3.07;7.18;na ciepło;2026-09-29T13:53:32.978Z
2026-10-03;Wybór menu / COMFORT;614;2000;Dieta Low Carb & IG;Obiad;99;Pulpety drobiowe w sosie koperkowym, kasza gryczana, pomidor w śmietanie;545.74;36.89;26.17;40.57;9.31;5.97;0.65;12.02;na ciepło;2026-09-29T13:53:32.978Z
2026-10-03;Wybór menu / COMFORT;614;2000;COMFORT;Podwieczorek;103;Serniko-brownie;290;9.21;20.18;17.65;0.53;11.95;0.28;11.99;na zimno;2026-09-29T13:53:32.978Z
2026-10-03;Wybór menu / COMFORT;614;2000;Dieta Active Pro;Podwieczorek;69;Ananasowy sernik na zimno na ciasteczkowym spodzie;174.48;9.8;6.87;19.13;0.59;9.12;0.16;1.92;na zimno;2026-09-29T13:53:32.978Z
2026-10-03;Wybór menu / COMFORT;614;2000;Dieta Fish Low Carb & IG;Podwieczorek;77;Sernik z musem jagodowym;386.93;9.39;34.1;13.57;1.3;4.56;0.16;20.77;na zimno;2026-09-29T13:53:32.978Z
2026-10-03;Wybór menu / COMFORT;614;2000;Dieta Light;Podwieczorek;96;Pudding chia mango z konfiturą brzoswkiniową;350.52;3.55;16.46;45.94;6.99;37.97;0.15;8.38;na zimno;2026-09-29T13:53:32.978Z
2026-10-03;Wybór menu / COMFORT;614;2000;Dieta Low Carb & IG;Podwieczorek;100;Sałatka z polędwiczką wieprzową, suszonym pomidorem, ogórkiem, cebulką i suszoną żurawiną, winegret;275.37;22.25;15.76;10.15;1.79;6.85;0.42;2.17;na zimno;2026-09-29T13:53:32.978Z
2026-10-03;Wybór menu / COMFORT;614;2000;COMFORT;Kolacja;102;Pierogi z mięsem w sosie grzybowym, natka pietruszki;433.31;21.27;14.21;53.19;3.07;1.31;0.76;4.13;na ciepło;2026-09-29T13:53:32.978Z
2026-10-03;Wybór menu / COMFORT;614;2000;Dieta Active Pro;Kolacja;70;Indyk po burgundzku z ryżem basmati i natką pietruszki;420.85;29.06;13.2;46.36;4.88;6.65;1.77;1.28;na ciepło;2026-09-29T13:53:32.978Z
2026-10-03;Wybór menu / COMFORT;614;2000;Dieta Fish Low Carb & IG;Kolacja;78;Placki prowansalskie z pastą z pieczonym łososiem i koperkiem, ogórek;523.82;15.75;47.39;7.55;5.5;5.56;1.97;13.45;ciepło/zimno;2026-09-29T13:53:32.978Z
2026-10-03;Wybór menu / COMFORT;614;2000;Dieta Light;Kolacja;97;Quesadilla z kurczakiem i szpinakiem, dip pietruszkowy;425.6;25;19.18;38.18;5.5;5.59;1.89;8.6;ciepło/zimno;2026-09-29T13:53:32.978Z
2026-10-03;Wybór menu / COMFORT;614;2000;Dieta Low Carb & IG;Kolacja;101;Kanapka z chlebem razowym, pieczonym indykiem, smarowidłem ziołowym i marchewką;376.22;28.8;13.8;34.28;8.05;4.69;1.41;4.18;na zimno;2026-09-29T13:53:32.978Z
2026-10-03;Wybór menu / KETO FUSION;614;2000;Dieta Ketogeniczna;Śniadanie;89;Naleśnik z pieczarkami i cebulką, ketchup z cukinii, ser holenderski;502.84;23.81;41.5;8.49;3.06;3.72;1.51;14.53;ciepło/zimno;2026-09-29T13:53:32.978Z
2026-10-03;Wybór menu / KETO FUSION;614;2000;Dieta Śródziemnomorska Keto;Śniadanie;109;Jajeczne muffinki paprykowe z serem, dip koperkowy, pomidorki;529.51;22.49;45.81;7.13;1.65;4.44;1.6;13.26;ciepło/zimno;2026-09-29T13:53:32.978Z
2026-10-03;Wybór menu / KETO FUSION;614;2000;Dieta Ketogeniczna;Obiad;90;Pulpety drobiowe w sosie koperkowym, ryż z brokuła, pomidor w śmietanie;584.25;31.33;46.98;8.91;6.98;4.55;0.69;16.66;na ciepło;2026-09-29T13:53:32.978Z
2026-10-03;Wybór menu / KETO FUSION;614;2000;Dieta Śródziemnomorska Keto;Obiad;110;Bitki z indyka w sosie cebulowym, puree musztardowe, surówka z czerwonej kapusty;576.13;34.42;43.87;11.15;4.85;4.37;1.43;13.6;na ciepło;2026-09-29T13:53:32.978Z
2026-10-03;Wybór menu / KETO FUSION;614;2000;Dieta Ketogeniczna;Podwieczorek;91;Krem z białych warzyw z pestkami słonecznika;341.29;9.29;29.57;9.51;3.33;5.14;1.63;9.86;na ciepło;2026-09-29T13:53:32.978Z
2026-10-03;Wybór menu / KETO FUSION;614;2000;Dieta Śródziemnomorska Keto;Podwieczorek;111;Sernik pistacjowy na zimno;430.68;11.66;38.75;10.03;4.85;4.22;0.27;21.54;na zimno;2026-09-29T13:53:32.978Z
2026-10-03;Wybór menu / KETO FUSION;614;2000;Dieta Ketogeniczna;Kolacja;92;Kanapka z kiełbasą kaukaską z papryką, twarożek z serem bałkańskim, sałata z papryką;545.41;30.04;42.53;9.5;4.97;4.43;1.58;8.18;na zimno;2026-09-29T13:53:32.978Z
2026-10-03;Wybór menu / KETO FUSION;614;2000;Dieta Śródziemnomorska Keto;Kolacja;112;Pancakes prowansalskie z pastą z pieczonym łososiem i koperkiem, ogórek;560.39;16.48;50.94;7.9;7.8;5.66;1.84;13.39;ciepło/zimno;2026-09-29T13:53:32.978Z
2026-10-03;Wybór menu / LADIES VIBES;614;2000;BASIC;Śniadanie;71;Hummus klasyczny, kiełbaski drobiowo-wieprzowe własnej produkcji, bułka żytnia, papryka;515.67;29.42;23.7;46.1;9.5;3.46;1.84;3.98;ciepło/zimno;2026-09-29T13:53:32.978Z
2026-10-03;Wybór menu / LADIES VIBES;614;2000;Dieta Active Pro;Śniadanie;66;Pancakes brzoskwiniowe, twarożek waniliowy, konfitura z czarnej porzeczki;468.03;22.82;12.93;63.79;2.86;32.41;0.54;2.19;ciepło/zimno;2026-09-29T13:53:32.978Z
2026-10-03;Wybór menu / LADIES VIBES;614;2000;Dieta Light;Śniadanie;93;Jajko sadzone na polędwicy wieprzowej, bułka kukurydziana, masło ziołowe, ogórek;408.22;25.95;20.49;29.14;2;1.79;1.9;6.79;ciepło/zimno;2026-09-29T13:53:32.978Z
2026-10-03;Wybór menu / LADIES VIBES;614;2000;BASIC;II śniadanie;72;Truskawkowy shake proteinowy;146.69;7.08;3.25;22.14;3.01;15.63;0.17;2.16;na zimno;2026-09-29T13:53:32.978Z
2026-10-03;Wybór menu / LADIES VIBES;614;2000;Dieta Active Pro;II śniadanie;67;Jajko na twardo z twarożkiem szczypiorkowym, chleb śniadaniowy, papryka;379.11;33.77;11.14;35.93;2.66;4.49;1.29;2.57;na zimno;2026-09-29T13:53:32.978Z
2026-10-03;Wybór menu / LADIES VIBES;614;2000;Dieta Light;II śniadanie;94;Muffinki sernikowe z brzoskwiniami, jogurt waniliowy, sałatka owocowa;312.84;31.12;5.3;40.42;2.03;18;0.31;1.12;na zimno;2026-09-29T13:53:32.978Z
2026-10-03;Wybór menu / LADIES VIBES;614;2000;BASIC;Obiad;73;Spaghetti all'arrabiata, mini mozzarella w pesto;571.9;23.54;25.52;61.61;4.67;11.12;1.58;10.08;na ciepło;2026-09-29T13:53:32.978Z
2026-10-03;Wybór menu / LADIES VIBES;614;2000;Dieta Active Pro;Obiad;68;Gołąbki bez zawijania w sosie pomidorowym, ziemniaki z wody, mizeria;512.37;31.62;19.73;51.98;4.92;6.44;0.84;8.03;na ciepło;2026-09-29T13:53:32.978Z
2026-10-03;Wybór menu / LADIES VIBES;614;2000;Dieta Light;Obiad;95;Kotlety jajeczne ze szpinakiem i serem, dip szczypiorkowy, pieczone ziemniaki, surówka z białej kapusty z marchewką i papryką;537.4;23.57;29.91;41.57;10.11;7.46;3.07;7.18;na ciepło;2026-09-29T13:53:32.978Z
2026-10-03;Wybór menu / LADIES VIBES;614;2000;BASIC;Podwieczorek;103;Serniko-brownie;290;9.21;20.18;17.65;0.53;11.95;0.28;11.99;na zimno;2026-09-29T13:53:32.978Z
2026-10-03;Wybór menu / LADIES VIBES;614;2000;Dieta Active Pro;Podwieczorek;69;Ananasowy sernik na zimno na ciasteczkowym spodzie;174.48;9.8;6.87;19.13;0.59;9.12;0.16;1.92;na zimno;2026-09-29T13:53:32.978Z
2026-10-03;Wybór menu / LADIES VIBES;614;2000;Dieta Light;Podwieczorek;96;Pudding chia mango z konfiturą brzoswkiniową;350.52;3.55;16.46;45.94;6.99;37.97;0.15;8.38;na zimno;2026-09-29T13:53:32.978Z
2026-10-03;Wybór menu / LADIES VIBES;614;2000;BASIC;Kolacja;102;Pierogi z mięsem w sosie grzybowym, natka pietruszki;433.31;21.27;14.21;53.19;3.07;1.31;0.76;4.13;na ciepło;2026-09-29T13:53:32.978Z
2026-10-03;Wybór menu / LADIES VIBES;614;2000;Dieta Active Pro;Kolacja;70;Indyk po burgundzku z ryżem basmati i natką pietruszki;420.85;29.06;13.2;46.36;4.88;6.65;1.77;1.28;na ciepło;2026-09-29T13:53:32.978Z
2026-10-03;Wybór menu / LADIES VIBES;614;2000;Dieta Light;Kolacja;97;Quesadilla z kurczakiem i szpinakiem, dip pietruszkowy;425.6;25;19.18;38.18;5.5;5.59;1.89;8.6;ciepło/zimno;2026-09-29T13:53:32.978Z
2026-10-03;Wybór menu / SUPREME;614;2000;Dieta Active Pro;Śniadanie;66;Pancakes brzoskwiniowe, twarożek waniliowy, konfitura z czarnej porzeczki;468.03;22.82;12.93;63.79;2.86;32.41;0.54;2.19;ciepło/zimno;2026-09-29T13:53:32.978Z
2026-10-03;Wybór menu / SUPREME;614;2000;Dieta Fish Low Carb & IG;Śniadanie;74;Muffinki serowe ze szpinakiem i cebulą, dip cezar, pomidorki;394.64;21.11;27.03;16.4;2.21;6.73;1.1;8.12;ciepło/zimno;2026-09-29T13:53:32.978Z
2026-10-03;Wybór menu / SUPREME;614;2000;Dieta Kuchnie Świata;Śniadanie;113;Pasztet drobiowy z pistacjami, dip chrzanowy, chleb żytni, ogórek kiszony w miodzie z musztardą;444.63;20.79;23.84;36.71;6.52;6.71;1.83;1.92;na zimno;2026-09-29T13:53:32.978Z
2026-10-03;Wybór menu / SUPREME;614;2000;Dieta Light;Śniadanie;93;Jajko sadzone na polędwicy wieprzowej, bułka kukurydziana, masło ziołowe, ogórek;408.22;25.95;20.49;29.14;2;1.79;1.9;6.79;ciepło/zimno;2026-09-29T13:53:32.978Z
2026-10-03;Wybór menu / SUPREME;614;2000;Dieta Low Carb & IG;Śniadanie;89;Naleśnik z pieczarkami i cebulką, ketchup z cukinii, ser holenderski;441.14;20.33;36.32;8.15;3.15;3.58;1.15;12.11;ciepło/zimno;2026-09-29T13:53:32.978Z
2026-10-03;Wybór menu / SUPREME;614;2000;Dieta Top Taste;Śniadanie;114;Croissant z serem camembert, smarowidło truflowe, żurawina, rukola;449.04;11.69;32.45;27.66;0.44;5.35;0.82;21.72;na zimno;2026-09-29T13:53:32.978Z
2026-10-03;Wybór menu / SUPREME;614;2000;Dieta Śródziemnomorska;Śniadanie;104;Placki batatowe z cukinią i indykiem, dip koperkowy, papryka;280.05;17.89;13.72;22.91;3.38;6.04;0.73;3.79;na ciepło;2026-09-29T13:53:32.978Z
2026-10-03;Wybór menu / SUPREME;614;2000;SUPREME;Śniadanie;71;Hummus klasyczny, kiełbaski drobiowo-wieprzowe własnej produkcji, bułka żytnia, papryka;515.67;29.42;23.7;46.1;9.5;3.46;1.84;3.98;ciepło/zimno;2026-09-29T13:53:32.978Z
2026-10-03;Wybór menu / SUPREME;614;2000;Dieta Active Pro;II śniadanie;67;Jajko na twardo z twarożkiem szczypiorkowym, chleb śniadaniowy, papryka;379.11;33.77;11.14;35.93;2.66;4.49;1.29;2.57;na zimno;2026-09-29T13:53:32.978Z
2026-10-03;Wybór menu / SUPREME;614;2000;Dieta Fish Low Carb & IG;II śniadanie;75;Malinowy shake proteinowy;176.91;9.29;5.43;22.13;2.15;15.88;0.31;3.4;na zimno;2026-09-29T13:53:32.978Z
2026-10-03;Wybór menu / SUPREME;614;2000;Dieta Kuchnie Świata;II śniadanie;115;Krem z marchewki i batata z kardamonem, pestki dyni;231.12;5.47;15.84;16.36;5.13;5.04;0.48;7.18;na ciepło;2026-09-29T13:53:32.978Z
2026-10-03;Wybór menu / SUPREME;614;2000;Dieta Light;II śniadanie;94;Muffinki sernikowe z brzoskwiniami, jogurt waniliowy, sałatka owocowa;312.84;31.12;5.3;40.42;2.03;18;0.31;1.12;na zimno;2026-09-29T13:53:32.978Z
2026-10-03;Wybór menu / SUPREME;614;2000;Dieta Low Carb & IG;II śniadanie;98;Pudding kokosowy z chia, mus czekoladowy, orzechy arachidowe;354.08;10.4;29.95;10.62;5.43;7.58;0.18;19.14;na zimno;2026-09-29T13:53:32.978Z
2026-10-03;Wybór menu / SUPREME;614;2000;Dieta Top Taste;II śniadanie;116;Pudding chia z malinami;346.63;4.56;27.44;19.61;5.6;13.93;0.07;20.95;na zimno;2026-09-29T13:53:32.978Z
2026-10-03;Wybór menu / SUPREME;614;2000;Dieta Śródziemnomorska;II śniadanie;105;Sałatka z serem camembert, żurawiną, burakiem i pestkami dyni, winegret ziołowy;381.3;12.11;27.04;21.89;2.67;16.3;0.81;11.88;na zimno;2026-09-29T13:53:32.978Z
2026-10-03;Wybór menu / SUPREME;614;2000;SUPREME;II śniadanie;72;Truskawkowy shake proteinowy;146.69;7.08;3.25;22.14;3.01;15.63;0.17;2.16;na zimno;2026-09-29T13:53:32.978Z
2026-10-03;Wybór menu / SUPREME;614;2000;Dieta Active Pro;Obiad;68;Gołąbki bez zawijania w sosie pomidorowym, ziemniaki z wody, mizeria;512.37;31.62;19.73;51.98;4.92;6.44;0.84;8.03;na ciepło;2026-09-29T13:53:32.978Z
2026-10-03;Wybór menu / SUPREME;614;2000;Dieta Fish Low Carb & IG;Obiad;76;Wegetariańskie leczo z cukinią i tofu, ryż basmati z płatkami suszonego pomidora, prażone pestki dyni;518.93;23.89;23.12;53.12;5.08;4.97;1.95;2.66;na ciepło;2026-09-29T13:53:32.978Z
2026-10-03;Wybór menu / SUPREME;614;2000;Dieta Kuchnie Świata;Obiad;117;Pieczony łosoś w sosie porowym, ryż z płatkami suszonego pomidora, warzywa z pary;713.84;42.01;40.51;45.26;5.24;2.88;2.28;12.98;na ciepło;2026-09-29T13:53:32.978Z
2026-10-03;Wybór menu / SUPREME;614;2000;Dieta Light;Obiad;95;Kotlety jajeczne ze szpinakiem i serem, dip szczypiorkowy, pieczone ziemniaki, surówka z białej kapusty z marchewką i papryką;537.4;23.57;29.91;41.57;10.11;7.46;3.07;7.18;na ciepło;2026-09-29T13:53:32.978Z
2026-10-03;Wybór menu / SUPREME;614;2000;Dieta Low Carb & IG;Obiad;99;Pulpety drobiowe w sosie koperkowym, kasza gryczana, pomidor w śmietanie;545.74;36.89;26.17;40.57;9.31;5.97;0.65;12.02;na ciepło;2026-09-29T13:53:32.978Z
2026-10-03;Wybór menu / SUPREME;614;2000;Dieta Top Taste;Obiad;118;Lasagne bolognese z serem, szpinak, pomidorki, dip czosnkowy;502.47;32.01;28.32;29.76;3.56;9.22;2.19;13.58;na ciepło;2026-09-29T13:53:32.978Z
2026-10-03;Wybór menu / SUPREME;614;2000;Dieta Śródziemnomorska;Obiad;106;Rostbef wołowy w sosie pomidorowym, kasza orkiszowa, warzywa z pary;607.64;47.4;24.61;48.89;12.18;5.04;0.99;9.71;na ciepło;2026-09-29T13:53:32.978Z
2026-10-03;Wybór menu / SUPREME;614;2000;SUPREME;Obiad;73;Spaghetti all'arrabiata, mini mozzarella w pesto;571.9;23.54;25.52;61.61;4.67;11.12;1.58;10.08;na ciepło;2026-09-29T13:53:32.978Z
2026-10-03;Wybór menu / SUPREME;614;2000;Dieta Active Pro;Podwieczorek;69;Ananasowy sernik na zimno na ciasteczkowym spodzie;174.48;9.8;6.87;19.13;0.59;9.12;0.16;1.92;na zimno;2026-09-29T13:53:32.978Z
2026-10-03;Wybór menu / SUPREME;614;2000;Dieta Fish Low Carb & IG;Podwieczorek;77;Sernik z musem jagodowym;386.93;9.39;34.1;13.57;1.3;4.56;0.16;20.77;na zimno;2026-09-29T13:53:32.978Z
2026-10-03;Wybór menu / SUPREME;614;2000;Dieta Kuchnie Świata;Podwieczorek;119;Ananasowiec;303.3;5.65;17.72;30.92;1.4;15.77;0.22;11.74;na zimno;2026-09-29T13:53:32.978Z
2026-10-03;Wybór menu / SUPREME;614;2000;Dieta Light;Podwieczorek;96;Pudding chia mango z konfiturą brzoswkiniową;350.52;3.55;16.46;45.94;6.99;37.97;0.15;8.38;na zimno;2026-09-29T13:53:32.978Z
2026-10-03;Wybór menu / SUPREME;614;2000;Dieta Low Carb & IG;Podwieczorek;100;Sałatka z polędwiczką wieprzową, suszonym pomidorem, ogórkiem, cebulką i suszoną żurawiną, winegret;275.37;22.25;15.76;10.15;1.79;6.85;0.42;2.17;na zimno;2026-09-29T13:53:32.978Z
2026-10-03;Wybór menu / SUPREME;614;2000;Dieta Top Taste;Podwieczorek;120;Sernik cookies & cream;277.03;7.32;16.67;24.04;0.65;15.45;0.25;8.07;na zimno;2026-09-29T13:53:32.978Z
2026-10-03;Wybór menu / SUPREME;614;2000;Dieta Śródziemnomorska;Podwieczorek;107;Sernikowa tarta z jeżynami z kakao;338.12;17.28;15.72;31.62;2.15;4.5;0.16;9.04;na zimno;2026-09-29T13:53:32.978Z
2026-10-03;Wybór menu / SUPREME;614;2000;SUPREME;Podwieczorek;103;Serniko-brownie;290;9.21;20.18;17.65;0.53;11.95;0.28;11.99;na zimno;2026-09-29T13:53:32.978Z
2026-10-03;Wybór menu / SUPREME;614;2000;Dieta Active Pro;Kolacja;70;Indyk po burgundzku z ryżem basmati i natką pietruszki;420.85;29.06;13.2;46.36;4.88;6.65;1.77;1.28;na ciepło;2026-09-29T13:53:32.978Z
2026-10-03;Wybór menu / SUPREME;614;2000;Dieta Fish Low Carb & IG;Kolacja;78;Placki prowansalskie z pastą z pieczonym łososiem i koperkiem, ogórek;523.82;15.75;47.39;7.55;5.5;5.56;1.97;13.45;ciepło/zimno;2026-09-29T13:53:32.978Z
2026-10-03;Wybór menu / SUPREME;614;2000;Dieta Kuchnie Świata;Kolacja;121;Kotlety ziemniaczane z cebulą i ciecierzycą, buraczki, sos pieczarkowy;307.47;7.89;10.19;45.47;6.17;14.27;1;2.69;na ciepło;2026-09-29T13:53:32.978Z
2026-10-03;Wybór menu / SUPREME;614;2000;Dieta Light;Kolacja;97;Quesadilla z kurczakiem i szpinakiem, dip pietruszkowy;425.6;25;19.18;38.18;5.5;5.59;1.89;8.6;ciepło/zimno;2026-09-29T13:53:32.978Z
2026-10-03;Wybór menu / SUPREME;614;2000;Dieta Low Carb & IG;Kolacja;101;Kanapka z chlebem razowym, pieczonym indykiem, smarowidłem ziołowym i marchewką;376.22;28.8;13.8;34.28;8.05;4.69;1.41;4.18;na zimno;2026-09-29T13:53:32.978Z
2026-10-03;Wybór menu / SUPREME;614;2000;Dieta Top Taste;Kolacja;122;Futomaki z pieczonym łososiem;558.26;18.88;9.44;84.84;1.86;15.32;5.27;2.24;na zimno;2026-09-29T13:53:32.978Z
2026-10-03;Wybór menu / SUPREME;614;2000;Dieta Śródziemnomorska;Kolacja;108;Pierogi z twarogiem i malinami, jogurt kokosowy;394.69;18.57;10.01;56.5;7.12;10.17;0.17;5.35;ciepło/zimno;2026-09-29T13:53:32.978Z
2026-10-03;Wybór menu / SUPREME;614;2000;SUPREME;Kolacja;102;Pierogi z mięsem w sosie grzybowym, natka pietruszki;433.31;21.27;14.21;53.19;3.07;1.31;0.76;4.13;na ciepło;2026-09-29T13:53:32.978Z
2026-10-03;Wybór menu / TYPES OF VEGE;614;2000;Dieta Fish Low Carb & IG;Śniadanie;74;Muffinki serowe ze szpinakiem i cebulą, dip cezar, pomidorki;394.64;21.11;27.03;16.4;2.21;6.73;1.1;8.12;ciepło/zimno;2026-09-29T13:53:32.978Z
2026-10-03;Wybór menu / TYPES OF VEGE;614;2000;Dieta Wegańska;Śniadanie;123;Malinowa kasza manna, granola kokosowa, melon;427.39;13.73;21.96;42.31;8.06;29.84;0.49;10.28;na zimno;2026-09-29T13:53:32.978Z
2026-10-03;Wybór menu / TYPES OF VEGE;614;2000;Dieta Wegetariańska;Śniadanie;66;Pancakes brzoskwiniowe, twarożek waniliowy, konfitura z czarnej porzeczki;502.45;22.02;16.51;65.51;2.57;35.1;0.52;4.29;ciepło/zimno;2026-09-29T13:53:32.978Z
2026-10-03;Wybór menu / TYPES OF VEGE;614;2000;Dieta Fish Low Carb & IG;II śniadanie;75;Malinowy shake proteinowy;176.91;9.29;5.43;22.13;2.15;15.88;0.31;3.4;na zimno;2026-09-29T13:53:32.978Z
2026-10-03;Wybór menu / TYPES OF VEGE;614;2000;Dieta Wegańska;II śniadanie;124;Kanapka z hummusem pomidorowym, rukolą i papryką;325.79;11.77;11.15;44.55;11.47;3.11;1.65;1.38;na zimno;2026-09-29T13:53:32.978Z
2026-10-03;Wybór menu / TYPES OF VEGE;614;2000;Dieta Wegetariańska;II śniadanie;125;Sałatka z serem camembert, żurawiną, brokułem, pomidorkami i pestkami dyni, winegret ziołowy;330.9;11.54;27.54;9.13;2.54;4.54;0.7;11.75;na zimno;2026-09-29T13:53:32.978Z
2026-10-03;Wybór menu / TYPES OF VEGE;614;2000;Dieta Fish Low Carb & IG;Obiad;76;Wegetariańskie leczo z cukinią i tofu, ryż basmati z płatkami suszonego pomidora, prażone pestki dyni;518.93;23.89;23.12;53.12;5.08;4.97;1.95;2.66;na ciepło;2026-09-29T13:53:32.978Z
2026-10-03;Wybór menu / TYPES OF VEGE;614;2000;Dieta Wegańska;Obiad;126;Kotlety ziemniaczane z cebulą i ciecierzycą w sosie pieczarkowym, kasza gryczana biała, buraczki;531.94;15.67;16.82;78.66;12.16;14.58;1.18;4.5;na ciepło;2026-09-29T13:53:32.978Z
2026-10-03;Wybór menu / TYPES OF VEGE;614;2000;Dieta Wegetariańska;Obiad;127;Kotlety jajeczne ze szpinakiem i serem w sosie pieczarkowym, pieczone ziemniaki, surówka meksykańska z białej kapusty;507.55;23.59;27.51;39.4;11.22;5.68;1.96;8.57;na ciepło;2026-09-29T13:53:32.978Z
2026-10-03;Wybór menu / TYPES OF VEGE;614;2000;Dieta Fish Low Carb & IG;Podwieczorek;77;Sernik z musem jagodowym;386.93;9.39;34.1;13.57;1.3;4.56;0.16;20.77;na zimno;2026-09-29T13:53:32.978Z
2026-10-03;Wybór menu / TYPES OF VEGE;614;2000;Dieta Wegańska;Podwieczorek;128;Piernik wegański;361.11;4.34;15.7;49.07;1.99;23.14;0.41;6.09;na zimno;2026-09-29T13:53:32.978Z
2026-10-03;Wybór menu / TYPES OF VEGE;614;2000;Dieta Wegetariańska;Podwieczorek;116;Pudding chia z malinami;385.61;5.13;30.25;22.39;5.56;16.87;0.08;22.55;na zimno;2026-09-29T13:53:32.978Z
2026-10-03;Wybór menu / TYPES OF VEGE;614;2000;Dieta Fish Low Carb & IG;Kolacja;78;Placki prowansalskie z pastą z pieczonym łososiem i koperkiem, ogórek;523.82;15.75;47.39;7.55;5.5;5.56;1.97;13.45;ciepło/zimno;2026-09-29T13:53:32.978Z
2026-10-03;Wybór menu / TYPES OF VEGE;614;2000;Dieta Wegańska;Kolacja;129;Pierogi ze szpinakiem i wędzonym tofu, płatki suszonego pomidora, dip pietruszkowy;379.82;10.11;17.29;44.58;3.34;2.43;0.55;3.94;na ciepło;2026-09-29T13:53:32.978Z
2026-10-03;Wybór menu / TYPES OF VEGE;614;2000;Dieta Wegetariańska;Kolacja;73;Spaghetti all'arrabiata, mini mozzarella w pesto;360.01;14.87;15.75;39.46;2.91;6.77;0.96;6.28;na ciepło;2026-09-29T13:53:32.978Z
2026-10-04;Dieta Active Pro;586;1200;Dieta Active Pro;Śniadanie;130;Pasta jajeczna ze szczypiorkiem, ser gouda, chleb graham, kalarepa;307;16.4;14.87;26.86;4.74;1.52;1.31;5;na zimno;2026-09-30T19:54:27Z
2026-10-04;Dieta Active Pro;586;1200;Dieta Active Pro;II śniadanie;131;Zupa krem z papryki z kurczakiem;194;15.48;8.94;11.08;2.32;6.6;1.4;2.93;na ciepło;2026-09-29T13:53:32.978Z
2026-10-04;Dieta Active Pro;586;1200;Dieta Active Pro;Obiad;132;Gulasz z wieprzowiną, papryką i pieczarkami, kasza bulgur z czarną soczewicą, surówka z białej kapusty, papryki i kukurydzy;389;33.07;12.49;35.97;9.72;5.83;0.96;2.34;na ciepło;2026-09-29T13:53:32.978Z
2026-10-04;Dieta Active Pro;586;1200;Dieta Active Pro;Podwieczorek;133;Sernik z chia i żelką czereśniową;131;5.42;6.73;12.27;1.15;3.38;0.12;1.08;na zimno;2026-09-29T13:53:32.978Z
2026-10-04;Dieta Active Pro;586;1200;Dieta Active Pro;Kolacja;134;Makaron penne w sosie pomidorowym z tuńczykiem, mini mozzarellą i natką pietruszki;263;15.93;7.41;33.07;2.22;3.67;0.65;2.91;na ciepło;2026-09-29T13:53:32.978Z
2026-10-04;Dieta Ekonomiczna;587;1200;Dieta Ekonomiczna;Śniadanie;135;Pieczona owsianka z czekoladą i daktylem, jogurt truskawkowy, winogrona;368;21.76;9.11;48.82;5.19;30.19;0.31;3.86;ciepło/zimno;2026-09-29T13:53:32.978Z
2026-10-04;Dieta Ekonomiczna;587;1200;Dieta Ekonomiczna;II śniadanie;136;Pizzerinka z farszem serowo-szpinakowym, dip pomidorowy;389;18.09;19.55;34.16;2.41;2.88;1.57;8.93;na ciepło;2026-09-29T13:53:32.978Z
2026-10-04;Dieta Ekonomiczna;587;1200;Dieta Ekonomiczna;Obiad;137;Filet z kurczaka w sosie koperkowym, talarki ziemniaczane, buraczki na zimno z jabłkiem i cebulą;455;39.53;15.13;40.07;5.4;15.84;1.11;6.47;na ciepło;2026-09-29T13:53:32.978Z
2026-10-04;Dieta Ekonomiczna Wege;605;1200;Dieta Ekonomiczna Wege;Śniadanie;138;Pasta z tuńczykiem i szczypiorkiem, chleb żytni, papryka;362;26.6;13.47;33.6;6;2.73;1.88;1.97;na zimno;2026-09-29T13:53:32.978Z
2026-10-04;Dieta Ekonomiczna Wege;605;1200;Dieta Ekonomiczna Wege;II śniadanie;139;Pudding chia waniliowy z konfiturą malinową, płatki migdałowe;284;13.2;16.04;21.12;9.6;13.37;0.21;5;na zimno;2026-09-29T13:53:32.978Z
2026-10-04;Dieta Ekonomiczna Wege;605;1200;Dieta Ekonomiczna Wege;Obiad;140;Spaghetti pełnoziarniste w sosie śmietanowym z krewetkami, natka pietruszki, orzechy nerkowca;604;33.46;33.74;42.17;7.07;3.86;3.57;13.31;na ciepło;2026-09-29T13:53:32.978Z
2026-10-04;Dieta Fish Low Carb & IG;631;1200;Dieta Fish Low Carb & IG;Śniadanie;138;Pasta z tuńczykiem i szczypiorkiem, chleb żytni, papryka;240;16.42;8.07;25.62;4.62;1.83;1.24;1.18;na zimno;2026-09-29T13:53:32.978Z
2026-10-04;Dieta Fish Low Carb & IG;631;1200;Dieta Fish Low Carb & IG;II śniadanie;139;Pudding chia waniliowy z konfiturą malinową, płatki migdałowe;169;7.86;9.52;12.6;5.73;7.97;0.12;2.98;na zimno;2026-09-29T13:53:32.978Z
2026-10-04;Dieta Fish Low Carb & IG;631;1200;Dieta Fish Low Carb & IG;Obiad;140;Spaghetti pełnoziarniste w sosie śmietanowym z krewetkami, natka pietruszki, orzechy nerkowca;350;19.24;19.47;24.72;4.2;2.21;2.05;7.8;na ciepło;2026-09-29T13:53:32.978Z
2026-10-04;Dieta Fish Low Carb & IG;631;1200;Dieta Fish Low Carb & IG;Podwieczorek;141;Torcik brownie z musem malinowym;230;4.95;20.76;5.81;2.6;2.13;0.16;10.81;na zimno;2026-09-29T13:53:32.978Z
2026-10-04;Dieta Fish Low Carb & IG;631;1200;Dieta Fish Low Carb & IG;Kolacja;142;Placki z kalafiora z serem i migdałami, dip serowy, pomidorki;195;12.13;13.61;5.63;3.69;4.31;0.83;5.47;ciepło/zimno;2026-09-29T13:53:32.978Z
2026-10-04;Dieta Fodmap;617;1200;Dieta Fodmap;Śniadanie;143;Jogurt truskawkowy z siemieniem lnianym, musli kokosowe z bakaliami i arachidem, kiwi;239;6.8;11.94;25.26;3.76;16.01;0.17;5.59;na zimno;2026-09-29T13:53:32.978Z
2026-10-04;Dieta Fodmap;617;1200;Dieta Fodmap;II śniadanie;144;Pasztet drobiowy z pieczonymi warzywami, chleb twarogowy z nasionami chia, ogórek konserwowy;235;15.48;14.75;8.39;1.91;4.7;1.8;4;na zimno;2026-09-29T13:53:32.978Z
2026-10-04;Dieta Fodmap;617;1200;Dieta Fodmap;Obiad;145;Filet z indyka w sosie pomidorowo-ziołowym, komosa ryżowa, colesław z kukurydzą;339;23.34;11.59;34.98;6.89;6.66;0.74;0.97;na ciepło;2026-09-29T13:53:32.978Z
2026-10-04;Dieta Fodmap;617;1200;Dieta Fodmap;Podwieczorek;146;Ciasto bananowe z twarożkiem waniliowym;220;7.03;8.47;27.54;1.04;11.9;0.44;2.46;na zimno;2026-09-29T13:53:32.978Z
2026-10-04;Dieta Fodmap;617;1200;Dieta Fodmap;Kolacja;147;Shoarma z kurczaka z opiekanymi ziemniakami, mix sałat, dip 1000 wysp;219;19.34;8.86;15.59;1.43;2.5;0.44;1.13;na ciepło;2026-09-29T13:53:32.978Z
2026-10-04;Dieta Hashi Low Gluten & Lactose;629;1200;Dieta Hashi Low Gluten & Lactose;Śniadanie;148;Pancakes z makiem, twarożek waniliowy, cząstki pomarańczy;217;8.16;10.06;23.16;1.69;8.7;0.27;2.91;ciepło/zimno;2026-09-29T13:53:32.978Z
2026-10-04;Dieta Hashi Low Gluten & Lactose;629;1200;Dieta Hashi Low Gluten & Lactose;II śniadanie;149;Toskański krem z pomidorów z ryżem;171;3.1;10.15;16.72;2.64;4.76;0.71;4.07;na ciepło;2026-09-29T13:53:32.978Z
2026-10-04;Dieta Hashi Low Gluten & Lactose;629;1200;Dieta Hashi Low Gluten & Lactose;Obiad;150;Udko z kurczaka w sosie pieczeniowym, pieczone ziemniaki z czosnkiem, surówka z marchewki, jabłka i pora;372;20.11;20.74;25.37;5.78;7.5;1.41;0.94;na ciepło;2026-09-29T13:53:32.978Z
2026-10-04;Dieta Hashi Low Gluten & Lactose;629;1200;Dieta Hashi Low Gluten & Lactose;Podwieczorek;151;Deser twarożkowy z truskawkami i borówkami;195;9.14;12.41;14.95;0.77;8.13;0.1;8.12;na zimno;2026-09-29T13:53:32.978Z
2026-10-04;Dieta Hashi Low Gluten & Lactose;629;1200;Dieta Hashi Low Gluten & Lactose;Kolacja;152;Filet z dorsza w sosie marokańskim z warzywami z pary, kaszą jaglaną i świeżą kolendrą;291;23.05;7.07;33.07;6.8;6.87;0.82;2;na ciepło;2026-09-29T13:53:32.978Z
2026-10-04;Dieta Ketogeniczna;610;1500;Dieta Ketogeniczna;Śniadanie;153;Biała kiełbasa własnego wyrobu w dipie musztardowym, ogórek kiszony, pieczywo twarogowe;349;17.23;26.5;5.42;1.75;3.58;1.23;6.58;na zimno;2026-09-29T13:53:32.978Z
2026-10-04;Dieta Ketogeniczna;610;1500;Dieta Ketogeniczna;Obiad;154;Kotlet mielony w sosie pieczarkowym, puree z selera z orzechem laskowym, mizeria z koperkiem;500;20.51;40.48;7.95;5.93;5.89;0.85;16.34;na ciepło;2026-09-29T13:53:32.978Z
2026-10-04;Dieta Ketogeniczna;610;1500;Dieta Ketogeniczna;Podwieczorek;155;Pasta jajeczna z polędwicą wieprzową, boczkiem i szczypiorkiem, papryka;292;10.77;25.05;6.02;0.86;1.06;0.76;5.19;na zimno;2026-09-29T13:53:32.978Z
2026-10-04;Dieta Ketogeniczna;610;1500;Dieta Ketogeniczna;Kolacja;156;Pasztet wieprzowy z warzywami, grillowane pieczarki, dip pietruszkowy;463;14.44;41.72;3.29;4.43;1.73;1.08;10.9;na zimno;2026-09-29T13:53:32.978Z
2026-10-04;Dieta Light;612;1500;Dieta Light;Śniadanie;157;Wytrawny tost francuski, twarożek ziołowy, pieczony schab wieprzowy, pomidorki;278;24.53;10.09;22.35;0.97;4.72;0.28;4.2;ciepło/zimno;2026-09-29T13:53:32.978Z
2026-10-04;Dieta Light;612;1500;Dieta Light;II śniadanie;158;Jogurt brzoskwiniowy, musli z płatkami owsianymi;248;8.24;11.17;32.19;2.92;11.25;0.25;3.65;na zimno;2026-09-29T13:53:32.978Z
2026-10-04;Dieta Light;612;1500;Dieta Light;Obiad;159;Indyk w sosie śmietanowo-koperkowym, kopytka, marchewka i cukinia z tymiankiem;456;26.97;18.93;44.34;6.1;5.81;0.96;8.75;na ciepło;2026-09-29T13:53:32.978Z
2026-10-04;Dieta Light;612;1500;Dieta Light;Podwieczorek;160;Placek drożdżowy z wiśniami i kruszonką;211;5.48;8.66;27.96;0.8;7.32;0.04;4.94;na zimno;2026-09-29T13:53:32.978Z
2026-10-04;Dieta Light;612;1500;Dieta Light;Kolacja;161;Pierogi z twarogiem, sos truskawkowy, płatki migdałów;297;15.52;5.21;45.74;2.41;12.7;0.12;1.81;na ciepło;2026-09-29T13:53:32.978Z
2026-10-04;Dieta Low Carb & IG;628;1200;Dieta Low Carb & IG;Śniadanie;153;Biała kiełbasa własnego wyrobu w dipie musztardowym, ogórek kiszony, pieczywo twarogowe;267;14.51;19.12;5.32;1.71;3.57;1.24;5.03;na zimno;2026-09-29T13:53:32.978Z
2026-10-04;Dieta Low Carb & IG;628;1200;Dieta Low Carb & IG;II śniadanie;162;Pasta jajeczna z boczkiem i szczypiorkiem, chrupkie pieczywo, papryka;180;7.29;11.19;12.02;1.96;0.47;0.48;2.4;na zimno;2026-09-29T13:53:32.978Z
2026-10-04;Dieta Low Carb & IG;628;1200;Dieta Low Carb & IG;Obiad;163;Łosoś pieczony, sos cytrynowy, groszek maślany, surówka po żydowsku;359;23.66;23.28;13.73;5.42;4.81;1.36;6.65;na ciepło;2026-09-29T13:53:32.978Z
2026-10-04;Dieta Low Carb & IG;628;1200;Dieta Low Carb & IG;Podwieczorek;164;Makaron pełnoziarnisty z sosem bolognese i mozzarellą;246;19.73;9.25;20.86;3.79;1.58;0.3;2.62;na ciepło;2026-09-29T13:53:32.978Z
2026-10-04;Dieta Low Carb & IG;628;1200;Dieta Low Carb & IG;Kolacja;165;Sałatka z serem camembert, pomidorkami, orzechami włoskimi i winegretem cytrusowym;237;7.52;20.71;5.41;1.31;1.93;0.41;7.56;na zimno;2026-09-29T13:53:32.978Z
2026-10-04;Dieta START;634;1500;Dieta START;Śniadanie;130;Pasta jajeczna ze szczypiorkiem, ser gouda, chleb graham, kalarepa;520;28.39;27.74;39.18;6.36;2.15;2.23;9.7;na zimno;2026-09-30T19:54:27Z
2026-10-04;Dieta START;634;1500;Dieta START;Obiad;166;Tikka masala z kurczakiem, ryżem basmati i orzechami nerkowca;620;44.91;21.27;61.96;4.81;9.58;1.26;6.49;na ciepło;2026-09-29T13:53:32.978Z
2026-10-04;Dieta START;634;1500;Dieta START;Kolacja;167;Pinsa z salami, papryką i pieczarkami, dip czosnkowy;390;16.23;19.17;37.22;2.24;7.14;1.9;7.48;na zimno;2026-09-29T13:53:32.978Z
2026-10-04;Dieta Standard;583;1200;Dieta Standard;Śniadanie;135;Pieczona owsianka z czekoladą i daktylem, jogurt truskawkowy, winogrona;244;13.61;5.82;33.65;3.41;22.12;0.2;2.53;ciepło/zimno;2026-09-29T13:53:32.978Z
2026-10-04;Dieta Standard;583;1200;Dieta Standard;II śniadanie;136;Pizzerinka z farszem serowo-szpinakowym, dip pomidorowy;258;12.02;12.97;22.63;1.57;1.8;1.03;5.95;na ciepło;2026-09-29T13:53:32.978Z
2026-10-04;Dieta Standard;583;1200;Dieta Standard;Obiad;137;Filet z kurczaka w sosie koperkowym, talarki ziemniaczane, buraczki na zimno z jabłkiem i cebulą;336;24.86;13.19;29.25;4.28;15.26;0.93;6.21;na ciepło;2026-09-29T13:53:32.978Z
2026-10-04;Dieta Standard;583;1200;Dieta Standard;Podwieczorek;168;Deser karmelowy z konfiturą z wiśni;194;17.18;5.06;20.65;0.18;16.09;0.31;3.29;na zimno;2026-09-29T13:53:32.978Z
2026-10-04;Dieta Standard;583;1200;Dieta Standard;Kolacja;169;Wrap z gyrosem z kurczaka, papryką i kukurydzą, pomidorki, dip czosnkowy;255;9.31;11.41;28.81;2.54;7.3;1.15;1.75;ciepło/zimno;2026-09-29T13:53:32.978Z
2026-10-04;Dieta Śródziemnomorska;630;1200;Dieta Śródziemnomorska;Śniadanie;170;Pieczony filet z indyka, hummus z żurawiną, bułka musli, ogórek;314;21.43;12.41;28.29;4.68;5.58;1.09;1.34;na zimno;2026-09-29T13:53:32.978Z
2026-10-04;Dieta Śródziemnomorska;630;1200;Dieta Śródziemnomorska;II śniadanie;171;Toskański krem z pomidorów z grzankami czosnkowo-ziołowymi;153;3.62;9.21;13.47;2.32;5.13;0.86;3.34;na ciepło;2026-09-29T13:53:32.978Z
2026-10-04;Dieta Śródziemnomorska;630;1200;Dieta Śródziemnomorska;Obiad;172;Gołąbki bez zawijania w sosie pomidorowym, cząstki ziemniaczane, surówka z buraków, jabłka i cebuli;331;15.91;10.76;42.38;6.59;14.07;0.88;1.98;na ciepło;2026-09-29T13:53:32.978Z
2026-10-04;Dieta Śródziemnomorska;630;1200;Dieta Śródziemnomorska;Podwieczorek;173;Torcik piernikowy z musem śliwkowym;170;5.77;8.48;17.09;1.83;4.05;0.12;3.56;na zimno;2026-09-29T13:53:32.978Z
2026-10-04;Dieta Śródziemnomorska;630;1200;Dieta Śródziemnomorska;Kolacja;174;Filet z morszczuka w sosie cytrynowym, ryż z kurkumą, brokuł;293;21.31;9.82;29.92;3.8;1.28;0.57;3.95;na ciepło;2026-09-29T13:53:32.978Z
2026-10-04;Wybór menu / BASIC;614;2000;BASIC;Śniadanie;135;Pieczona owsianka z czekoladą i daktylem, jogurt truskawkowy, winogrona;368.16;21.76;9.11;48.82;5.19;30.19;0.31;3.86;ciepło/zimno;2026-09-29T13:53:32.978Z
2026-10-04;Wybór menu / BASIC;614;2000;Dieta Active Pro;Śniadanie;130;Pasta jajeczna ze szczypiorkiem, ser gouda, chleb graham, kalarepa;499.12;27.14;26.24;38.55;6.13;2;2.18;9.45;na zimno;2026-09-30T19:54:27Z
2026-10-04;Wybór menu / BASIC;614;2000;Dieta Light;Śniadanie;157;Wytrawny tost francuski, twarożek ziołowy, pieczony schab wieprzowy, pomidorki;440.77;35.25;15.14;41.16;1.07;6.46;0.45;6.12;ciepło/zimno;2026-09-29T13:53:32.978Z
2026-10-04;Wybór menu / BASIC;614;2000;BASIC;II śniadanie;136;Pizzerinka z farszem serowo-szpinakowym, dip pomidorowy;389.46;18.09;19.55;34.16;2.41;2.88;1.57;8.93;na ciepło;2026-09-29T13:53:32.978Z
2026-10-04;Wybór menu / BASIC;614;2000;Dieta Active Pro;II śniadanie;131;Zupa krem z papryki z kurczakiem;242.13;23.81;10.53;11.26;2.38;6.65;1.48;3.13;na ciepło;2026-09-29T13:53:32.978Z
2026-10-04;Wybór menu / BASIC;614;2000;Dieta Light;II śniadanie;158;Jogurt brzoskwiniowy, musli z płatkami owsianymi;351.2;11.78;15.48;46.89;4.02;16.52;0.36;5.25;na zimno;2026-09-29T13:53:32.978Z
2026-10-04;Wybór menu / BASIC;614;2000;BASIC;Obiad;137;Filet z kurczaka w sosie koperkowym, talarki ziemniaczane, buraczki na zimno z jabłkiem i cebulą;455.49;39.53;15.13;40.07;5.4;15.84;1.11;6.47;na ciepło;2026-09-29T13:53:32.978Z
2026-10-04;Wybór menu / BASIC;614;2000;Dieta Active Pro;Obiad;132;Gulasz z wieprzowiną, papryką i pieczarkami, kasza bulgur z czarną soczewicą, surówka z białej kapusty, papryki i kukurydzy;596.81;53.3;18.55;53.91;14.12;8.38;1.45;3.71;na ciepło;2026-09-29T13:53:32.978Z
2026-10-04;Wybór menu / BASIC;614;2000;Dieta Light;Obiad;159;Indyk w sosie śmietanowo-koperkowym, kopytka, marchewka i cukinia z tymiankiem;571.36;34.81;20.32;62.05;7.19;6.26;1.08;8.92;na ciepło;2026-09-29T13:53:32.978Z
2026-10-04;Wybór menu / BASIC;614;2000;BASIC;Podwieczorek;168;Deser karmelowy z konfiturą z wiśni;348.65;30.1;8.87;38.45;0.37;30.1;0.55;5.77;na zimno;2026-09-29T13:53:32.978Z
2026-10-04;Wybór menu / BASIC;614;2000;Dieta Active Pro;Podwieczorek;133;Sernik z chia i żelką czereśniową;279.93;11.61;14.41;26.3;2.47;7.25;0.26;2.31;na zimno;2026-09-29T13:53:32.978Z
2026-10-04;Wybór menu / BASIC;614;2000;Dieta Light;Podwieczorek;160;Placek drożdżowy z wiśniami i kruszonką;301.51;7.83;12.37;39.94;1.15;10.45;0.06;7.06;na zimno;2026-09-29T13:53:32.978Z
2026-10-04;Wybór menu / BASIC;614;2000;BASIC;Kolacja;169;Wrap z gyrosem z kurczaka, papryką i kukurydzą, pomidorki, dip czosnkowy;484.6;17.79;21.29;55.38;4.35;12.5;2.25;3.28;ciepło/zimno;2026-09-29T13:53:32.978Z
2026-10-04;Wybór menu / BASIC;614;2000;Dieta Active Pro;Kolacja;134;Makaron penne w sosie pomidorowym z tuńczykiem, mini mozzarellą i natką pietruszki;455.4;27.8;13.66;55.25;3.68;6.26;1.15;5.66;na ciepło;2026-09-29T13:53:32.978Z
2026-10-04;Wybór menu / BASIC;614;2000;Dieta Light;Kolacja;161;Pierogi z twarogiem, sos truskawkowy, płatki migdałów;426.61;21.94;7.73;65.37;3.55;19.02;0.17;2.57;na ciepło;2026-09-29T13:53:32.978Z
2026-10-04;Wybór menu / COMFORT;614;2000;COMFORT;Śniadanie;135;Pieczona owsianka z czekoladą i daktylem, jogurt truskawkowy, winogrona;368.16;21.76;9.11;48.82;5.19;30.19;0.31;3.86;ciepło/zimno;2026-09-29T13:53:32.978Z
2026-10-04;Wybór menu / COMFORT;614;2000;Dieta Active Pro;Śniadanie;130;Pasta jajeczna ze szczypiorkiem, ser gouda, chleb graham, kalarepa;499.12;27.14;26.24;38.55;6.13;2;2.18;9.45;na zimno;2026-09-30T19:54:27Z
2026-10-04;Wybór menu / COMFORT;614;2000;Dieta Fish Low Carb & IG;Śniadanie;138;Pasta z tuńczykiem i szczypiorkiem, chleb żytni, papryka;361.68;26.6;13.47;33.6;6;2.73;1.88;1.97;na zimno;2026-09-29T13:53:32.978Z
2026-10-04;Wybór menu / COMFORT;614;2000;Dieta Light;Śniadanie;157;Wytrawny tost francuski, twarożek ziołowy, pieczony schab wieprzowy, pomidorki;440.77;35.25;15.14;41.16;1.07;6.46;0.45;6.12;ciepło/zimno;2026-09-29T13:53:32.978Z
2026-10-04;Wybór menu / COMFORT;614;2000;Dieta Low Carb & IG;Śniadanie;153;Biała kiełbasa własnego wyrobu w dipie musztardowym, ogórek kiszony, pieczywo twarogowe;392.05;20.44;28.78;7.32;2.2;4.94;1.64;7.63;na zimno;2026-09-29T13:53:32.978Z
2026-10-04;Wybór menu / COMFORT;614;2000;COMFORT;II śniadanie;136;Pizzerinka z farszem serowo-szpinakowym, dip pomidorowy;389.46;18.09;19.55;34.16;2.41;2.88;1.57;8.93;na ciepło;2026-09-29T13:53:32.978Z
2026-10-04;Wybór menu / COMFORT;614;2000;Dieta Active Pro;II śniadanie;131;Zupa krem z papryki z kurczakiem;242.13;23.81;10.53;11.26;2.38;6.65;1.48;3.13;na ciepło;2026-09-29T13:53:32.978Z
2026-10-04;Wybór menu / COMFORT;614;2000;Dieta Fish Low Carb & IG;II śniadanie;139;Pudding chia waniliowy z konfiturą malinową, płatki migdałowe;283.52;13.2;16.04;21.12;9.6;13.37;0.21;5;na zimno;2026-09-29T13:53:32.978Z
2026-10-04;Wybór menu / COMFORT;614;2000;Dieta Light;II śniadanie;158;Jogurt brzoskwiniowy, musli z płatkami owsianymi;351.2;11.78;15.48;46.89;4.02;16.52;0.36;5.25;na zimno;2026-09-29T13:53:32.978Z
2026-10-04;Wybór menu / COMFORT;614;2000;Dieta Low Carb & IG;II śniadanie;162;Pasta jajeczna z boczkiem i szczypiorkiem, chrupkie pieczywo, papryka;323.84;13.41;22.18;16.65;2.68;0.71;0.89;4.78;na zimno;2026-09-29T13:53:32.978Z
2026-10-04;Wybór menu / COMFORT;614;2000;COMFORT;Obiad;137;Filet z kurczaka w sosie koperkowym, talarki ziemniaczane, buraczki na zimno z jabłkiem i cebulą;455.49;39.53;15.13;40.07;5.4;15.84;1.11;6.47;na ciepło;2026-09-29T13:53:32.978Z
2026-10-04;Wybór menu / COMFORT;614;2000;Dieta Active Pro;Obiad;132;Gulasz z wieprzowiną, papryką i pieczarkami, kasza bulgur z czarną soczewicą, surówka z białej kapusty, papryki i kukurydzy;596.81;53.3;18.55;53.91;14.12;8.38;1.45;3.71;na ciepło;2026-09-29T13:53:32.978Z
2026-10-04;Wybór menu / COMFORT;614;2000;Dieta Fish Low Carb & IG;Obiad;140;Spaghetti pełnoziarniste w sosie śmietanowym z krewetkami, natka pietruszki, orzechy nerkowca;604.46;33.46;33.74;42.17;7.07;3.86;3.57;13.31;na ciepło;2026-09-29T13:53:32.978Z
2026-10-04;Wybór menu / COMFORT;614;2000;Dieta Light;Obiad;159;Indyk w sosie śmietanowo-koperkowym, kopytka, marchewka i cukinia z tymiankiem;571.36;34.81;20.32;62.05;7.19;6.26;1.08;8.92;na ciepło;2026-09-29T13:53:32.978Z
2026-10-04;Wybór menu / COMFORT;614;2000;Dieta Low Carb & IG;Obiad;163;Łosoś pieczony, sos cytrynowy, groszek maślany, surówka po żydowsku;479.46;33.66;30.94;16.69;7.2;6.56;1.82;8.64;na ciepło;2026-09-29T13:53:32.978Z
2026-10-04;Wybór menu / COMFORT;614;2000;COMFORT;Podwieczorek;168;Deser karmelowy z konfiturą z wiśni;348.65;30.1;8.87;38.45;0.37;30.1;0.55;5.77;na zimno;2026-09-29T13:53:32.978Z
2026-10-04;Wybór menu / COMFORT;614;2000;Dieta Active Pro;Podwieczorek;133;Sernik z chia i żelką czereśniową;279.93;11.61;14.41;26.3;2.47;7.25;0.26;2.31;na zimno;2026-09-29T13:53:32.978Z
2026-10-04;Wybór menu / COMFORT;614;2000;Dieta Fish Low Carb & IG;Podwieczorek;141;Torcik brownie z musem malinowym;393.47;8.48;35.59;9.96;4.46;3.65;0.27;18.53;na zimno;2026-09-29T13:53:32.978Z
2026-10-04;Wybór menu / COMFORT;614;2000;Dieta Light;Podwieczorek;160;Placek drożdżowy z wiśniami i kruszonką;301.51;7.83;12.37;39.94;1.15;10.45;0.06;7.06;na zimno;2026-09-29T13:53:32.978Z
2026-10-04;Wybór menu / COMFORT;614;2000;Dieta Low Carb & IG;Podwieczorek;164;Makaron pełnoziarnisty z sosem bolognese i mozzarellą;432.14;35.44;16.58;35.29;6.47;2.85;0.56;4.85;na ciepło;2026-09-29T13:53:32.978Z
2026-10-04;Wybór menu / COMFORT;614;2000;COMFORT;Kolacja;169;Wrap z gyrosem z kurczaka, papryką i kukurydzą, pomidorki, dip czosnkowy;484.6;17.79;21.29;55.38;4.35;12.5;2.25;3.28;ciepło/zimno;2026-09-29T13:53:32.978Z
2026-10-04;Wybór menu / COMFORT;614;2000;Dieta Active Pro;Kolacja;134;Makaron penne w sosie pomidorowym z tuńczykiem, mini mozzarellą i natką pietruszki;455.4;27.8;13.66;55.25;3.68;6.26;1.15;5.66;na ciepło;2026-09-29T13:53:32.978Z
2026-10-04;Wybór menu / COMFORT;614;2000;Dieta Fish Low Carb & IG;Kolacja;142;Placki z kalafiora z serem i migdałami, dip serowy, pomidorki;363.42;23.14;25.67;9.05;6.65;6.53;1.56;10.48;ciepło/zimno;2026-09-29T13:53:32.978Z
2026-10-04;Wybór menu / COMFORT;614;2000;Dieta Light;Kolacja;161;Pierogi z twarogiem, sos truskawkowy, płatki migdałów;426.61;21.94;7.73;65.37;3.55;19.02;0.17;2.57;na ciepło;2026-09-29T13:53:32.978Z
2026-10-04;Wybór menu / COMFORT;614;2000;Dieta Low Carb & IG;Kolacja;165;Sałatka z serem camembert, pomidorkami, orzechami włoskimi i winegretem cytrusowym;411.19;13.33;36.79;6.99;1.62;2.14;0.8;14.71;na zimno;2026-09-29T13:53:32.978Z
2026-10-04;Wybór menu / KETO FUSION;614;2000;Dieta Ketogeniczna;Śniadanie;153;Biała kiełbasa własnego wyrobu w dipie musztardowym, ogórek kiszony, pieczywo twarogowe;497.78;23.06;38.86;7.42;2.24;4.95;1.6;9.3;na zimno;2026-09-29T13:53:32.978Z
2026-10-04;Wybór menu / KETO FUSION;614;2000;Dieta Śródziemnomorska Keto;Śniadanie;175;Polędwica dojrzewająca, ser żółty, masło ziołowe, pomidorki, chleb keto;430.78;27.12;30.32;10.01;5.53;2.46;0.77;14.28;na zimno;2026-09-29T13:53:32.978Z
2026-10-04;Wybór menu / KETO FUSION;614;2000;Dieta Ketogeniczna;Obiad;154;Kotlet mielony w sosie pieczarkowym, puree z selera z orzechem laskowym, mizeria z koperkiem;664.19;28.63;53.22;9.39;7.71;6.8;1.03;20.67;na ciepło;2026-09-29T13:53:32.978Z
2026-10-04;Wybór menu / KETO FUSION;614;2000;Dieta Śródziemnomorska Keto;Obiad;176;Filet z morszczuka zapiekany z serem w sosie śmietanowo-ziołowym, warzywa stir fry, surówka z kapusty kiszonej;659.3;36.06;51.95;11.91;8.4;5.6;2.96;12.75;na ciepło;2026-09-29T13:53:32.978Z
2026-10-04;Wybór menu / KETO FUSION;614;2000;Dieta Ketogeniczna;Podwieczorek;155;Pasta jajeczna z polędwicą wieprzową, boczkiem i szczypiorkiem, papryka;344.5;13;29.74;6.37;0.88;1.3;0.91;5.79;na zimno;2026-09-29T13:53:32.978Z
2026-10-04;Wybór menu / KETO FUSION;614;2000;Dieta Śródziemnomorska Keto;Podwieczorek;177;Keto torcik brownie z musem malinowym;447.68;12.08;41.15;7.57;3.57;3.21;0.24;22.16;na zimno;2026-09-29T13:53:32.978Z
2026-10-04;Wybór menu / KETO FUSION;614;2000;Dieta Ketogeniczna;Kolacja;156;Pasztet wieprzowy z warzywami, grillowane pieczarki, dip pietruszkowy;635.59;18.65;57.93;4.61;5.36;2.68;1.43;14.92;na zimno;2026-09-29T13:53:32.978Z
2026-10-04;Wybór menu / KETO FUSION;614;2000;Dieta Śródziemnomorska Keto;Kolacja;178;Moussaka z dipem ranczerskim;537.43;22.72;43.83;7.57;4.13;4.89;1.04;15.65;na ciepło;2026-09-29T13:53:32.978Z
2026-10-04;Wybór menu / LADIES VIBES;614;2000;BASIC;Śniadanie;135;Pieczona owsianka z czekoladą i daktylem, jogurt truskawkowy, winogrona;368.16;21.76;9.11;48.82;5.19;30.19;0.31;3.86;ciepło/zimno;2026-09-29T13:53:32.978Z
2026-10-04;Wybór menu / LADIES VIBES;614;2000;Dieta Active Pro;Śniadanie;130;Pasta jajeczna ze szczypiorkiem, ser gouda, chleb graham, kalarepa;499.12;27.14;26.24;38.55;6.13;2;2.18;9.45;na zimno;2026-09-30T19:54:27Z
2026-10-04;Wybór menu / LADIES VIBES;614;2000;Dieta Light;Śniadanie;157;Wytrawny tost francuski, twarożek ziołowy, pieczony schab wieprzowy, pomidorki;440.77;35.25;15.14;41.16;1.07;6.46;0.45;6.12;ciepło/zimno;2026-09-29T13:53:32.978Z
2026-10-04;Wybór menu / LADIES VIBES;614;2000;BASIC;II śniadanie;136;Pizzerinka z farszem serowo-szpinakowym, dip pomidorowy;389.46;18.09;19.55;34.16;2.41;2.88;1.57;8.93;na ciepło;2026-09-29T13:53:32.978Z
2026-10-04;Wybór menu / LADIES VIBES;614;2000;Dieta Active Pro;II śniadanie;131;Zupa krem z papryki z kurczakiem;242.13;23.81;10.53;11.26;2.38;6.65;1.48;3.13;na ciepło;2026-09-29T13:53:32.978Z
2026-10-04;Wybór menu / LADIES VIBES;614;2000;Dieta Light;II śniadanie;158;Jogurt brzoskwiniowy, musli z płatkami owsianymi;351.2;11.78;15.48;46.89;4.02;16.52;0.36;5.25;na zimno;2026-09-29T13:53:32.978Z
2026-10-04;Wybór menu / LADIES VIBES;614;2000;BASIC;Obiad;137;Filet z kurczaka w sosie koperkowym, talarki ziemniaczane, buraczki na zimno z jabłkiem i cebulą;455.49;39.53;15.13;40.07;5.4;15.84;1.11;6.47;na ciepło;2026-09-29T13:53:32.978Z
2026-10-04;Wybór menu / LADIES VIBES;614;2000;Dieta Active Pro;Obiad;132;Gulasz z wieprzowiną, papryką i pieczarkami, kasza bulgur z czarną soczewicą, surówka z białej kapusty, papryki i kukurydzy;596.81;53.3;18.55;53.91;14.12;8.38;1.45;3.71;na ciepło;2026-09-29T13:53:32.978Z
2026-10-04;Wybór menu / LADIES VIBES;614;2000;Dieta Light;Obiad;159;Indyk w sosie śmietanowo-koperkowym, kopytka, marchewka i cukinia z tymiankiem;571.36;34.81;20.32;62.05;7.19;6.26;1.08;8.92;na ciepło;2026-09-29T13:53:32.978Z
2026-10-04;Wybór menu / LADIES VIBES;614;2000;BASIC;Podwieczorek;168;Deser karmelowy z konfiturą z wiśni;348.65;30.1;8.87;38.45;0.37;30.1;0.55;5.77;na zimno;2026-09-29T13:53:32.978Z
2026-10-04;Wybór menu / LADIES VIBES;614;2000;Dieta Active Pro;Podwieczorek;133;Sernik z chia i żelką czereśniową;279.93;11.61;14.41;26.3;2.47;7.25;0.26;2.31;na zimno;2026-09-29T13:53:32.978Z
2026-10-04;Wybór menu / LADIES VIBES;614;2000;Dieta Light;Podwieczorek;160;Placek drożdżowy z wiśniami i kruszonką;301.51;7.83;12.37;39.94;1.15;10.45;0.06;7.06;na zimno;2026-09-29T13:53:32.978Z
2026-10-04;Wybór menu / LADIES VIBES;614;2000;BASIC;Kolacja;169;Wrap z gyrosem z kurczaka, papryką i kukurydzą, pomidorki, dip czosnkowy;484.6;17.79;21.29;55.38;4.35;12.5;2.25;3.28;ciepło/zimno;2026-09-29T13:53:32.978Z
2026-10-04;Wybór menu / LADIES VIBES;614;2000;Dieta Active Pro;Kolacja;134;Makaron penne w sosie pomidorowym z tuńczykiem, mini mozzarellą i natką pietruszki;455.4;27.8;13.66;55.25;3.68;6.26;1.15;5.66;na ciepło;2026-09-29T13:53:32.978Z
2026-10-04;Wybór menu / LADIES VIBES;614;2000;Dieta Light;Kolacja;161;Pierogi z twarogiem, sos truskawkowy, płatki migdałów;426.61;21.94;7.73;65.37;3.55;19.02;0.17;2.57;na ciepło;2026-09-29T13:53:32.978Z
2026-10-04;Wybór menu / SUPREME;614;2000;Dieta Active Pro;Śniadanie;130;Pasta jajeczna ze szczypiorkiem, ser gouda, chleb graham, kalarepa;499.12;27.14;26.24;38.55;6.13;2;2.18;9.45;na zimno;2026-09-30T19:54:27Z
2026-10-04;Wybór menu / SUPREME;614;2000;Dieta Fish Low Carb & IG;Śniadanie;138;Pasta z tuńczykiem i szczypiorkiem, chleb żytni, papryka;361.68;26.6;13.47;33.6;6;2.73;1.88;1.97;na zimno;2026-09-29T13:53:32.978Z
2026-10-04;Wybór menu / SUPREME;614;2000;Dieta Kuchnie Świata;Śniadanie;148;Pancakes z makiem, twarożek waniliowy, cząstki pomarańczy;456.46;21.66;16.42;54.41;2.52;21.41;0.46;4.17;ciepło/zimno;2026-09-29T13:53:32.978Z
2026-10-04;Wybór menu / SUPREME;614;2000;Dieta Light;Śniadanie;157;Wytrawny tost francuski, twarożek ziołowy, pieczony schab wieprzowy, pomidorki;440.77;35.25;15.14;41.16;1.07;6.46;0.45;6.12;ciepło/zimno;2026-09-29T13:53:32.978Z
2026-10-04;Wybór menu / SUPREME;614;2000;Dieta Low Carb & IG;Śniadanie;153;Biała kiełbasa własnego wyrobu w dipie musztardowym, ogórek kiszony, pieczywo twarogowe;392.05;20.44;28.78;7.32;2.2;4.94;1.64;7.63;na zimno;2026-09-29T13:53:32.978Z
2026-10-04;Wybór menu / SUPREME;614;2000;Dieta Top Taste;Śniadanie;179;Burger Truflon Vikinga;581.56;23.18;31.21;51.23;3.29;11.6;1.53;10.53;na ciepło;2026-09-29T13:53:32.978Z
2026-10-04;Wybór menu / SUPREME;614;2000;Dieta Śródziemnomorska;Śniadanie;170;Pieczony filet z indyka, hummus z żurawiną, bułka musli, ogórek;490.25;34.53;20.45;40.72;7.29;6.77;1.72;2.19;na zimno;2026-09-29T13:53:32.978Z
2026-10-04;Wybór menu / SUPREME;614;2000;SUPREME;Śniadanie;135;Pieczona owsianka z czekoladą i daktylem, jogurt truskawkowy, winogrona;368.16;21.76;9.11;48.82;5.19;30.19;0.31;3.86;ciepło/zimno;2026-09-29T13:53:32.978Z
2026-10-04;Wybór menu / SUPREME;614;2000;Dieta Active Pro;II śniadanie;131;Zupa krem z papryki z kurczakiem;242.13;23.81;10.53;11.26;2.38;6.65;1.48;3.13;na ciepło;2026-09-29T13:53:32.978Z
2026-10-04;Wybór menu / SUPREME;614;2000;Dieta Fish Low Carb & IG;II śniadanie;139;Pudding chia waniliowy z konfiturą malinową, płatki migdałowe;283.52;13.2;16.04;21.12;9.6;13.37;0.21;5;na zimno;2026-09-29T13:53:32.978Z
2026-10-04;Wybór menu / SUPREME;614;2000;Dieta Kuchnie Świata;II śniadanie;180;Meksykańska wege quesadilla z fasolą i tofu, dip ranczerski, pomidorki;409.69;13.42;15.12;54.8;4.45;15.17;2.19;6.88;ciepło/zimno;2026-09-29T13:53:32.978Z
2026-10-04;Wybór menu / SUPREME;614;2000;Dieta Light;II śniadanie;158;Jogurt brzoskwiniowy, musli z płatkami owsianymi;351.2;11.78;15.48;46.89;4.02;16.52;0.36;5.25;na zimno;2026-09-29T13:53:32.978Z
2026-10-04;Wybór menu / SUPREME;614;2000;Dieta Low Carb & IG;II śniadanie;162;Pasta jajeczna z boczkiem i szczypiorkiem, chrupkie pieczywo, papryka;323.84;13.41;22.18;16.65;2.68;0.71;0.89;4.78;na zimno;2026-09-29T13:53:32.978Z
2026-10-04;Wybór menu / SUPREME;614;2000;Dieta Top Taste;II śniadanie;181;Kasza manna z konfiturą jagodową;205.04;8.36;3.48;40.37;0.88;10.74;0.22;2.19;ciepło/zimno;2026-09-29T13:53:32.978Z
2026-10-04;Wybór menu / SUPREME;614;2000;Dieta Śródziemnomorska;II śniadanie;171;Toskański krem z pomidorów z grzankami czosnkowo-ziołowymi;178.18;4.31;10.04;17.17;2.32;5.21;0.96;3.4;na ciepło;2026-09-29T13:53:32.978Z
2026-10-04;Wybór menu / SUPREME;614;2000;SUPREME;II śniadanie;136;Pizzerinka z farszem serowo-szpinakowym, dip pomidorowy;389.46;18.09;19.55;34.16;2.41;2.88;1.57;8.93;na ciepło;2026-09-29T13:53:32.978Z
2026-10-04;Wybór menu / SUPREME;614;2000;Dieta Active Pro;Obiad;132;Gulasz z wieprzowiną, papryką i pieczarkami, kasza bulgur z czarną soczewicą, surówka z białej kapusty, papryki i kukurydzy;596.81;53.3;18.55;53.91;14.12;8.38;1.45;3.71;na ciepło;2026-09-29T13:53:32.978Z
2026-10-04;Wybór menu / SUPREME;614;2000;Dieta Fish Low Carb & IG;Obiad;140;Spaghetti pełnoziarniste w sosie śmietanowym z krewetkami, natka pietruszki, orzechy nerkowca;604.46;33.46;33.74;42.17;7.07;3.86;3.57;13.31;na ciepło;2026-09-29T13:53:32.978Z
2026-10-04;Wybór menu / SUPREME;614;2000;Dieta Kuchnie Świata;Obiad;182;Filet z kurczaka po toskańsku, kremowe pęczotto, grillowana cukinia z suszonymi pomidorami;431.45;39.77;19.73;23.6;3.89;8.02;1.16;6.61;na ciepło;2026-09-29T13:53:32.978Z
2026-10-04;Wybór menu / SUPREME;614;2000;Dieta Light;Obiad;159;Indyk w sosie śmietanowo-koperkowym, kopytka, marchewka i cukinia z tymiankiem;571.36;34.81;20.32;62.05;7.19;6.26;1.08;8.92;na ciepło;2026-09-29T13:53:32.978Z
2026-10-04;Wybór menu / SUPREME;614;2000;Dieta Low Carb & IG;Obiad;163;Łosoś pieczony, sos cytrynowy, groszek maślany, surówka po żydowsku;479.46;33.66;30.94;16.69;7.2;6.56;1.82;8.64;na ciepło;2026-09-29T13:53:32.978Z
2026-10-04;Wybór menu / SUPREME;614;2000;Dieta Top Taste;Obiad;166;Tikka masala z kurczakiem, ryżem basmati i orzechami nerkowca;569.2;40.97;19.76;56.61;4.41;8.79;1.15;5.99;na ciepło;2026-09-29T13:53:32.978Z
2026-10-04;Wybór menu / SUPREME;614;2000;Dieta Śródziemnomorska;Obiad;172;Gołąbki bez zawijania w sosie pomidorowym, cząstki ziemniaczane, surówka z buraków, jabłka i cebuli;512.27;27.87;16.5;62.82;8.67;15.32;1.17;3.42;na ciepło;2026-09-29T13:53:32.978Z
2026-10-04;Wybór menu / SUPREME;614;2000;SUPREME;Obiad;137;Filet z kurczaka w sosie koperkowym, talarki ziemniaczane, buraczki na zimno z jabłkiem i cebulą;455.49;39.53;15.13;40.07;5.4;15.84;1.11;6.47;na ciepło;2026-09-29T13:53:32.978Z
2026-10-04;Wybór menu / SUPREME;614;2000;Dieta Active Pro;Podwieczorek;133;Sernik z chia i żelką czereśniową;279.93;11.61;14.41;26.3;2.47;7.25;0.26;2.31;na zimno;2026-09-29T13:53:32.978Z
2026-10-04;Wybór menu / SUPREME;614;2000;Dieta Fish Low Carb & IG;Podwieczorek;141;Torcik brownie z musem malinowym;393.47;8.48;35.59;9.96;4.46;3.65;0.27;18.53;na zimno;2026-09-29T13:53:32.978Z
2026-10-04;Wybór menu / SUPREME;614;2000;Dieta Kuchnie Świata;Podwieczorek;183;Klasyczny makowiec japoński;273.35;6.93;16.06;24.9;5.11;21.04;0.52;5.98;na zimno;2026-09-29T13:53:32.978Z
2026-10-04;Wybór menu / SUPREME;614;2000;Dieta Light;Podwieczorek;160;Placek drożdżowy z wiśniami i kruszonką;301.51;7.83;12.37;39.94;1.15;10.45;0.06;7.06;na zimno;2026-09-29T13:53:32.978Z
2026-10-04;Wybór menu / SUPREME;614;2000;Dieta Low Carb & IG;Podwieczorek;164;Makaron pełnoziarnisty z sosem bolognese i mozzarellą;432.14;35.44;16.58;35.29;6.47;2.85;0.56;4.85;na ciepło;2026-09-29T13:53:32.978Z
2026-10-04;Wybór menu / SUPREME;614;2000;Dieta Top Taste;Podwieczorek;4;Batonik owsiany z czekoladą;326.87;9.6;16.36;35.31;3.07;20.03;0.2;3.96;na zimno;2026-09-29T13:53:32.978Z
2026-10-04;Wybór menu / SUPREME;614;2000;Dieta Śródziemnomorska;Podwieczorek;173;Torcik piernikowy z musem śliwkowym;319.66;10.81;15.9;32.04;3.43;7.59;0.22;6.68;na zimno;2026-09-29T13:53:32.978Z
2026-10-04;Wybór menu / SUPREME;614;2000;SUPREME;Podwieczorek;168;Deser karmelowy z konfiturą z wiśni;348.65;30.1;8.87;38.45;0.37;30.1;0.55;5.77;na zimno;2026-09-29T13:53:32.978Z
2026-10-04;Wybór menu / SUPREME;614;2000;Dieta Active Pro;Kolacja;134;Makaron penne w sosie pomidorowym z tuńczykiem, mini mozzarellą i natką pietruszki;455.4;27.8;13.66;55.25;3.68;6.26;1.15;5.66;na ciepło;2026-09-29T13:53:32.978Z
2026-10-04;Wybór menu / SUPREME;614;2000;Dieta Fish Low Carb & IG;Kolacja;142;Placki z kalafiora z serem i migdałami, dip serowy, pomidorki;363.42;23.14;25.67;9.05;6.65;6.53;1.56;10.48;ciepło/zimno;2026-09-29T13:53:32.978Z
2026-10-04;Wybór menu / SUPREME;614;2000;Dieta Kuchnie Świata;Kolacja;184;Ryż smażony z warzywami po chińsku z krewetkami, brokułem i sosem hoisin;401.44;28.3;17.63;32.07;4.23;3.22;3.99;2.27;ciepło/zimno;2026-09-29T13:53:32.978Z
2026-10-04;Wybór menu / SUPREME;614;2000;Dieta Light;Kolacja;161;Pierogi z twarogiem, sos truskawkowy, płatki migdałów;426.61;21.94;7.73;65.37;3.55;19.02;0.17;2.57;na ciepło;2026-09-29T13:53:32.978Z
2026-10-04;Wybór menu / SUPREME;614;2000;Dieta Low Carb & IG;Kolacja;165;Sałatka z serem camembert, pomidorkami, orzechami włoskimi i winegretem cytrusowym;411.19;13.33;36.79;6.99;1.62;2.14;0.8;14.71;na zimno;2026-09-29T13:53:32.978Z
2026-10-04;Wybór menu / SUPREME;614;2000;Dieta Top Taste;Kolacja;167;Pinsa z salami, papryką i pieczarkami, dip czosnkowy;390.38;16.23;19.17;37.22;2.24;7.14;1.9;7.48;na zimno;2026-09-29T13:53:32.978Z
2026-10-04;Wybór menu / SUPREME;614;2000;Dieta Śródziemnomorska;Kolacja;174;Filet z morszczuka w sosie cytrynowym, ryż z kurkumą, brokuł;425.33;32.44;11.87;47.14;4.87;1.33;0.8;4.33;na ciepło;2026-09-29T13:53:32.978Z
2026-10-04;Wybór menu / SUPREME;614;2000;SUPREME;Kolacja;169;Wrap z gyrosem z kurczaka, papryką i kukurydzą, pomidorki, dip czosnkowy;484.6;17.79;21.29;55.38;4.35;12.5;2.25;3.28;ciepło/zimno;2026-09-29T13:53:32.978Z
2026-10-04;Wybór menu / TYPES OF VEGE;614;2000;Dieta Fish Low Carb & IG;Śniadanie;138;Pasta z tuńczykiem i szczypiorkiem, chleb żytni, papryka;361.68;26.6;13.47;33.6;6;2.73;1.88;1.97;na zimno;2026-09-29T13:53:32.978Z
2026-10-04;Wybór menu / TYPES OF VEGE;614;2000;Dieta Wegańska;Śniadanie;185;Meksykańska quesadilla z tofu, dip sriracha-mayo, pomidorki;429.56;13.02;21.14;46.83;5.91;6.95;2.6;10.82;ciepło/zimno;2026-09-29T13:53:32.978Z
2026-10-04;Wybór menu / TYPES OF VEGE;614;2000;Dieta Wegetariańska;Śniadanie;130;Pasta jajeczna ze szczypiorkiem, ser gouda, chleb graham, kalarepa;427.96;21.04;21.43;37.68;5.52;2.11;1.9;6.01;na zimno;2026-09-29T13:53:32.978Z
2026-10-04;Wybór menu / TYPES OF VEGE;614;2000;Dieta Fish Low Carb & IG;II śniadanie;139;Pudding chia waniliowy z konfiturą malinową, płatki migdałowe;283.52;13.2;16.04;21.12;9.6;13.37;0.21;5;na zimno;2026-09-29T13:53:32.978Z
2026-10-04;Wybór menu / TYPES OF VEGE;614;2000;Dieta Wegańska;II śniadanie;186;Smarowidło z orzechów nerkowca z pieprzem, prażony słonecznik, warzywa, mini wafle kukurydziane;317.29;10.61;16.78;30.23;2.56;2.34;0.35;9.38;na zimno;2026-09-29T13:53:32.978Z
2026-10-04;Wybór menu / TYPES OF VEGE;614;2000;Dieta Wegetariańska;II śniadanie;187;Toskańska zupa pomidorowa z czerwoną fasolą i mozzarellą;183.73;7.7;11.16;13.06;4.94;5.57;0.96;5;na ciepło;2026-09-29T13:53:32.978Z
2026-10-04;Wybór menu / TYPES OF VEGE;614;2000;Dieta Fish Low Carb & IG;Obiad;140;Spaghetti pełnoziarniste w sosie śmietanowym z krewetkami, natka pietruszki, orzechy nerkowca;604.46;33.46;33.74;42.17;7.07;3.86;3.57;13.31;na ciepło;2026-09-29T13:53:32.978Z
2026-10-04;Wybór menu / TYPES OF VEGE;614;2000;Dieta Wegańska;Obiad;188;Makaron ryżowy w azjatyckim sosie z tofu i fasolką edamame, orzechy arachidowe, szczypiorek;527.66;22.38;25.48;51.76;4.86;14.77;3.37;3.13;na ciepło;2026-09-29T13:53:32.978Z
2026-10-04;Wybór menu / TYPES OF VEGE;614;2000;Dieta Wegetariańska;Obiad;161;Pierogi z twarogiem, sos truskawkowy, płatki migdałów;528.07;25.81;12.22;76.44;4.31;21.86;0.19;3.19;na ciepło;2026-09-29T13:53:32.978Z
2026-10-04;Wybór menu / TYPES OF VEGE;614;2000;Dieta Fish Low Carb & IG;Podwieczorek;141;Torcik brownie z musem malinowym;393.47;8.48;35.59;9.96;4.46;3.65;0.27;18.53;na zimno;2026-09-29T13:53:32.978Z
2026-10-04;Wybór menu / TYPES OF VEGE;614;2000;Dieta Wegańska;Podwieczorek;189;Tofurnik na spodzie ciasteczkowym;352.19;6.76;24;26.86;1.42;16.08;0.5;9.91;na zimno;2026-09-29T13:53:32.978Z
2026-10-04;Wybór menu / TYPES OF VEGE;614;2000;Dieta Wegetariańska;Podwieczorek;160;Placek drożdżowy z wiśniami i kruszonką;422.11;10.97;17.31;55.92;1.61;14.63;0.08;9.88;na zimno;2026-09-29T13:53:32.978Z
2026-10-04;Wybór menu / TYPES OF VEGE;614;2000;Dieta Fish Low Carb & IG;Kolacja;142;Placki z kalafiora z serem i migdałami, dip serowy, pomidorki;363.42;23.14;25.67;9.05;6.65;6.53;1.56;10.48;ciepło/zimno;2026-09-29T13:53:32.978Z
2026-10-04;Wybór menu / TYPES OF VEGE;614;2000;Dieta Wegańska;Kolacja;190;Tagine z kurczakiem roślinnym i warzywami, ryż, natka pietruszki;435.57;25.02;15.99;47.16;6.88;12.03;2.46;1.52;na ciepło;2026-09-29T13:53:32.978Z
2026-10-04;Wybór menu / TYPES OF VEGE;614;2000;Dieta Wegetariańska;Kolacja;136;Pizzerinka z farszem serowo-szpinakowym, dip pomidorowy;414.77;17.56;22.02;35.41;2.24;2.96;1.6;8.76;na ciepło;2026-09-29T13:53:32.978Z
2026-10-05;Dieta Active Pro;586;1200;Dieta Active Pro;Śniadanie;191;Bułeczka orkiszowa z szynką drobiową, serem i kurkumą, pomidorki, dip ranczerski;237;15.73;10.03;20.89;3.1;5.13;0.96;2.08;ciepło/zimno;2026-09-29T13:53:32.978Z
2026-10-05;Dieta Active Pro;586;1200;Dieta Active Pro;II śniadanie;192;Brzoskwiniowy shake proteinowy;268;15.67;4.71;39.09;2.45;35.85;0.25;3.07;na zimno;2026-09-29T13:53:32.978Z
2026-10-05;Dieta Active Pro;586;1200;Dieta Active Pro;Obiad;193;Polędwiczka wieprzowa w sosie z pieczonej papryki, kuskus, colesław;395;27.59;16.76;31.34;4.76;5.84;1.11;4.55;na ciepło;2026-09-29T13:53:32.978Z
2026-10-05;Dieta Active Pro;586;1200;Dieta Active Pro;Podwieczorek;194;Białkowy twarożek ananasowy;146;15.76;4.32;13.85;0.86;5.13;0.11;3.08;na zimno;2026-09-29T13:53:32.978Z
2026-10-05;Dieta Active Pro;586;1200;Dieta Active Pro;Kolacja;195;Tacos z gyrosem z kurczaka, dip algierski;241;16.12;9.12;23.05;0.75;2.58;0.86;0.87;na ciepło;2026-09-29T13:53:32.978Z
2026-10-05;Dieta Ekonomiczna;587;1200;Dieta Ekonomiczna;Śniadanie;196;Naleśnik z farszem z indykiem i mozzarellą, pomidorki, mix sałat;349;18.83;14.63;34.18;2.4;7.31;0.81;4.25;na ciepło;2026-09-29T13:53:32.978Z
2026-10-05;Dieta Ekonomiczna;587;1200;Dieta Ekonomiczna;II śniadanie;197;Kluski leniwe z jogurtem cynamonowym, prażonymi jabłkami i płatkami migdałów;353;15.19;11.13;48.48;3.07;19.32;1.47;2.74;ciepło/zimno;2026-09-29T13:53:32.978Z
2026-10-05;Dieta Ekonomiczna;587;1200;Dieta Ekonomiczna;Obiad;198;Pieczona pierś z kurczaka w marynacie jogurtowej w sosie musztardowym, ziemniaki opiekane, surówka z marchewki i jabłka;441;37.48;14.58;39.73;6.83;12.29;1.15;3.86;na ciepło;2026-09-29T13:53:32.978Z
2026-10-05;Dieta Ekonomiczna Wege;605;1200;Dieta Ekonomiczna Wege;Śniadanie;199;Jajko sadzone z pieczarkami w sosie pomidorowo-paprykowym, chleb żytni;406;22.48;17.4;39.74;10.17;4.52;3.51;3.75;na ciepło;2026-09-29T13:53:32.978Z
2026-10-05;Dieta Ekonomiczna Wege;605;1200;Dieta Ekonomiczna Wege;II śniadanie;200;Jogurt grecki straciatella, granola orzechowa, cząstki pomarańczy;466;11.85;36.95;25.91;8.03;13.82;0.26;21.13;na zimno;2026-09-29T13:53:32.978Z
2026-10-05;Dieta Ekonomiczna Wege;605;1200;Dieta Ekonomiczna Wege;Obiad;201;Miruna w cieście z kokosem, dip sriracha-mayo, fasolka szparagowa, surówka z kiszonej kapusty;415;32.51;26.76;12.24;9.93;7.21;1.8;5.04;na ciepło;2026-09-29T13:53:32.978Z
2026-10-05;Dieta Fish Low Carb & IG;631;1200;Dieta Fish Low Carb & IG;Śniadanie;199;Jajko sadzone z pieczarkami w sosie pomidorowo-paprykowym, chleb żytni;279;14.64;11.56;28.81;8.15;3.26;2.32;2.17;na ciepło;2026-09-29T13:53:32.978Z
2026-10-05;Dieta Fish Low Carb & IG;631;1200;Dieta Fish Low Carb & IG;II śniadanie;200;Jogurt grecki straciatella, granola orzechowa, cząstki pomarańczy;287;7.3;22.02;17.7;5.29;10.16;0.15;12.42;na zimno;2026-09-29T13:53:32.978Z
2026-10-05;Dieta Fish Low Carb & IG;631;1200;Dieta Fish Low Carb & IG;Obiad;201;Miruna w cieście z kokosem, dip sriracha-mayo, fasolka szparagowa, surówka z kiszonej kapusty;305;20.44;20.28;10.87;8.02;6.49;1.52;3.46;na ciepło;2026-09-29T13:53:32.978Z
2026-10-05;Dieta Fish Low Carb & IG;631;1200;Dieta Fish Low Carb & IG;Podwieczorek;202;Sernik waniliowy z musem owocowym;164;5.85;13.64;4.5;0.13;2.87;0.11;7.83;na zimno;2026-09-29T13:53:32.978Z
2026-10-05;Dieta Fish Low Carb & IG;631;1200;Dieta Fish Low Carb & IG;Kolacja;203;Sałatka z prażoną ciecierzycą, ogórkiem, serem typu bałkańskiego, pomidorkami i winegretem ziołowym;178;7.31;11.76;10.82;2.34;2.93;1.24;2.91;na zimno;2026-09-29T13:53:32.978Z
2026-10-05;Dieta Fodmap;617;1200;Dieta Fodmap;Śniadanie;204;Kanapka z pieczonym kurczakiem, twarożkiem z rzodkiewką i koperkiem, papryka;305;22.39;15.78;16.17;2.57;6.14;0.86;3.32;na zimno;2026-09-29T13:53:32.978Z
2026-10-05;Dieta Fodmap;617;1200;Dieta Fodmap;II śniadanie;72;Truskawkowy shake proteinowy;184;6.73;3.22;30.83;3.01;27.82;0.17;2.15;na zimno;2026-09-29T13:53:32.978Z
2026-10-05;Dieta Fodmap;617;1200;Dieta Fodmap;Obiad;205;Makaron bezglutenowy w sosie bolońskim z grillowaną cukinią i tartym serem;390;14.5;17.44;40.2;2.58;3.86;0.62;5.75;na ciepło;2026-09-29T13:53:32.978Z
2026-10-05;Dieta Fodmap;617;1200;Dieta Fodmap;Podwieczorek;206;Owocowy sernik;159;5.79;6.42;19.22;0.9;13.58;0.08;3.92;na zimno;2026-09-29T13:53:32.978Z
2026-10-05;Dieta Fodmap;617;1200;Dieta Fodmap;Kolacja;207;Placki owsiano-szpinakowe, dip pietruszkowy, pomidorki koktajlowe;219;7.69;12.96;17.93;1.94;4.64;0.6;2.53;ciepło/zimno;2026-09-29T13:53:32.978Z
2026-10-05;Dieta Hashi Low Gluten & Lactose;629;1200;Dieta Hashi Low Gluten & Lactose;Śniadanie;208;Twarożek z czosnkiem niedźwiedzim, polędwica wieprzowa, chleb z koperkiem, ogórek;217;12.8;6.96;24.34;1.84;4.86;1.56;2.86;na zimno;2026-09-29T13:53:32.978Z
2026-10-05;Dieta Hashi Low Gluten & Lactose;629;1200;Dieta Hashi Low Gluten & Lactose;II śniadanie;209;Pizzerinka warzywna z serem, ketchup z cukinii, pomidorki;222;7.67;9.54;26.19;2.81;3.96;0.56;2.98;ciepło/zimno;2026-09-29T13:53:32.978Z
2026-10-05;Dieta Hashi Low Gluten & Lactose;629;1200;Dieta Hashi Low Gluten & Lactose;Obiad;210;Siekane kotlety z indyka i marchewki, kasza jaglana z komosą ryżową i zielonym groszkiem, sos curry, sałatka szwedzka;336;21.42;11.98;35.61;5.27;12.38;1.63;4.25;na ciepło;2026-09-29T13:53:32.978Z
2026-10-05;Dieta Hashi Low Gluten & Lactose;629;1200;Dieta Hashi Low Gluten & Lactose;Podwieczorek;211;Ciasto bananowo-czekoladowe;123;4.16;7;12.19;1.21;1.26;0.08;3;na zimno;2026-09-29T13:53:32.978Z
2026-10-05;Dieta Hashi Low Gluten & Lactose;629;1200;Dieta Hashi Low Gluten & Lactose;Kolacja;212;Kanapka ,,chikker'' z warzywami i serem, dip czosnkowy;348;25.59;19.9;13.85;2.68;5.42;1.29;5.52;ciepło/zimno;2026-09-29T13:53:32.978Z
2026-10-05;Dieta Ketogeniczna;610;1500;Dieta Ketogeniczna;Śniadanie;213;Kiełbaski maślane własnego wyrobu, pieczywo twarogowe, ogórek kiszony, dip algierski;308;16.93;23.25;6.16;1.91;4.34;1.16;5.59;ciepło/zimno;2026-09-29T13:53:32.978Z
2026-10-05;Dieta Ketogeniczna;610;1500;Dieta Ketogeniczna;Obiad;214;Kofty wołowo-wieprzowe w sosie szpinakowym z surówką z czerwonej kapusty i puree sezamowym;602;27.12;48.66;9.94;5.23;5;1.88;18.12;na ciepło;2026-09-29T13:53:32.978Z
2026-10-05;Dieta Ketogeniczna;610;1500;Dieta Ketogeniczna;Podwieczorek;215;Muffinki jajeczne z salami, serem i czarnuszką, dip czosnkowy, pomidorki;312;13.54;26.47;4.69;1.82;3.28;1.05;9.35;ciepło/zimno;2026-09-29T13:53:32.978Z
2026-10-05;Dieta Ketogeniczna;610;1500;Dieta Ketogeniczna;Kolacja;216;Leczo warzywne z kurczakiem, pieczywo keto;371;21.75;26.83;8.96;4.54;2.73;0.57;3.35;na ciepło;2026-09-29T13:53:32.978Z
2026-10-05;Dieta Light;612;1500;Dieta Light;Śniadanie;217;Croissant z twarożkiem jabłkowym, konfitura malinowa;306;15.61;7.67;42.36;1.36;24.87;0.09;7.34;na zimno;2026-09-29T13:53:32.978Z
2026-10-05;Dieta Light;612;1500;Dieta Light;II śniadanie;218;Ziemniaczane muffinki z kurczakiem i serem, dip kolendrowy, papryka;225;20.63;9.63;14.04;1.59;2.16;0.67;4.22;ciepło/zimno;2026-09-29T13:53:32.978Z
2026-10-05;Dieta Light;612;1500;Dieta Light;Obiad;219;Makaron rigatoni w sosie arrabbiata z kurczakiem, ser włoski;523;40.34;13.86;58.71;2.09;5.45;0.85;2.3;na ciepło;2026-09-29T13:53:32.978Z
2026-10-05;Dieta Light;612;1500;Dieta Light;Podwieczorek;220;Sernik limonkowo-waniliowy na biszkopcie z kaszy manny;150;5.18;7.49;15.44;0.13;11.72;0.15;3.94;na zimno;2026-09-29T13:53:32.978Z
2026-10-05;Dieta Light;612;1500;Dieta Light;Kolacja;221;Sałatka z gotowanym jajkiem, serem typu bałkańskiego, świeżym szpinakiem, pomidorkami i ogórkiem, dip koperkowy;235;16.13;16.46;5.38;1.57;3.97;1.61;5.6;na zimno;2026-09-29T13:53:32.978Z
2026-10-05;Dieta Low Carb & IG;628;1200;Dieta Low Carb & IG;Śniadanie;222;Pancakes serowe z brokułem, papryka, dip czosnkowy;268;6.32;19.75;16.27;1.68;2.38;0.47;3.27;ciepło/zimno;2026-09-29T13:53:32.978Z
2026-10-05;Dieta Low Carb & IG;628;1200;Dieta Low Carb & IG;II śniadanie;223;Ratatouille z kurczakiem, bułka graham, natka pietruszki;222;18.85;5.66;23.08;3.14;3.76;0.97;0.67;na ciepło;2026-09-29T13:53:32.978Z
2026-10-05;Dieta Low Carb & IG;628;1200;Dieta Low Carb & IG;Obiad;224;Siekane kotlety z indyka w sosie chrzanowym, puree z pietruszki, colesław z czerwonej kapusty;357;21.46;23.74;15.17;5.07;4.29;1.13;9.79;na ciepło;2026-09-29T13:53:32.978Z
2026-10-05;Dieta Low Carb & IG;628;1200;Dieta Low Carb & IG;Podwieczorek;225;Twarożek ze szczypiorkiem, jajko gotowane, twarogowy chleb keto, ogórek;225;15.01;14.65;6.51;1.84;5.18;0.63;4.09;na zimno;2026-09-29T13:53:32.978Z
2026-10-05;Dieta Low Carb & IG;628;1200;Dieta Low Carb & IG;Kolacja;226;Pełnoziarnisty makaron w sosie all'Amatriciana z boczkiem, ser włoski;213;7.9;10.89;20.62;3.44;1.71;0.44;3.42;na ciepło;2026-09-29T13:53:32.978Z
2026-10-05;Dieta START;634;1500;Dieta START;Śniadanie;200;Jogurt grecki straciatella, granola orzechowa, cząstki pomarańczy;527;13.45;42.09;28.75;9.01;14.91;0.3;24.02;na zimno;2026-09-29T13:53:32.978Z
2026-10-05;Dieta START;634;1500;Dieta START;Obiad;198;Pieczona pierś z kurczaka w marynacie jogurtowej w sosie musztardowym, ziemniaki opiekane, surówka z marchewki i jabłka;468;40.98;14.91;42.1;7.07;12.48;1.2;3.92;na ciepło;2026-09-29T13:53:32.978Z
2026-10-05;Dieta START;634;1500;Dieta START;Kolacja;195;Tacos z gyrosem z kurczaka, dip algierski;467;31.24;17.32;45.44;1.47;4.7;1.67;1.67;na ciepło;2026-09-29T13:53:32.978Z
2026-10-05;Dieta Standard;583;1200;Dieta Standard;Śniadanie;196;Naleśnik z farszem z indykiem i mozzarellą, pomidorki, mix sałat;183;9.88;7.41;18.48;1.68;4.73;0.41;2.13;na ciepło;2026-09-29T13:53:32.978Z
2026-10-05;Dieta Standard;583;1200;Dieta Standard;II śniadanie;197;Kluski leniwe z jogurtem cynamonowym, prażonymi jabłkami i płatkami migdałów;224;8.96;6.22;33.72;2.2;14.18;0.88;1.6;ciepło/zimno;2026-09-29T13:53:32.978Z
2026-10-05;Dieta Standard;583;1200;Dieta Standard;Obiad;198;Pieczona pierś z kurczaka w marynacie jogurtowej w sosie musztardowym, ziemniaki opiekane, surówka z marchewki i jabłka;335;23.49;13.25;30.24;5.89;11.54;0.97;3.61;na ciepło;2026-09-29T13:53:32.978Z
2026-10-05;Dieta Standard;583;1200;Dieta Standard;Podwieczorek;227;Fale Dunaju;174;3.71;11.2;13.23;2.78;9.17;0.17;4.61;na zimno;2026-09-29T13:53:32.978Z
2026-10-05;Dieta Standard;583;1200;Dieta Standard;Kolacja;228;Zupa porowo-serowa z grzankami;306;8.77;21.69;18.81;3.1;4.31;1.75;8.01;na zimno;2026-09-29T13:53:32.978Z
2026-10-05;Dieta Śródziemnomorska;630;1200;Dieta Śródziemnomorska;Śniadanie;229;Kanapka z filetem z kurczaka, sałatką szwedzką i smarowidłem truflowym;311;16.51;12.83;32.37;0.17;7.37;1.7;4.07;na zimno;2026-09-29T13:53:32.978Z
2026-10-05;Dieta Śródziemnomorska;630;1200;Dieta Śródziemnomorska;II śniadanie;230;Omleciki jajeczne z papryką, kukurydzą i serem, dip 1000 wysp, pomidorki;213;12.43;14.55;8.12;1.71;4.38;0.83;7.64;ciepło/zimno;2026-09-29T13:53:32.978Z
2026-10-05;Dieta Śródziemnomorska;630;1200;Dieta Śródziemnomorska;Obiad;231;Pierogi z soczewicą i suszonymi pomidorami, okrasa z kaszy gryczanej, surówka z selera z żurawiną;367;12.47;8.24;59.02;8.62;13.32;0.85;0.7;na ciepło;2026-09-29T13:53:32.978Z
2026-10-05;Dieta Śródziemnomorska;630;1200;Dieta Śródziemnomorska;Podwieczorek;232;Pomarańczowe ciasto z ryżu;129;2.88;6.89;15.15;1.04;3.07;0.17;1.76;na zimno;2026-09-29T13:53:32.978Z
2026-10-05;Dieta Śródziemnomorska;630;1200;Dieta Śródziemnomorska;Kolacja;233;Hummus paprykowy, fit rolls gryczane z solą morską, ogórek z marchewką;259;9.29;11.45;30.28;7.83;3.3;0.82;1.1;na zimno;2026-09-29T13:53:32.978Z
2026-10-05;Wybór menu / BASIC;614;2000;BASIC;Śniadanie;196;Naleśnik z farszem z indykiem i mozzarellą, pomidorki, mix sałat;349.19;18.83;14.63;34.18;2.4;7.31;0.81;4.25;na ciepło;2026-09-29T13:53:32.978Z
2026-10-05;Wybór menu / BASIC;614;2000;Dieta Active Pro;Śniadanie;191;Bułeczka orkiszowa z szynką drobiową, serem i kurkumą, pomidorki, dip ranczerski;446.52;29.71;19.03;39.04;5.22;7.64;1.88;4.1;ciepło/zimno;2026-09-29T13:53:32.978Z
2026-10-05;Wybór menu / BASIC;614;2000;Dieta Light;Śniadanie;217;Croissant z twarożkiem jabłkowym, konfitura malinowa;410.75;20.34;9.89;58.14;2.14;35.34;0.12;9.45;na zimno;2026-09-29T13:53:32.978Z
2026-10-05;Wybór menu / BASIC;614;2000;BASIC;II śniadanie;197;Kluski leniwe z jogurtem cynamonowym, prażonymi jabłkami i płatkami migdałów;353.37;15.19;11.13;48.48;3.07;19.32;1.47;2.74;ciepło/zimno;2026-09-29T13:53:32.978Z
2026-10-05;Wybór menu / BASIC;614;2000;Dieta Active Pro;II śniadanie;192;Brzoskwiniowy shake proteinowy;268.22;15.67;4.71;39.09;2.45;35.85;0.25;3.07;na zimno;2026-09-29T13:53:32.978Z
2026-10-05;Wybór menu / BASIC;614;2000;Dieta Light;II śniadanie;218;Ziemniaczane muffinki z kurczakiem i serem, dip kolendrowy, papryka;277.4;26.47;11.54;16.91;1.81;3.25;0.84;5.07;ciepło/zimno;2026-09-29T13:53:32.978Z
2026-10-05;Wybór menu / BASIC;614;2000;BASIC;Obiad;198;Pieczona pierś z kurczaka w marynacie jogurtowej w sosie musztardowym, ziemniaki opiekane, surówka z marchewki i jabłka;441.26;37.48;14.58;39.73;6.83;12.29;1.15;3.86;na ciepło;2026-09-29T13:53:32.978Z
2026-10-05;Wybór menu / BASIC;614;2000;Dieta Active Pro;Obiad;193;Polędwiczka wieprzowa w sosie z pieczonej papryki, kuskus, colesław;549.23;42.49;20.31;46.54;5.88;6.19;1.23;5.39;na ciepło;2026-09-29T13:53:32.978Z
2026-10-05;Wybór menu / BASIC;614;2000;Dieta Light;Obiad;219;Makaron rigatoni w sosie arrabbiata z kurczakiem, ser włoski;657.68;51.39;17.6;72.82;2.68;6.99;1.1;2.99;na ciepło;2026-09-29T13:53:32.978Z
2026-10-05;Wybór menu / BASIC;614;2000;BASIC;Podwieczorek;227;Fale Dunaju;373.16;7.96;24;28.35;5.97;19.65;0.36;9.89;na zimno;2026-09-29T13:53:32.978Z
2026-10-05;Wybór menu / BASIC;614;2000;Dieta Active Pro;Podwieczorek;194;Białkowy twarożek ananasowy;250.46;27.02;7.4;23.74;1.48;8.79;0.18;5.27;na zimno;2026-09-29T13:53:32.978Z
2026-10-05;Wybór menu / BASIC;614;2000;Dieta Light;Podwieczorek;220;Sernik limonkowo-waniliowy na biszkopcie z kaszy manny;281.37;9.7;14.05;28.94;0.25;21.98;0.28;7.39;na zimno;2026-09-29T13:53:32.978Z
2026-10-05;Wybór menu / BASIC;614;2000;BASIC;Kolacja;228;Zupa porowo-serowa z grzankami;411.14;10.46;28.71;27.68;3.1;4.79;2.12;8.73;na zimno;2026-09-29T13:53:32.978Z
2026-10-05;Wybór menu / BASIC;614;2000;Dieta Active Pro;Kolacja;195;Tacos z gyrosem z kurczaka, dip algierski;467.27;31.24;17.32;45.44;1.47;4.7;1.67;1.67;na ciepło;2026-09-29T13:53:32.978Z
2026-10-05;Wybór menu / BASIC;614;2000;Dieta Light;Kolacja;221;Sałatka z gotowanym jajkiem, serem typu bałkańskiego, świeżym szpinakiem, pomidorkami i ogórkiem, dip koperkowy;323.6;21.23;22.9;8.05;1.93;6.12;2.08;7.43;na zimno;2026-09-29T13:53:32.978Z
2026-10-05;Wybór menu / COMFORT;614;2000;COMFORT;Śniadanie;196;Naleśnik z farszem z indykiem i mozzarellą, pomidorki, mix sałat;349.19;18.83;14.63;34.18;2.4;7.31;0.81;4.25;na ciepło;2026-09-29T13:53:32.978Z
2026-10-05;Wybór menu / COMFORT;614;2000;Dieta Active Pro;Śniadanie;191;Bułeczka orkiszowa z szynką drobiową, serem i kurkumą, pomidorki, dip ranczerski;446.52;29.71;19.03;39.04;5.22;7.64;1.88;4.1;ciepło/zimno;2026-09-29T13:53:32.978Z
2026-10-05;Wybór menu / COMFORT;614;2000;Dieta Fish Low Carb & IG;Śniadanie;199;Jajko sadzone z pieczarkami w sosie pomidorowo-paprykowym, chleb żytni;406.41;22.48;17.4;39.74;10.17;4.52;3.51;3.75;na ciepło;2026-09-29T13:53:32.978Z
2026-10-05;Wybór menu / COMFORT;614;2000;Dieta Light;Śniadanie;217;Croissant z twarożkiem jabłkowym, konfitura malinowa;410.75;20.34;9.89;58.14;2.14;35.34;0.12;9.45;na zimno;2026-09-29T13:53:32.978Z
2026-10-05;Wybór menu / COMFORT;614;2000;Dieta Low Carb & IG;Śniadanie;222;Pancakes serowe z brokułem, papryka, dip czosnkowy;485.99;11.89;35.75;29.35;2.89;4.2;0.88;5.95;ciepło/zimno;2026-09-29T13:53:32.978Z
2026-10-05;Wybór menu / COMFORT;614;2000;COMFORT;II śniadanie;197;Kluski leniwe z jogurtem cynamonowym, prażonymi jabłkami i płatkami migdałów;353.37;15.19;11.13;48.48;3.07;19.32;1.47;2.74;ciepło/zimno;2026-09-29T13:53:32.978Z
2026-10-05;Wybór menu / COMFORT;614;2000;Dieta Active Pro;II śniadanie;192;Brzoskwiniowy shake proteinowy;268.22;15.67;4.71;39.09;2.45;35.85;0.25;3.07;na zimno;2026-09-29T13:53:32.978Z
2026-10-05;Wybór menu / COMFORT;614;2000;Dieta Fish Low Carb & IG;II śniadanie;200;Jogurt grecki straciatella, granola orzechowa, cząstki pomarańczy;466.03;11.85;36.95;25.91;8.03;13.82;0.26;21.13;na zimno;2026-09-29T13:53:32.978Z
2026-10-05;Wybór menu / COMFORT;614;2000;Dieta Light;II śniadanie;218;Ziemniaczane muffinki z kurczakiem i serem, dip kolendrowy, papryka;277.4;26.47;11.54;16.91;1.81;3.25;0.84;5.07;ciepło/zimno;2026-09-29T13:53:32.978Z
2026-10-05;Wybór menu / COMFORT;614;2000;Dieta Low Carb & IG;II śniadanie;223;Ratatouille z kurczakiem, bułka graham, natka pietruszki;347.98;30.55;8.87;35.34;5.12;6.62;1.55;1.06;na ciepło;2026-09-29T13:53:32.978Z
2026-10-05;Wybór menu / COMFORT;614;2000;COMFORT;Obiad;198;Pieczona pierś z kurczaka w marynacie jogurtowej w sosie musztardowym, ziemniaki opiekane, surówka z marchewki i jabłka;441.26;37.48;14.58;39.73;6.83;12.29;1.15;3.86;na ciepło;2026-09-29T13:53:32.978Z
2026-10-05;Wybór menu / COMFORT;614;2000;Dieta Active Pro;Obiad;193;Polędwiczka wieprzowa w sosie z pieczonej papryki, kuskus, colesław;549.23;42.49;20.31;46.54;5.88;6.19;1.23;5.39;na ciepło;2026-09-29T13:53:32.978Z
2026-10-05;Wybór menu / COMFORT;614;2000;Dieta Fish Low Carb & IG;Obiad;201;Miruna w cieście z kokosem, dip sriracha-mayo, fasolka szparagowa, surówka z kiszonej kapusty;414.6;32.51;26.76;12.24;9.93;7.21;1.8;5.04;na ciepło;2026-09-29T13:53:32.978Z
2026-10-05;Wybór menu / COMFORT;614;2000;Dieta Light;Obiad;219;Makaron rigatoni w sosie arrabbiata z kurczakiem, ser włoski;657.68;51.39;17.6;72.82;2.68;6.99;1.1;2.99;na ciepło;2026-09-29T13:53:32.978Z
2026-10-05;Wybór menu / COMFORT;614;2000;Dieta Low Carb & IG;Obiad;224;Siekane kotlety z indyka w sosie chrzanowym, puree z pietruszki, colesław z czerwonej kapusty;467.92;30.81;30.08;19.65;6.51;5.27;1.41;12.27;na ciepło;2026-09-29T13:53:32.978Z
2026-10-05;Wybór menu / COMFORT;614;2000;COMFORT;Podwieczorek;227;Fale Dunaju;373.16;7.96;24;28.35;5.97;19.65;0.36;9.89;na zimno;2026-09-29T13:53:32.978Z
2026-10-05;Wybór menu / COMFORT;614;2000;Dieta Active Pro;Podwieczorek;194;Białkowy twarożek ananasowy;250.46;27.02;7.4;23.74;1.48;8.79;0.18;5.27;na zimno;2026-09-29T13:53:32.978Z
2026-10-05;Wybór menu / COMFORT;614;2000;Dieta Fish Low Carb & IG;Podwieczorek;202;Sernik waniliowy z musem owocowym;327.8;11.69;27.27;8.99;0.26;5.75;0.22;15.67;na zimno;2026-09-29T13:53:32.978Z
2026-10-05;Wybór menu / COMFORT;614;2000;Dieta Light;Podwieczorek;220;Sernik limonkowo-waniliowy na biszkopcie z kaszy manny;281.37;9.7;14.05;28.94;0.25;21.98;0.28;7.39;na zimno;2026-09-29T13:53:32.978Z
2026-10-05;Wybór menu / COMFORT;614;2000;Dieta Low Carb & IG;Podwieczorek;225;Twarożek ze szczypiorkiem, jajko gotowane, twarogowy chleb keto, ogórek;344.19;23.01;22.92;8.99;2.4;7.03;0.92;6.56;na zimno;2026-09-29T13:53:32.978Z
2026-10-05;Wybór menu / COMFORT;614;2000;COMFORT;Kolacja;228;Zupa porowo-serowa z grzankami;411.14;10.46;28.71;27.68;3.1;4.79;2.12;8.73;na zimno;2026-09-29T13:53:32.978Z
2026-10-05;Wybór menu / COMFORT;614;2000;Dieta Active Pro;Kolacja;195;Tacos z gyrosem z kurczaka, dip algierski;467.27;31.24;17.32;45.44;1.47;4.7;1.67;1.67;na ciepło;2026-09-29T13:53:32.978Z
2026-10-05;Wybór menu / COMFORT;614;2000;Dieta Fish Low Carb & IG;Kolacja;203;Sałatka z prażoną ciecierzycą, ogórkiem, serem typu bałkańskiego, pomidorkami i winegretem ziołowym;306.33;12.85;20.68;17.19;3.83;5.17;2.35;5.62;na zimno;2026-09-29T13:53:32.978Z
2026-10-05;Wybór menu / COMFORT;614;2000;Dieta Light;Kolacja;221;Sałatka z gotowanym jajkiem, serem typu bałkańskiego, świeżym szpinakiem, pomidorkami i ogórkiem, dip koperkowy;323.6;21.23;22.9;8.05;1.93;6.12;2.08;7.43;na zimno;2026-09-29T13:53:32.978Z
2026-10-05;Wybór menu / COMFORT;614;2000;Dieta Low Carb & IG;Kolacja;226;Pełnoziarnisty makaron w sosie all'Amatriciana z boczkiem, ser włoski;433.82;15.72;23.6;39.31;6.64;3.85;0.99;7.58;na ciepło;2026-09-29T13:53:32.978Z
2026-10-05;Wybór menu / KETO FUSION;614;2000;Dieta Ketogeniczna;Śniadanie;213;Kiełbaski maślane własnego wyrobu, pieczywo twarogowe, ogórek kiszony, dip algierski;421.27;27.56;30.09;7.81;2.53;5.21;1.41;8.87;ciepło/zimno;2026-09-29T13:53:32.978Z
2026-10-05;Wybór menu / KETO FUSION;614;2000;Dieta Śródziemnomorska Keto;Śniadanie;234;Gofr ziołowy z truflową pastą jajeczną ze szczypiorkiem, kalarepa;596.26;18.97;53.45;8.87;8.94;3.4;1.48;8.58;ciepło/zimno;2026-09-29T13:53:32.978Z
2026-10-05;Wybór menu / KETO FUSION;614;2000;Dieta Ketogeniczna;Obiad;214;Kofty wołowo-wieprzowe w sosie szpinakowym z surówką z czerwonej kapusty i puree sezamowym;738.23;34.9;59.07;11.36;6.02;6.01;2.37;21.79;na ciepło;2026-09-29T13:53:32.978Z
2026-10-05;Wybór menu / KETO FUSION;614;2000;Dieta Śródziemnomorska Keto;Obiad;235;Łosoś pieczony z dipem cezar, seler pieczony, brokuł parowany;750.4;49.05;57.81;8.64;4.8;4.21;3.31;9.8;na ciepło;2026-09-29T13:53:32.978Z
2026-10-05;Wybór menu / KETO FUSION;614;2000;Dieta Ketogeniczna;Podwieczorek;215;Muffinki jajeczne z salami, serem i czarnuszką, dip czosnkowy, pomidorki;449.46;18.17;38.92;6.36;2.27;4.44;1.45;13.07;ciepło/zimno;2026-09-29T13:53:32.978Z
2026-10-05;Wybór menu / KETO FUSION;614;2000;Dieta Śródziemnomorska Keto;Podwieczorek;236;W-Z ka keto;346.31;9.51;31.16;7.2;2.89;3.9;0.3;14.68;na zimno;2026-09-29T13:53:32.978Z
2026-10-05;Wybór menu / KETO FUSION;614;2000;Dieta Ketogeniczna;Kolacja;216;Leczo warzywne z kurczakiem, pieczywo keto;465.79;26.81;34.41;10.56;5.16;3.76;0.74;3.94;na ciepło;2026-09-29T13:53:32.978Z
2026-10-05;Wybór menu / KETO FUSION;614;2000;Dieta Śródziemnomorska Keto;Kolacja;237;Sałatka z gotowanym jajkiem, serem typu bałkańskiego, świeżym szpinakiem, pomidorkami, czerwoną cebulą i płatkami migdałów, dip czosnkowy;410.67;19.49;33.64;7.62;2.13;5.93;2.16;9.43;na zimno;2026-09-29T13:53:32.978Z
2026-10-05;Wybór menu / LADIES VIBES;614;2000;BASIC;Śniadanie;196;Naleśnik z farszem z indykiem i mozzarellą, pomidorki, mix sałat;349.19;18.83;14.63;34.18;2.4;7.31;0.81;4.25;na ciepło;2026-09-29T13:53:32.978Z
2026-10-05;Wybór menu / LADIES VIBES;614;2000;Dieta Active Pro;Śniadanie;191;Bułeczka orkiszowa z szynką drobiową, serem i kurkumą, pomidorki, dip ranczerski;446.52;29.71;19.03;39.04;5.22;7.64;1.88;4.1;ciepło/zimno;2026-09-29T13:53:32.978Z
2026-10-05;Wybór menu / LADIES VIBES;614;2000;Dieta Light;Śniadanie;217;Croissant z twarożkiem jabłkowym, konfitura malinowa;410.75;20.34;9.89;58.14;2.14;35.34;0.12;9.45;na zimno;2026-09-29T13:53:32.978Z
2026-10-05;Wybór menu / LADIES VIBES;614;2000;BASIC;II śniadanie;197;Kluski leniwe z jogurtem cynamonowym, prażonymi jabłkami i płatkami migdałów;353.37;15.19;11.13;48.48;3.07;19.32;1.47;2.74;ciepło/zimno;2026-09-29T13:53:32.978Z
2026-10-05;Wybór menu / LADIES VIBES;614;2000;Dieta Active Pro;II śniadanie;192;Brzoskwiniowy shake proteinowy;268.22;15.67;4.71;39.09;2.45;35.85;0.25;3.07;na zimno;2026-09-29T13:53:32.978Z
2026-10-05;Wybór menu / LADIES VIBES;614;2000;Dieta Light;II śniadanie;218;Ziemniaczane muffinki z kurczakiem i serem, dip kolendrowy, papryka;277.4;26.47;11.54;16.91;1.81;3.25;0.84;5.07;ciepło/zimno;2026-09-29T13:53:32.978Z
2026-10-05;Wybór menu / LADIES VIBES;614;2000;BASIC;Obiad;198;Pieczona pierś z kurczaka w marynacie jogurtowej w sosie musztardowym, ziemniaki opiekane, surówka z marchewki i jabłka;441.26;37.48;14.58;39.73;6.83;12.29;1.15;3.86;na ciepło;2026-09-29T13:53:32.978Z
2026-10-05;Wybór menu / LADIES VIBES;614;2000;Dieta Active Pro;Obiad;193;Polędwiczka wieprzowa w sosie z pieczonej papryki, kuskus, colesław;549.23;42.49;20.31;46.54;5.88;6.19;1.23;5.39;na ciepło;2026-09-29T13:53:32.978Z
2026-10-05;Wybór menu / LADIES VIBES;614;2000;Dieta Light;Obiad;219;Makaron rigatoni w sosie arrabbiata z kurczakiem, ser włoski;657.68;51.39;17.6;72.82;2.68;6.99;1.1;2.99;na ciepło;2026-09-29T13:53:32.978Z
2026-10-05;Wybór menu / LADIES VIBES;614;2000;BASIC;Podwieczorek;227;Fale Dunaju;373.16;7.96;24;28.35;5.97;19.65;0.36;9.89;na zimno;2026-09-29T13:53:32.978Z
2026-10-05;Wybór menu / LADIES VIBES;614;2000;Dieta Active Pro;Podwieczorek;194;Białkowy twarożek ananasowy;250.46;27.02;7.4;23.74;1.48;8.79;0.18;5.27;na zimno;2026-09-29T13:53:32.978Z
2026-10-05;Wybór menu / LADIES VIBES;614;2000;Dieta Light;Podwieczorek;220;Sernik limonkowo-waniliowy na biszkopcie z kaszy manny;281.37;9.7;14.05;28.94;0.25;21.98;0.28;7.39;na zimno;2026-09-29T13:53:32.978Z
2026-10-05;Wybór menu / LADIES VIBES;614;2000;BASIC;Kolacja;228;Zupa porowo-serowa z grzankami;411.14;10.46;28.71;27.68;3.1;4.79;2.12;8.73;na zimno;2026-09-29T13:53:32.978Z
2026-10-05;Wybór menu / LADIES VIBES;614;2000;Dieta Active Pro;Kolacja;195;Tacos z gyrosem z kurczaka, dip algierski;467.27;31.24;17.32;45.44;1.47;4.7;1.67;1.67;na ciepło;2026-09-29T13:53:32.978Z
2026-10-05;Wybór menu / LADIES VIBES;614;2000;Dieta Light;Kolacja;221;Sałatka z gotowanym jajkiem, serem typu bałkańskiego, świeżym szpinakiem, pomidorkami i ogórkiem, dip koperkowy;323.6;21.23;22.9;8.05;1.93;6.12;2.08;7.43;na zimno;2026-09-29T13:53:32.978Z
2026-10-05;Wybór menu / SUPREME;614;2000;Dieta Active Pro;Śniadanie;191;Bułeczka orkiszowa z szynką drobiową, serem i kurkumą, pomidorki, dip ranczerski;446.52;29.71;19.03;39.04;5.22;7.64;1.88;4.1;ciepło/zimno;2026-09-29T13:53:32.978Z
2026-10-05;Wybór menu / SUPREME;614;2000;Dieta Fish Low Carb & IG;Śniadanie;199;Jajko sadzone z pieczarkami w sosie pomidorowo-paprykowym, chleb żytni;406.41;22.48;17.4;39.74;10.17;4.52;3.51;3.75;na ciepło;2026-09-29T13:53:32.978Z
2026-10-05;Wybór menu / SUPREME;614;2000;Dieta Kuchnie Świata;Śniadanie;238;Pancakes ziołowe, twarożek szczypiorkowy, papryka;457.35;27.13;22.18;36.42;2.14;6.95;0.8;5.26;ciepło/zimno;2026-09-29T13:53:32.978Z
2026-10-05;Wybór menu / SUPREME;614;2000;Dieta Light;Śniadanie;217;Croissant z twarożkiem jabłkowym, konfitura malinowa;410.75;20.34;9.89;58.14;2.14;35.34;0.12;9.45;na zimno;2026-09-29T13:53:32.978Z
2026-10-05;Wybór menu / SUPREME;614;2000;Dieta Low Carb & IG;Śniadanie;222;Pancakes serowe z brokułem, papryka, dip czosnkowy;485.99;11.89;35.75;29.35;2.89;4.2;0.88;5.95;ciepło/zimno;2026-09-29T13:53:32.978Z
2026-10-05;Wybór menu / SUPREME;614;2000;Dieta Top Taste;Śniadanie;239;Pancakes, twarożek waniliowy, konfitura brzoskwiniowa;482.5;23.02;14.16;64.14;1.86;28.84;0.48;4.31;ciepło/zimno;2026-09-29T13:53:32.978Z
2026-10-05;Wybór menu / SUPREME;614;2000;Dieta Śródziemnomorska;Śniadanie;229;Kanapka z filetem z kurczaka, sałatką szwedzką i smarowidłem truflowym;477.82;26.59;20.79;46.12;0.29;8.53;2.3;6.7;na zimno;2026-09-29T13:53:32.978Z
2026-10-05;Wybór menu / SUPREME;614;2000;SUPREME;Śniadanie;196;Naleśnik z farszem z indykiem i mozzarellą, pomidorki, mix sałat;349.19;18.83;14.63;34.18;2.4;7.31;0.81;4.25;na ciepło;2026-09-29T13:53:32.978Z
2026-10-05;Wybór menu / SUPREME;614;2000;Dieta Active Pro;II śniadanie;192;Brzoskwiniowy shake proteinowy;268.22;15.67;4.71;39.09;2.45;35.85;0.25;3.07;na zimno;2026-09-29T13:53:32.978Z
2026-10-05;Wybór menu / SUPREME;614;2000;Dieta Fish Low Carb & IG;II śniadanie;200;Jogurt grecki straciatella, granola orzechowa, cząstki pomarańczy;466.03;11.85;36.95;25.91;8.03;13.82;0.26;21.13;na zimno;2026-09-29T13:53:32.978Z
2026-10-05;Wybór menu / SUPREME;614;2000;Dieta Kuchnie Świata;II śniadanie;72;Truskawkowy shake proteinowy;146.78;7.07;3.26;22.14;3.01;15.63;0.17;2.16;na zimno;2026-09-29T13:53:32.978Z
2026-10-05;Wybór menu / SUPREME;614;2000;Dieta Light;II śniadanie;218;Ziemniaczane muffinki z kurczakiem i serem, dip kolendrowy, papryka;277.4;26.47;11.54;16.91;1.81;3.25;0.84;5.07;ciepło/zimno;2026-09-29T13:53:32.978Z
2026-10-05;Wybór menu / SUPREME;614;2000;Dieta Low Carb & IG;II śniadanie;223;Ratatouille z kurczakiem, bułka graham, natka pietruszki;347.98;30.55;8.87;35.34;5.12;6.62;1.55;1.06;na ciepło;2026-09-29T13:53:32.978Z
2026-10-05;Wybór menu / SUPREME;614;2000;Dieta Top Taste;II śniadanie;240;Sałatka Cezar z kurczakiem i sosem aioli;308.24;28.6;14.06;16.48;2.27;5.23;0.82;3.37;na zimno;2026-09-29T13:53:32.978Z
2026-10-05;Wybór menu / SUPREME;614;2000;Dieta Śródziemnomorska;II śniadanie;230;Omleciki jajeczne z papryką, kukurydzą i serem, dip 1000 wysp, pomidorki;403.63;23.81;28.32;13.41;2.45;6.07;1.61;15.1;ciepło/zimno;2026-09-29T13:53:32.978Z
2026-10-05;Wybór menu / SUPREME;614;2000;SUPREME;II śniadanie;197;Kluski leniwe z jogurtem cynamonowym, prażonymi jabłkami i płatkami migdałów;353.37;15.19;11.13;48.48;3.07;19.32;1.47;2.74;ciepło/zimno;2026-09-29T13:53:32.978Z
2026-10-05;Wybór menu / SUPREME;614;2000;Dieta Active Pro;Obiad;193;Polędwiczka wieprzowa w sosie z pieczonej papryki, kuskus, colesław;549.23;42.49;20.31;46.54;5.88;6.19;1.23;5.39;na ciepło;2026-09-29T13:53:32.978Z
2026-10-05;Wybór menu / SUPREME;614;2000;Dieta Fish Low Carb & IG;Obiad;201;Miruna w cieście z kokosem, dip sriracha-mayo, fasolka szparagowa, surówka z kiszonej kapusty;414.6;32.51;26.76;12.24;9.93;7.21;1.8;5.04;na ciepło;2026-09-29T13:53:32.978Z
2026-10-05;Wybór menu / SUPREME;614;2000;Dieta Kuchnie Świata;Obiad;241;Pad Kra Pao bowl - ryż, wieprzowina smażona, jajko sadzone, sos ostrygowo-sojowy, sezam;619.86;36.4;27.67;56.05;3.79;15.09;3.71;5.62;na ciepło;2026-09-29T13:53:32.978Z
2026-10-05;Wybór menu / SUPREME;614;2000;Dieta Light;Obiad;219;Makaron rigatoni w sosie arrabbiata z kurczakiem, ser włoski;657.68;51.39;17.6;72.82;2.68;6.99;1.1;2.99;na ciepło;2026-09-29T13:53:32.978Z
2026-10-05;Wybór menu / SUPREME;614;2000;Dieta Low Carb & IG;Obiad;224;Siekane kotlety z indyka w sosie chrzanowym, puree z pietruszki, colesław z czerwonej kapusty;467.92;30.81;30.08;19.65;6.51;5.27;1.41;12.27;na ciepło;2026-09-29T13:53:32.978Z
2026-10-05;Wybór menu / SUPREME;614;2000;Dieta Top Taste;Obiad;117;Pieczony łosoś w sosie porowym, ryż z płatkami suszonego pomidora, warzywa z pary;610.67;32.65;33.55;44.49;4.71;2.52;0.48;11.14;na ciepło;2026-09-29T13:53:32.978Z
2026-10-05;Wybór menu / SUPREME;614;2000;Dieta Śródziemnomorska;Obiad;231;Pierogi z soczewicą i suszonymi pomidorami, okrasa z kaszy gryczanej, surówka z selera z żurawiną;557.51;19.8;11.89;89.78;12.4;15.03;1.17;1.05;na ciepło;2026-09-29T13:53:32.978Z
2026-10-05;Wybór menu / SUPREME;614;2000;SUPREME;Obiad;198;Pieczona pierś z kurczaka w marynacie jogurtowej w sosie musztardowym, ziemniaki opiekane, surówka z marchewki i jabłka;441.26;37.48;14.58;39.73;6.83;12.29;1.15;3.86;na ciepło;2026-09-29T13:53:32.978Z
2026-10-05;Wybór menu / SUPREME;614;2000;Dieta Active Pro;Podwieczorek;194;Białkowy twarożek ananasowy;250.46;27.02;7.4;23.74;1.48;8.79;0.18;5.27;na zimno;2026-09-29T13:53:32.978Z
2026-10-05;Wybór menu / SUPREME;614;2000;Dieta Fish Low Carb & IG;Podwieczorek;202;Sernik waniliowy z musem owocowym;327.8;11.69;27.27;8.99;0.26;5.75;0.22;15.67;na zimno;2026-09-29T13:53:32.978Z
2026-10-05;Wybór menu / SUPREME;614;2000;Dieta Kuchnie Świata;Podwieczorek;242;Deser ryżowy z mango;388.93;7.98;20.21;43.86;0.84;23.9;0.16;12.1;na zimno;2026-09-29T13:53:32.978Z
2026-10-05;Wybór menu / SUPREME;614;2000;Dieta Light;Podwieczorek;220;Sernik limonkowo-waniliowy na biszkopcie z kaszy manny;281.37;9.7;14.05;28.94;0.25;21.98;0.28;7.39;na zimno;2026-09-29T13:53:32.978Z
2026-10-05;Wybór menu / SUPREME;614;2000;Dieta Low Carb & IG;Podwieczorek;225;Twarożek ze szczypiorkiem, jajko gotowane, twarogowy chleb keto, ogórek;344.19;23.01;22.92;8.99;2.4;7.03;0.92;6.56;na zimno;2026-09-29T13:53:32.978Z
2026-10-05;Wybór menu / SUPREME;614;2000;Dieta Top Taste;Podwieczorek;243;Leśny przekładaniec z kajmakiem;279.84;6.47;15.41;31.6;2.79;11.07;0.46;7.75;na zimno;2026-09-29T13:53:32.978Z
2026-10-05;Wybór menu / SUPREME;614;2000;Dieta Śródziemnomorska;Podwieczorek;232;Pomarańczowe ciasto z ryżu;240.27;5.34;12.79;28.14;1.94;5.71;0.32;3.26;na zimno;2026-09-29T13:53:32.978Z
2026-10-05;Wybór menu / SUPREME;614;2000;SUPREME;Podwieczorek;227;Fale Dunaju;373.16;7.96;24;28.35;5.97;19.65;0.36;9.89;na zimno;2026-09-29T13:53:32.978Z
2026-10-05;Wybór menu / SUPREME;614;2000;Dieta Active Pro;Kolacja;195;Tacos z gyrosem z kurczaka, dip algierski;467.27;31.24;17.32;45.44;1.47;4.7;1.67;1.67;na ciepło;2026-09-29T13:53:32.978Z
2026-10-05;Wybór menu / SUPREME;614;2000;Dieta Fish Low Carb & IG;Kolacja;203;Sałatka z prażoną ciecierzycą, ogórkiem, serem typu bałkańskiego, pomidorkami i winegretem ziołowym;306.33;12.85;20.68;17.19;3.83;5.17;2.35;5.62;na zimno;2026-09-29T13:53:32.978Z
2026-10-05;Wybór menu / SUPREME;614;2000;Dieta Kuchnie Świata;Kolacja;244;Sałatka z szarpaną wieprzowiną, szpinakiem, biało-czarnym ryżem, pomidorkami, papryką i dipem 1000 wysp;375.99;15.98;18.83;30.53;3.14;8.66;0.67;6.12;na zimno;2026-09-29T13:53:32.978Z
2026-10-05;Wybór menu / SUPREME;614;2000;Dieta Light;Kolacja;221;Sałatka z gotowanym jajkiem, serem typu bałkańskiego, świeżym szpinakiem, pomidorkami i ogórkiem, dip koperkowy;323.6;21.23;22.9;8.05;1.93;6.12;2.08;7.43;na zimno;2026-09-29T13:53:32.978Z
2026-10-05;Wybór menu / SUPREME;614;2000;Dieta Low Carb & IG;Kolacja;226;Pełnoziarnisty makaron w sosie all'Amatriciana z boczkiem, ser włoski;433.82;15.72;23.6;39.31;6.64;3.85;0.99;7.58;na ciepło;2026-09-29T13:53:32.978Z
2026-10-05;Wybór menu / SUPREME;614;2000;Dieta Top Taste;Kolacja;245;Pizza z kurczakiem, mozzarellą, papryką i pieczarkami, dip chipotle;381.4;21.1;11.06;47.8;3.05;9.3;2.34;4.39;ciepło/zimno;2026-09-29T13:53:32.978Z
2026-10-05;Wybór menu / SUPREME;614;2000;Dieta Śródziemnomorska;Kolacja;233;Hummus paprykowy, fit rolls gryczane z solą morską, ogórek z marchewką;421.32;15.02;19.01;48.62;11.96;4.51;1.32;1.83;na zimno;2026-09-29T13:53:32.978Z
2026-10-05;Wybór menu / SUPREME;614;2000;SUPREME;Kolacja;228;Zupa porowo-serowa z grzankami;411.14;10.46;28.71;27.68;3.1;4.79;2.12;8.73;na zimno;2026-09-29T13:53:32.978Z
2026-10-05;Wybór menu / TYPES OF VEGE;614;2000;Dieta Fish Low Carb & IG;Śniadanie;199;Jajko sadzone z pieczarkami w sosie pomidorowo-paprykowym, chleb żytni;406.41;22.48;17.4;39.74;10.17;4.52;3.51;3.75;na ciepło;2026-09-29T13:53:32.978Z
2026-10-05;Wybór menu / TYPES OF VEGE;614;2000;Dieta Wegańska;Śniadanie;246;Pełnoziarnista kanapka z falafelem, warzywami i serem, dipem czosnkowym;374.08;7.95;20.96;38.48;6.12;4.21;1.42;8;na zimno;2026-09-29T13:53:32.978Z
2026-10-05;Wybór menu / TYPES OF VEGE;614;2000;Dieta Wegetariańska;Śniadanie;247;Pancakes ziołowe, twarożek paprykowy, ogórek;399.98;22.28;19.4;32.88;1.7;7.27;0.91;2.79;ciepło/zimno;2026-09-29T13:53:32.978Z
2026-10-05;Wybór menu / TYPES OF VEGE;614;2000;Dieta Fish Low Carb & IG;II śniadanie;200;Jogurt grecki straciatella, granola orzechowa, cząstki pomarańczy;466.03;11.85;36.95;25.91;8.03;13.82;0.26;21.13;na zimno;2026-09-29T13:53:32.978Z
2026-10-05;Wybór menu / TYPES OF VEGE;614;2000;Dieta Wegańska;II śniadanie;248;Hummus z prażonym słonecznikiem, mini wafle kukurydziane, papryka;356.39;10.1;18.13;37.58;6.56;2.12;1.03;1.74;na zimno;2026-09-29T13:53:32.978Z
2026-10-05;Wybór menu / TYPES OF VEGE;614;2000;Dieta Wegetariańska;II śniadanie;249;Croissant z twarożkiem jabłkowym, kiwi;325.78;13.79;12.19;39.92;1.12;14.24;0.05;10.84;na zimno;2026-09-29T13:53:32.978Z
2026-10-05;Wybór menu / TYPES OF VEGE;614;2000;Dieta Fish Low Carb & IG;Obiad;201;Miruna w cieście z kokosem, dip sriracha-mayo, fasolka szparagowa, surówka z kiszonej kapusty;414.6;32.51;26.76;12.24;9.93;7.21;1.8;5.04;na ciepło;2026-09-29T13:53:32.978Z
2026-10-05;Wybór menu / TYPES OF VEGE;614;2000;Dieta Wegańska;Obiad;250;Wegańskie spaghetti bolognese;484.81;25.19;18.81;51.15;9.62;6.86;1.99;1.78;na ciepło;2026-09-29T13:53:32.978Z
2026-10-05;Wybór menu / TYPES OF VEGE;614;2000;Dieta Wegetariańska;Obiad;251;Kotlety z batata i ciecierzycy w sosie musztardowym, opiekane ziemniaki, surówka z marchewki, natka pietruszki;535.36;11.76;26.36;62.03;11.11;14.19;1.94;6.04;na ciepło;2026-09-29T13:53:32.978Z
2026-10-05;Wybór menu / TYPES OF VEGE;614;2000;Dieta Fish Low Carb & IG;Podwieczorek;202;Sernik waniliowy z musem owocowym;327.8;11.69;27.27;8.99;0.26;5.75;0.22;15.67;na zimno;2026-09-29T13:53:32.978Z
2026-10-05;Wybór menu / TYPES OF VEGE;614;2000;Dieta Wegańska;Podwieczorek;252;Wegański pudding ryżowy malinowo-pistacjowy;386.25;4.12;21.38;44.38;2.64;21;0.43;11.04;na zimno;2026-09-29T13:53:32.978Z
2026-10-05;Wybór menu / TYPES OF VEGE;614;2000;Dieta Wegetariańska;Podwieczorek;253;Deser egzotyczny;186.58;18.88;5.91;14.97;1.51;9.48;0.16;4.29;na zimno;2026-09-29T13:53:32.978Z
2026-10-05;Wybór menu / TYPES OF VEGE;614;2000;Dieta Fish Low Carb & IG;Kolacja;203;Sałatka z prażoną ciecierzycą, ogórkiem, serem typu bałkańskiego, pomidorkami i winegretem ziołowym;306.33;12.85;20.68;17.19;3.83;5.17;2.35;5.62;na zimno;2026-09-29T13:53:32.978Z
2026-10-05;Wybór menu / TYPES OF VEGE;614;2000;Dieta Wegańska;Kolacja;254;Wegańskie futomaki z marynowaną marchewką;504.96;6.9;11.97;85.87;4.09;17.01;6.42;8.07;na zimno;2026-09-29T13:53:32.978Z
2026-10-05;Wybór menu / TYPES OF VEGE;614;2000;Dieta Wegetariańska;Kolacja;255;Makaron rigatoni w sosie serowym z tofu, pieczarkami i prażoną cebulką;537.45;22.98;28.18;47.34;2.6;4.63;1.95;11.78;na ciepło;2026-09-29T13:53:32.978Z
2026-10-06;Dieta Active Pro;586;1200;Dieta Active Pro;Śniadanie;256;Serniczki toffi, twarożek waniliowy, duszone truskawki;253;25.14;3.49;29.94;1.22;22.12;0.17;1.59;ciepło/zimno;2026-09-29T13:53:32.978Z
2026-10-06;Dieta Active Pro;586;1200;Dieta Active Pro;II śniadanie;257;Zupa krem paprykowy z nachosami;197;4.35;8.61;23.89;2.08;6.91;1.47;2.04;na ciepło;2026-09-29T13:53:32.978Z
2026-10-06;Dieta Active Pro;586;1200;Dieta Active Pro;Obiad;258;Makaron penne z sosem szpinakowym z suszonymi pomidorami, kurczakiem i serem włoskim;340;28.54;12.74;27.5;2.53;3.08;0.52;4.06;na ciepło;2026-09-29T13:53:32.978Z
2026-10-06;Dieta Active Pro;586;1200;Dieta Active Pro;Podwieczorek;259;Wysokobiałkowy baton ACTIVE;172;12.45;9.9;7.84;1.23;2.65;0.1;5.44;na zimno;2026-09-29T13:53:32.978Z
2026-10-06;Dieta Active Pro;586;1200;Dieta Active Pro;Kolacja;260;Sałatka z indykiem, suszonymi pomidorami, oliwkami i kaszą bulgur z mixem sałat i winegretem;270;12.16;15.54;20.37;5.09;5.69;0.55;1.6;na zimno;2026-09-29T13:53:32.978Z
2026-10-06;Dieta Ekonomiczna;587;1200;Dieta Ekonomiczna;Śniadanie;261;Pasztet wieprzowy z orzechami włoskimi ze śliwką, ćwikła z chrzanem, chleb litewski, ogórek kiszony;448;21.33;22.78;39.55;2.3;9.5;1.52;6.75;na zimno;2026-09-29T13:53:32.978Z
2026-10-06;Dieta Ekonomiczna;587;1200;Dieta Ekonomiczna;II śniadanie;192;Brzoskwiniowy shake proteinowy;183;8.18;4.22;32.97;1.05;19.6;0.19;2.58;na zimno;2026-09-29T13:53:32.978Z
2026-10-06;Dieta Ekonomiczna;587;1200;Dieta Ekonomiczna;Obiad;262;Kurczak w marynacie pietruszka-chili-czosnek z risotto curry i orientalną surówką z czerwonej kapusty;598;43.27;18;65.01;5.37;5.75;1.81;7.27;na ciepło;2026-09-29T13:53:32.978Z
2026-10-06;Dieta Ekonomiczna Wege;605;1200;Dieta Ekonomiczna Wege;Śniadanie;263;Omlet z twarożkiem łososiowym z koperkiem, pomidorki;340;22.35;25.27;5.73;1.26;4.74;1.54;8.83;ciepło/zimno;2026-09-29T13:53:32.978Z
2026-10-06;Dieta Ekonomiczna Wege;605;1200;Dieta Ekonomiczna Wege;II śniadanie;264;Bułeczka orkiszowa z farszem pieczarkowo-serowym, dip czosnkowy;418;16.65;26.25;28.73;3.72;3.4;1.45;6.81;ciepło/zimno;2026-09-29T13:53:32.978Z
2026-10-06;Dieta Ekonomiczna Wege;605;1200;Dieta Ekonomiczna Wege;Obiad;265;Kotlety jajeczne ze szpinakiem i serem, sos śmietanowo-chrzanowy, kasza pęczak z pieczarkami, surówka z marchewki, jabłka i pora;559;23.38;34.06;39.65;6.84;7.25;1.98;11.74;na ciepło;2026-09-29T13:53:32.978Z
2026-10-06;Dieta Fish Low Carb & IG;631;1200;Dieta Fish Low Carb & IG;Śniadanie;263;Omlet z twarożkiem łososiowym z koperkiem, pomidorki;175;11.45;12.7;3.68;0.99;3.18;0.77;4.41;ciepło/zimno;2026-09-29T13:53:32.978Z
2026-10-06;Dieta Fish Low Carb & IG;631;1200;Dieta Fish Low Carb & IG;II śniadanie;264;Bułeczka orkiszowa z farszem pieczarkowo-serowym, dip czosnkowy;273;11.01;17.03;18.95;2.48;2.1;0.95;4.47;ciepło/zimno;2026-09-29T13:53:32.978Z
2026-10-06;Dieta Fish Low Carb & IG;631;1200;Dieta Fish Low Carb & IG;Obiad;265;Kotlety jajeczne ze szpinakiem i serem, sos śmietanowo-chrzanowy, kasza pęczak z pieczarkami, surówka z marchewki, jabłka i pora;420;16.12;27.04;28.1;5.43;6.84;1.54;9.61;na ciepło;2026-09-29T13:53:32.978Z
2026-10-06;Dieta Fish Low Carb & IG;631;1200;Dieta Fish Low Carb & IG;Podwieczorek;266;Truskawkowa ''tapioka'' konjac;113;1.26;9.76;6.88;1.45;2.89;0.02;5.78;na zimno;2026-09-29T13:53:32.978Z
2026-10-06;Dieta Fish Low Carb & IG;631;1200;Dieta Fish Low Carb & IG;Kolacja;267;Makaron w sosie paprykowym z tuńczykiem i oliwkami;253;18.68;10.61;20.65;3.7;1.36;0.95;2.12;na ciepło;2026-09-29T13:53:32.978Z
2026-10-06;Dieta Fodmap;617;1200;Dieta Fodmap;Śniadanie;268;Jaja gotowane z sosem tatarskim, chleb twarogowy z sezamem, papryka;244;16.42;15.53;8.62;0.71;4.95;0.98;3.23;na zimno;2026-09-29T13:53:32.978Z
2026-10-06;Dieta Fodmap;617;1200;Dieta Fodmap;II śniadanie;269;Twarożek waniliowy z konfiturą borówkową, musli kokosowe;226;10.36;9.52;24.74;1.41;19.92;0.19;5.37;na zimno;2026-09-29T13:53:32.978Z
2026-10-06;Dieta Fodmap;617;1200;Dieta Fodmap;Obiad;270;Pulpeciki wieprzowe w sosie paprykowym, ryż basmati z płatkami suszonego pomidora i surówka z kalarepy z rzodkiewką;404;15.74;20.21;36.26;4.66;4.67;1.33;6.69;na ciepło;2026-09-29T13:53:32.978Z
2026-10-06;Dieta Fodmap;617;1200;Dieta Fodmap;Podwieczorek;271;Brownie bezglutenowe;251;5.71;18.91;14.16;1.62;11.54;0.15;5.77;na zimno;2026-09-29T13:53:32.978Z
2026-10-06;Dieta Fodmap;617;1200;Dieta Fodmap;Kolacja;272;Sałatka z indykiem, pomidorkami, ogórkiem i pestkami dyni, winegret ziołowy;166;13.1;9.5;6.93;0.9;4.75;0.18;0.91;na zimno;2026-09-29T13:53:32.978Z
2026-10-06;Dieta Hashi Low Gluten & Lactose;629;1200;Dieta Hashi Low Gluten & Lactose;Śniadanie;273;Pasztet z indyka ze śliwką, dip chrzanowy, chleb twarogowy z ziarnami, pomidorki;250;19.49;14.11;10.3;1.66;7.45;0.71;2.96;na zimno;2026-09-29T13:53:32.978Z
2026-10-06;Dieta Hashi Low Gluten & Lactose;629;1200;Dieta Hashi Low Gluten & Lactose;II śniadanie;274;Zupa ogórkowa z koperkiem i ziemniakami;219;3.71;14.73;17.89;4.26;4.38;1.05;7.12;na ciepło;2026-09-29T13:53:32.978Z
2026-10-06;Dieta Hashi Low Gluten & Lactose;629;1200;Dieta Hashi Low Gluten & Lactose;Obiad;275;Makaron penne z kurczakiem, grillowaną cukinią w sosie pieczarkowo-śmietanowym z natką pietruszki i włoskim serem;416;23.06;17.63;40.96;3.13;4.59;0.85;6.68;na ciepło;2026-09-29T13:53:32.978Z
2026-10-06;Dieta Hashi Low Gluten & Lactose;629;1200;Dieta Hashi Low Gluten & Lactose;Podwieczorek;276;Tarta śliwkowa;138;3.03;8.72;11.5;0.74;2.18;0.08;5.31;na zimno;2026-09-29T13:53:32.978Z
2026-10-06;Dieta Hashi Low Gluten & Lactose;629;1200;Dieta Hashi Low Gluten & Lactose;Kolacja;277;Bezglutenowa zapiekanka z pieczarkami i mozzarellą z oregano, dip bazyliowy, sałata rzymska, papryka;238;6.08;10.86;28.2;1.94;2.96;0.87;2.44;ciepło/zimno;2026-09-29T13:53:32.978Z
2026-10-06;Dieta Ketogeniczna;610;1500;Dieta Ketogeniczna;Śniadanie;278;Jajka na twardo w sosie tatarskim, chleb keto, ogórek;337;16.29;27.37;5.24;3.49;3.07;1.03;4.54;na zimno;2026-09-29T13:53:32.978Z
2026-10-06;Dieta Ketogeniczna;610;1500;Dieta Ketogeniczna;Obiad;279;Schab wieprzowy w marynacie limonkowej z sosem bazyliowym, pieczony kalafior z masłem, boczek prażony, cukinia;546;34.27;42.2;7.21;3.71;6.02;0.98;18.15;na ciepło;2026-09-29T13:53:32.978Z
2026-10-06;Dieta Ketogeniczna;610;1500;Dieta Ketogeniczna;Podwieczorek;280;Sałatka z grillowaną fasolką szparagową, mini mozzarellą w pesto, orzechami włoskimi, czerwoną cebulą, ogórkiem i winegretem;245;9.86;19.99;6.51;2.9;2.9;0.54;5.64;na zimno;2026-09-29T13:53:32.978Z
2026-10-06;Dieta Ketogeniczna;610;1500;Dieta Ketogeniczna;Kolacja;281;Zapiekanka brokułowa z mięsem mielonym, chorizo i serem cheddar, dip czosnkowy;464;21.26;38.22;4.45;3.45;1.67;1.26;13.51;na ciepło;2026-09-29T13:53:32.978Z
2026-10-06;Dieta Light;612;1500;Dieta Light;Śniadanie;282;Placuszki z serka wiejskiego z marchewką i polędwicą wieprzową, dip ziołowy, ogórek;271;19.3;16.17;11.89;1.26;4.59;1.34;6.02;ciepło/zimno;2026-09-29T13:53:32.978Z
2026-10-06;Dieta Light;612;1500;Dieta Light;II śniadanie;283;Jogurt malinowy, owocowe musli, melon;301;7.41;5.63;52.17;5.49;33.2;0.2;2.81;na zimno;2026-09-29T13:53:32.978Z
2026-10-06;Dieta Light;612;1500;Dieta Light;Obiad;284;Filet z indyka w sosie ziołowym, ziemniaki opiekane, fasolka szparagowa z tymiankiem;355;28.01;16.68;23.17;5.97;3.5;0.63;7.76;na ciepło;2026-09-29T13:53:32.978Z
2026-10-06;Dieta Light;612;1500;Dieta Light;Podwieczorek;285;Lekki sernik waniliowy z czerwoną porzeczką;231;6.22;11.42;25.76;0.56;17.24;0.17;6.43;na zimno;2026-09-29T13:53:32.978Z
2026-10-06;Dieta Light;612;1500;Dieta Light;Kolacja;286;Tosty pszenne z polędwicą wieprzową i serem, podane z ogórkami kiszonymi oraz delikatnym sosem 1000 wysp;283;16.91;10.78;29.67;0.6;4.11;1.49;4.16;ciepło/zimno;2026-09-29T13:53:32.978Z
2026-10-06;Dieta Low Carb & IG;628;1200;Dieta Low Carb & IG;Śniadanie;287;Pasta jajeczna z polędwicą wieprzową i szczypiorkiem, pieczywo keto, rzodkiewka;244;14.88;17.46;5.52;3.39;4.18;0.87;2.63;na zimno;2026-09-29T13:53:32.978Z
2026-10-06;Dieta Low Carb & IG;628;1200;Dieta Low Carb & IG;II śniadanie;288;Sałatka z kuskusem perłowym, serem typu bałkańskiego, pomidorkami i oliwkami, winegret cytrusowy;179;5.07;10.99;15.11;1.5;2.03;0.83;2.23;na zimno;2026-09-29T13:53:32.978Z
2026-10-06;Dieta Low Carb & IG;628;1200;Dieta Low Carb & IG;Obiad;289;Filet z kurczaka w sosie pieczeniowym, ryż basmati z kurkumą, surówka wiosenna;266;23.89;6.93;26.68;3.57;1.68;1;0.79;na ciepło;2026-09-29T13:53:32.978Z
2026-10-06;Dieta Low Carb & IG;628;1200;Dieta Low Carb & IG;Podwieczorek;290;Fasolka po bretońsku z kiełbasą drobiową z chilli i kolendrą;248;18.95;13.44;11.39;1.59;2.9;0.94;4.34;na ciepło;2026-09-29T13:53:32.978Z
2026-10-06;Dieta Low Carb & IG;628;1200;Dieta Low Carb & IG;Kolacja;291;Quesadilla z salami, serem i papryką, dip bazyliowy;244;12.56;17.62;6.81;5.55;2.64;1.09;7.47;ciepło/zimno;2026-09-29T13:53:32.978Z
2026-10-06;Dieta START;634;1500;Dieta START;Śniadanie;264;Bułeczka orkiszowa z farszem pieczarkowo-serowym, dip czosnkowy;530;21.74;32.66;37.28;4.95;3.72;1.85;8.7;ciepło/zimno;2026-09-29T13:53:32.978Z
2026-10-06;Dieta START;634;1500;Dieta START;Obiad;289;Filet z kurczaka w sosie pieczeniowym, ryż basmati z kurkumą, surówka wiosenna;425;41.02;9.56;43.29;4.23;1.84;1.15;1.18;na ciepło;2026-09-29T13:53:32.978Z
2026-10-06;Dieta START;634;1500;Dieta START;Kolacja;267;Makaron w sosie paprykowym z tuńczykiem i oliwkami;500;39.23;21.28;37.9;6.83;2.5;2.01;4.16;na ciepło;2026-09-29T13:53:32.978Z
2026-10-06;Dieta Standard;583;1200;Dieta Standard;Śniadanie;261;Pasztet wieprzowy z orzechami włoskimi ze śliwką, ćwikła z chrzanem, chleb litewski, ogórek kiszony;264;11.9;11.65;27.86;1.4;6.22;1.16;3.42;na zimno;2026-09-29T13:53:32.978Z
2026-10-06;Dieta Standard;583;1200;Dieta Standard;II śniadanie;192;Brzoskwiniowy shake proteinowy;183;8.18;4.22;32.97;1.05;19.6;0.19;2.58;na zimno;2026-09-29T13:53:32.978Z
2026-10-06;Dieta Standard;583;1200;Dieta Standard;Obiad;262;Kurczak w marynacie pietruszka-chili-czosnek z risotto curry i orientalną surówką z czerwonej kapusty;385;26.67;12.16;41.77;4.2;4.77;1.2;4.46;na ciepło;2026-09-29T13:53:32.978Z
2026-10-06;Dieta Standard;583;1200;Dieta Standard;Podwieczorek;292;Ciasto Jagodowy Bór;163;3.85;12.22;8.72;1.93;4.91;0.15;6.53;na zimno;2026-09-29T13:53:32.978Z
2026-10-06;Dieta Standard;583;1200;Dieta Standard;Kolacja;293;Pierogi z farszem brokułowym i serem, dip koperkowy, pomidorki;291;11.34;9.45;38.73;3.91;4.62;0.66;2.25;ciepło/zimno;2026-09-29T13:53:32.978Z
2026-10-06;Dieta Śródziemnomorska;630;1200;Dieta Śródziemnomorska;Śniadanie;294;Croissant z twarożkiem waniliowym z jagodami goji i prażonym jabłkiem;231;17.5;7.96;22.57;1.99;6.35;0.38;4.44;na zimno;2026-09-29T13:53:32.978Z
2026-10-06;Dieta Śródziemnomorska;630;1200;Dieta Śródziemnomorska;II śniadanie;295;Placki kalafiorowe z curry i szynką drobiową, twarożek z rzodkiewką i koperkiem, pomidorki;174;19.9;7.62;6.4;2.75;4.96;0.78;3.33;ciepło/zimno;2026-09-29T13:53:32.978Z
2026-10-06;Dieta Śródziemnomorska;630;1200;Dieta Śródziemnomorska;Obiad;296;Klopsiki cielęco-wieprzowe z sosem brokułowym, puree ziemniaczane, surówka z białej kapusty z koperkiem;301;20.45;13.82;23.27;6.6;3.62;0.7;5.49;na ciepło;2026-09-29T13:53:32.978Z
2026-10-06;Dieta Śródziemnomorska;630;1200;Dieta Śródziemnomorska;Podwieczorek;297;Orkiszowe ciasto z owocami;190;6.87;6.95;24.49;3.82;4.53;0.11;2.56;na zimno;2026-09-29T13:53:32.978Z
2026-10-06;Dieta Śródziemnomorska;630;1200;Dieta Śródziemnomorska;Kolacja;298;Sałatka śródziemnomorska z ciecierzycą, kaszą bulgur, grillowaną cukinią i winegretem malinowym;264;10.36;13.5;24.93;6.96;4.94;1.13;3.76;na zimno;2026-09-29T13:53:32.978Z
2026-10-06;Wybór menu / BASIC;614;2000;BASIC;Śniadanie;261;Pasztet wieprzowy z orzechami włoskimi ze śliwką, ćwikła z chrzanem, chleb litewski, ogórek kiszony;448.26;21.33;22.78;39.55;2.3;9.5;1.52;6.75;na zimno;2026-09-29T13:53:32.978Z
2026-10-06;Wybór menu / BASIC;614;2000;Dieta Active Pro;Śniadanie;256;Serniczki toffi, twarożek waniliowy, duszone truskawki;466.1;46.85;6.72;53.78;1.78;38.97;0.32;3.1;ciepło/zimno;2026-09-29T13:53:32.978Z
2026-10-06;Wybór menu / BASIC;614;2000;Dieta Light;Śniadanie;282;Placuszki z serka wiejskiego z marchewką i polędwicą wieprzową, dip ziołowy, ogórek;374.79;25.85;22.94;15.98;1.55;6.15;1.83;8.25;ciepło/zimno;2026-09-29T13:53:32.978Z
2026-10-06;Wybór menu / BASIC;614;2000;BASIC;II śniadanie;192;Brzoskwiniowy shake proteinowy;182.86;8.18;4.22;32.97;1.05;19.6;0.19;2.58;na zimno;2026-09-29T13:53:32.978Z
2026-10-06;Wybór menu / BASIC;614;2000;Dieta Active Pro;II śniadanie;257;Zupa krem paprykowy z nachosami;246.11;5.04;11.09;30.18;2.08;7.01;1.52;2.28;na ciepło;2026-09-29T13:53:32.978Z
2026-10-06;Wybór menu / BASIC;614;2000;Dieta Light;II śniadanie;283;Jogurt malinowy, owocowe musli, melon;391.05;9.71;7.4;67.49;7.1;42.19;0.25;3.75;na zimno;2026-09-29T13:53:32.978Z
2026-10-06;Wybór menu / BASIC;614;2000;BASIC;Obiad;262;Kurczak w marynacie pietruszka-chili-czosnek z risotto curry i orientalną surówką z czerwonej kapusty;597.72;43.27;18;65.01;5.37;5.75;1.81;7.27;na ciepło;2026-09-29T13:53:32.978Z
2026-10-06;Wybór menu / BASIC;614;2000;Dieta Active Pro;Obiad;258;Makaron penne z sosem szpinakowym z suszonymi pomidorami, kurczakiem i serem włoskim;554.37;47.1;20.38;45.29;4.21;5.11;0.83;6.23;na ciepło;2026-09-29T13:53:32.978Z
2026-10-06;Wybór menu / BASIC;614;2000;Dieta Light;Obiad;284;Filet z indyka w sosie ziołowym, ziemniaki opiekane, fasolka szparagowa z tymiankiem;424.6;36.45;18.16;28.89;6.6;3.85;0.77;7.96;na ciepło;2026-09-29T13:53:32.978Z
2026-10-06;Wybór menu / BASIC;614;2000;BASIC;Podwieczorek;292;Ciasto Jagodowy Bór;244.21;5.77;18.33;13.08;2.9;7.36;0.23;9.79;na zimno;2026-09-29T13:53:32.978Z
2026-10-06;Wybór menu / BASIC;614;2000;Dieta Active Pro;Podwieczorek;259;Wysokobiałkowy baton ACTIVE;344.06;24.91;19.8;15.68;2.46;5.31;0.19;10.88;na zimno;2026-09-29T13:53:32.978Z
2026-10-06;Wybór menu / BASIC;614;2000;Dieta Light;Podwieczorek;285;Lekki sernik waniliowy z czerwoną porzeczką;323.21;8.71;15.98;36.07;0.78;24.13;0.24;9;na zimno;2026-09-29T13:53:32.978Z
2026-10-06;Wybór menu / BASIC;614;2000;BASIC;Kolacja;293;Pierogi z farszem brokułowym i serem, dip koperkowy, pomidorki;460.61;17.78;15.28;60.79;5.69;6.19;1.06;3.64;na ciepło;2026-09-29T13:53:32.978Z
2026-10-06;Wybór menu / BASIC;614;2000;Dieta Active Pro;Kolacja;260;Sałatka z indykiem, suszonymi pomidorami, oliwkami i kaszą bulgur z mixem sałat i winegretem;446.47;20.09;25.87;33.39;8.49;9.49;0.92;2.67;na zimno;2026-09-29T13:53:32.978Z
2026-10-06;Wybór menu / BASIC;614;2000;Dieta Light;Kolacja;286;Tosty pszenne z polędwicą wieprzową i serem, podane z ogórkami kiszonymi oraz delikatnym sosem 1000 wysp;427.72;25.11;16.75;44.32;0.72;6.06;1.99;6.34;ciepło/zimno;2026-09-29T13:53:32.978Z
2026-10-06;Wybór menu / COMFORT;614;2000;COMFORT;Śniadanie;261;Pasztet wieprzowy z orzechami włoskimi ze śliwką, ćwikła z chrzanem, chleb litewski, ogórek kiszony;448.26;21.33;22.78;39.55;2.3;9.5;1.52;6.75;na zimno;2026-09-29T13:53:32.978Z
2026-10-06;Wybór menu / COMFORT;614;2000;Dieta Active Pro;Śniadanie;256;Serniczki toffi, twarożek waniliowy, duszone truskawki;466.1;46.85;6.72;53.78;1.78;38.97;0.32;3.1;ciepło/zimno;2026-09-29T13:53:32.978Z
2026-10-06;Wybór menu / COMFORT;614;2000;Dieta Fish Low Carb & IG;Śniadanie;263;Omlet z twarożkiem łososiowym z koperkiem, pomidorki;340.23;22.35;25.27;5.73;1.26;4.74;1.54;8.83;ciepło/zimno;2026-09-29T13:53:32.978Z
2026-10-06;Wybór menu / COMFORT;614;2000;Dieta Light;Śniadanie;282;Placuszki z serka wiejskiego z marchewką i polędwicą wieprzową, dip ziołowy, ogórek;374.79;25.85;22.94;15.98;1.55;6.15;1.83;8.25;ciepło/zimno;2026-09-29T13:53:32.978Z
2026-10-06;Wybór menu / COMFORT;614;2000;Dieta Low Carb & IG;Śniadanie;287;Pasta jajeczna z polędwicą wieprzową i szczypiorkiem, pieczywo keto, rzodkiewka;388.62;22.95;28.89;7.4;3.88;5.48;1.39;4.25;na zimno;2026-09-29T13:53:32.978Z
2026-10-06;Wybór menu / COMFORT;614;2000;COMFORT;II śniadanie;192;Brzoskwiniowy shake proteinowy;182.86;8.18;4.22;32.97;1.05;19.6;0.19;2.58;na zimno;2026-09-29T13:53:32.978Z
2026-10-06;Wybór menu / COMFORT;614;2000;Dieta Active Pro;II śniadanie;257;Zupa krem paprykowy z nachosami;246.11;5.04;11.09;30.18;2.08;7.01;1.52;2.28;na ciepło;2026-09-29T13:53:32.978Z
2026-10-06;Wybór menu / COMFORT;614;2000;Dieta Fish Low Carb & IG;II śniadanie;264;Bułeczka orkiszowa z farszem pieczarkowo-serowym, dip czosnkowy;417.92;16.65;26.25;28.73;3.72;3.4;1.45;6.81;ciepło/zimno;2026-09-29T13:53:32.978Z
2026-10-06;Wybór menu / COMFORT;614;2000;Dieta Light;II śniadanie;283;Jogurt malinowy, owocowe musli, melon;391.05;9.71;7.4;67.49;7.1;42.19;0.25;3.75;na zimno;2026-09-29T13:53:32.978Z
2026-10-06;Wybór menu / COMFORT;614;2000;Dieta Low Carb & IG;II śniadanie;288;Sałatka z kuskusem perłowym, serem typu bałkańskiego, pomidorkami i oliwkami, winegret cytrusowy;316.12;9.86;20.04;24.37;2.42;3.86;1.85;4.99;na zimno;2026-09-29T13:53:32.978Z
2026-10-06;Wybór menu / COMFORT;614;2000;COMFORT;Obiad;262;Kurczak w marynacie pietruszka-chili-czosnek z risotto curry i orientalną surówką z czerwonej kapusty;597.72;43.27;18;65.01;5.37;5.75;1.81;7.27;na ciepło;2026-09-29T13:53:32.978Z
2026-10-06;Wybór menu / COMFORT;614;2000;Dieta Active Pro;Obiad;258;Makaron penne z sosem szpinakowym z suszonymi pomidorami, kurczakiem i serem włoskim;554.37;47.1;20.38;45.29;4.21;5.11;0.83;6.23;na ciepło;2026-09-29T13:53:32.978Z
2026-10-06;Wybór menu / COMFORT;614;2000;Dieta Fish Low Carb & IG;Obiad;265;Kotlety jajeczne ze szpinakiem i serem, sos śmietanowo-chrzanowy, kasza pęczak z pieczarkami, surówka z marchewki, jabłka i pora;558.85;23.38;34.06;39.65;6.84;7.25;1.98;11.74;na ciepło;2026-09-29T13:53:32.978Z
2026-10-06;Wybór menu / COMFORT;614;2000;Dieta Light;Obiad;284;Filet z indyka w sosie ziołowym, ziemniaki opiekane, fasolka szparagowa z tymiankiem;424.6;36.45;18.16;28.89;6.6;3.85;0.77;7.96;na ciepło;2026-09-29T13:53:32.978Z
2026-10-06;Wybór menu / COMFORT;614;2000;Dieta Low Carb & IG;Obiad;289;Filet z kurczaka w sosie pieczeniowym, ryż basmati z kurkumą, surówka wiosenna;399.36;38.67;9.13;40.29;4.12;1.82;1.13;1.12;na ciepło;2026-09-29T13:53:32.978Z
2026-10-06;Wybór menu / COMFORT;614;2000;COMFORT;Podwieczorek;292;Ciasto Jagodowy Bór;244.21;5.77;18.33;13.08;2.9;7.36;0.23;9.79;na zimno;2026-09-29T13:53:32.978Z
2026-10-06;Wybór menu / COMFORT;614;2000;Dieta Active Pro;Podwieczorek;259;Wysokobiałkowy baton ACTIVE;344.06;24.91;19.8;15.68;2.46;5.31;0.19;10.88;na zimno;2026-09-29T13:53:32.978Z
2026-10-06;Wybór menu / COMFORT;614;2000;Dieta Fish Low Carb & IG;Podwieczorek;266;Truskawkowa ''tapioka'' konjac;190.59;2.13;16.38;11.83;2.46;4.91;0.04;9.7;na zimno;2026-09-29T13:53:32.978Z
2026-10-06;Wybór menu / COMFORT;614;2000;Dieta Light;Podwieczorek;285;Lekki sernik waniliowy z czerwoną porzeczką;323.21;8.71;15.98;36.07;0.78;24.13;0.24;9;na zimno;2026-09-29T13:53:32.978Z
2026-10-06;Wybór menu / COMFORT;614;2000;Dieta Low Carb & IG;Podwieczorek;290;Fasolka po bretońsku z kiełbasą drobiową z chilli i kolendrą;428.9;32.14;23.32;19.93;2.77;5.08;1.64;7.55;na ciepło;2026-09-29T13:53:32.978Z
2026-10-06;Wybór menu / COMFORT;614;2000;COMFORT;Kolacja;293;Pierogi z farszem brokułowym i serem, dip koperkowy, pomidorki;460.61;17.78;15.28;60.79;5.69;6.19;1.06;3.64;na ciepło;2026-09-29T13:53:32.978Z
2026-10-06;Wybór menu / COMFORT;614;2000;Dieta Active Pro;Kolacja;260;Sałatka z indykiem, suszonymi pomidorami, oliwkami i kaszą bulgur z mixem sałat i winegretem;446.47;20.09;25.87;33.39;8.49;9.49;0.92;2.67;na zimno;2026-09-29T13:53:32.978Z
2026-10-06;Wybór menu / COMFORT;614;2000;Dieta Fish Low Carb & IG;Kolacja;267;Makaron w sosie paprykowym z tuńczykiem i oliwkami;426.14;32.89;17.57;34.2;5.95;2.23;1.55;3.53;na ciepło;2026-09-29T13:53:32.978Z
2026-10-06;Wybór menu / COMFORT;614;2000;Dieta Light;Kolacja;286;Tosty pszenne z polędwicą wieprzową i serem, podane z ogórkami kiszonymi oraz delikatnym sosem 1000 wysp;427.72;25.11;16.75;44.32;0.72;6.06;1.99;6.34;ciepło/zimno;2026-09-29T13:53:32.978Z
2026-10-06;Wybór menu / COMFORT;614;2000;Dieta Low Carb & IG;Kolacja;291;Quesadilla z salami, serem i papryką, dip bazyliowy;464.87;24.81;32.99;13.15;11.09;4.82;2.14;14.32;ciepło/zimno;2026-09-29T13:53:32.978Z
2026-10-06;Wybór menu / KETO FUSION;614;2000;Dieta Ketogeniczna;Śniadanie;278;Jajka na twardo w sosie tatarskim, chleb keto, ogórek;401.08;21.21;31.84;5.86;4.47;3.09;1.26;5.4;na zimno;2026-09-29T13:53:32.978Z
2026-10-06;Wybór menu / KETO FUSION;614;2000;Dieta Śródziemnomorska Keto;Śniadanie;299;Omlet szpinakowy, twarożek z wędzonym łososiem i koperkiem, pomidorki;595.34;30.81;48.13;9.16;4.29;7.65;2.15;17.47;ciepło/zimno;2026-09-29T13:53:32.978Z
2026-10-06;Wybór menu / KETO FUSION;614;2000;Dieta Ketogeniczna;Obiad;279;Schab wieprzowy w marynacie limonkowej z sosem bazyliowym, pieczony kalafior z masłem, boczek prażony, cukinia;657.14;44.3;49.69;8.04;4.42;6.58;1.15;21.11;na ciepło;2026-09-29T13:53:32.978Z
2026-10-06;Wybór menu / KETO FUSION;614;2000;Dieta Śródziemnomorska Keto;Obiad;300;Filet z indyka w sosie serowym, ryż z brokuła, warzywa grillowane z pieczarkami;582.16;48.92;37.81;11.59;6.45;3.9;2.13;9.73;na ciepło;2026-09-29T13:53:32.978Z
2026-10-06;Wybór menu / KETO FUSION;614;2000;Dieta Ketogeniczna;Podwieczorek;280;Sałatka z grillowaną fasolką szparagową, mini mozzarellą w pesto, orzechami włoskimi, czerwoną cebulą, ogórkiem i winegretem;359.33;13.7;29.81;9;4.48;4.3;0.76;7.85;na zimno;2026-09-29T13:53:32.978Z
2026-10-06;Wybór menu / KETO FUSION;614;2000;Dieta Śródziemnomorska Keto;Podwieczorek;301;Keto sernik orzechowy;473.63;14.78;43.58;5.83;3.9;4.54;0.4;20.81;na zimno;2026-09-29T13:53:32.978Z
2026-10-06;Wybór menu / KETO FUSION;614;2000;Dieta Ketogeniczna;Kolacja;281;Zapiekanka brokułowa z mięsem mielonym, chorizo i serem cheddar, dip czosnkowy;658.18;28.57;55.03;6.4;4.6;2.63;1.75;18.61;na ciepło;2026-09-29T13:53:32.978Z
2026-10-06;Wybór menu / KETO FUSION;614;2000;Dieta Śródziemnomorska Keto;Kolacja;302;Krewetki w marynacie czosnkowo-sojowej podane na makaronie konjac w zielonym curry z sezamem;483.63;25.79;38.08;8.46;4.82;4.41;3.95;17.25;na ciepło;2026-09-29T13:53:32.978Z
2026-10-06;Wybór menu / LADIES VIBES;614;2000;BASIC;Śniadanie;261;Pasztet wieprzowy z orzechami włoskimi ze śliwką, ćwikła z chrzanem, chleb litewski, ogórek kiszony;448.26;21.33;22.78;39.55;2.3;9.5;1.52;6.75;na zimno;2026-09-29T13:53:32.978Z
2026-10-06;Wybór menu / LADIES VIBES;614;2000;Dieta Active Pro;Śniadanie;256;Serniczki toffi, twarożek waniliowy, duszone truskawki;466.1;46.85;6.72;53.78;1.78;38.97;0.32;3.1;ciepło/zimno;2026-09-29T13:53:32.978Z
2026-10-06;Wybór menu / LADIES VIBES;614;2000;Dieta Light;Śniadanie;282;Placuszki z serka wiejskiego z marchewką i polędwicą wieprzową, dip ziołowy, ogórek;374.79;25.85;22.94;15.98;1.55;6.15;1.83;8.25;ciepło/zimno;2026-09-29T13:53:32.978Z
2026-10-06;Wybór menu / LADIES VIBES;614;2000;BASIC;II śniadanie;192;Brzoskwiniowy shake proteinowy;182.86;8.18;4.22;32.97;1.05;19.6;0.19;2.58;na zimno;2026-09-29T13:53:32.978Z
2026-10-06;Wybór menu / LADIES VIBES;614;2000;Dieta Active Pro;II śniadanie;257;Zupa krem paprykowy z nachosami;246.11;5.04;11.09;30.18;2.08;7.01;1.52;2.28;na ciepło;2026-09-29T13:53:32.978Z
2026-10-06;Wybór menu / LADIES VIBES;614;2000;Dieta Light;II śniadanie;283;Jogurt malinowy, owocowe musli, melon;391.05;9.71;7.4;67.49;7.1;42.19;0.25;3.75;na zimno;2026-09-29T13:53:32.978Z
2026-10-06;Wybór menu / LADIES VIBES;614;2000;BASIC;Obiad;262;Kurczak w marynacie pietruszka-chili-czosnek z risotto curry i orientalną surówką z czerwonej kapusty;597.72;43.27;18;65.01;5.37;5.75;1.81;7.27;na ciepło;2026-09-29T13:53:32.978Z
2026-10-06;Wybór menu / LADIES VIBES;614;2000;Dieta Active Pro;Obiad;258;Makaron penne z sosem szpinakowym z suszonymi pomidorami, kurczakiem i serem włoskim;554.37;47.1;20.38;45.29;4.21;5.11;0.83;6.23;na ciepło;2026-09-29T13:53:32.978Z
2026-10-06;Wybór menu / LADIES VIBES;614;2000;Dieta Light;Obiad;284;Filet z indyka w sosie ziołowym, ziemniaki opiekane, fasolka szparagowa z tymiankiem;424.6;36.45;18.16;28.89;6.6;3.85;0.77;7.96;na ciepło;2026-09-29T13:53:32.978Z
2026-10-06;Wybór menu / LADIES VIBES;614;2000;BASIC;Podwieczorek;292;Ciasto Jagodowy Bór;244.21;5.77;18.33;13.08;2.9;7.36;0.23;9.79;na zimno;2026-09-29T13:53:32.978Z
2026-10-06;Wybór menu / LADIES VIBES;614;2000;Dieta Active Pro;Podwieczorek;259;Wysokobiałkowy baton ACTIVE;344.06;24.91;19.8;15.68;2.46;5.31;0.19;10.88;na zimno;2026-09-29T13:53:32.978Z
2026-10-06;Wybór menu / LADIES VIBES;614;2000;Dieta Light;Podwieczorek;285;Lekki sernik waniliowy z czerwoną porzeczką;323.21;8.71;15.98;36.07;0.78;24.13;0.24;9;na zimno;2026-09-29T13:53:32.978Z
2026-10-06;Wybór menu / LADIES VIBES;614;2000;BASIC;Kolacja;293;Pierogi z farszem brokułowym i serem, dip koperkowy, pomidorki;460.61;17.78;15.28;60.79;5.69;6.19;1.06;3.64;na ciepło;2026-09-29T13:53:32.978Z
2026-10-06;Wybór menu / LADIES VIBES;614;2000;Dieta Active Pro;Kolacja;260;Sałatka z indykiem, suszonymi pomidorami, oliwkami i kaszą bulgur z mixem sałat i winegretem;446.47;20.09;25.87;33.39;8.49;9.49;0.92;2.67;na zimno;2026-09-29T13:53:32.978Z
2026-10-06;Wybór menu / LADIES VIBES;614;2000;Dieta Light;Kolacja;286;Tosty pszenne z polędwicą wieprzową i serem, podane z ogórkami kiszonymi oraz delikatnym sosem 1000 wysp;427.72;25.11;16.75;44.32;0.72;6.06;1.99;6.34;ciepło/zimno;2026-09-29T13:53:32.978Z
2026-10-06;Wybór menu / SUPREME;614;2000;Dieta Active Pro;Śniadanie;256;Serniczki toffi, twarożek waniliowy, duszone truskawki;466.1;46.85;6.72;53.78;1.78;38.97;0.32;3.1;ciepło/zimno;2026-09-29T13:53:32.978Z
2026-10-06;Wybór menu / SUPREME;614;2000;Dieta Fish Low Carb & IG;Śniadanie;263;Omlet z twarożkiem łososiowym z koperkiem, pomidorki;340.23;22.35;25.27;5.73;1.26;4.74;1.54;8.83;ciepło/zimno;2026-09-29T13:53:32.978Z
2026-10-06;Wybór menu / SUPREME;614;2000;Dieta Kuchnie Świata;Śniadanie;303;Naleśnik szpinakowy z farszem z kurczaka i mozzarellą,grillowane pieczarki;328.05;18.44;11.82;35.37;3.32;4.56;0.92;3.31;na ciepło;2026-09-29T13:53:32.978Z
2026-10-06;Wybór menu / SUPREME;614;2000;Dieta Light;Śniadanie;282;Placuszki z serka wiejskiego z marchewką i polędwicą wieprzową, dip ziołowy, ogórek;374.79;25.85;22.94;15.98;1.55;6.15;1.83;8.25;ciepło/zimno;2026-09-29T13:53:32.978Z
2026-10-06;Wybór menu / SUPREME;614;2000;Dieta Low Carb & IG;Śniadanie;287;Pasta jajeczna z polędwicą wieprzową i szczypiorkiem, pieczywo keto, rzodkiewka;388.62;22.95;28.89;7.4;3.88;5.48;1.39;4.25;na zimno;2026-09-29T13:53:32.978Z
2026-10-06;Wybór menu / SUPREME;614;2000;Dieta Top Taste;Śniadanie;304;Quesadilla z szarpaną wieprzowiną, warzywami i serem, salsa paprykowa;431.17;22.57;18.06;43.48;3.9;11.86;2.31;6.08;ciepło/zimno;2026-09-29T13:53:32.978Z
2026-10-06;Wybór menu / SUPREME;614;2000;Dieta Śródziemnomorska;Śniadanie;294;Croissant z twarożkiem waniliowym z jagodami goji i prażonym jabłkiem;436.32;29.79;16.7;41.64;3.43;10.75;0.78;9.39;na zimno;2026-09-29T13:53:32.978Z
2026-10-06;Wybór menu / SUPREME;614;2000;SUPREME;Śniadanie;261;Pasztet wieprzowy z orzechami włoskimi ze śliwką, ćwikła z chrzanem, chleb litewski, ogórek kiszony;448.26;21.33;22.78;39.55;2.3;9.5;1.52;6.75;na zimno;2026-09-29T13:53:32.978Z
2026-10-06;Wybór menu / SUPREME;614;2000;Dieta Active Pro;II śniadanie;257;Zupa krem paprykowy z nachosami;246.11;5.04;11.09;30.18;2.08;7.01;1.52;2.28;na ciepło;2026-09-29T13:53:32.978Z
2026-10-06;Wybór menu / SUPREME;614;2000;Dieta Fish Low Carb & IG;II śniadanie;264;Bułeczka orkiszowa z farszem pieczarkowo-serowym, dip czosnkowy;417.92;16.65;26.25;28.73;3.72;3.4;1.45;6.81;ciepło/zimno;2026-09-29T13:53:32.978Z
2026-10-06;Wybór menu / SUPREME;614;2000;Dieta Kuchnie Świata;II śniadanie;305;Pasta serowo-czosnkowa, chleb czystoziarnisty, pomidorki, szczypiorek;349.37;14.11;25.6;13.23;5.85;5.19;0.84;7.31;na zimno;2026-09-29T13:53:32.978Z
2026-10-06;Wybór menu / SUPREME;614;2000;Dieta Light;II śniadanie;283;Jogurt malinowy, owocowe musli, melon;391.05;9.71;7.4;67.49;7.1;42.19;0.25;3.75;na zimno;2026-09-29T13:53:32.978Z
2026-10-06;Wybór menu / SUPREME;614;2000;Dieta Low Carb & IG;II śniadanie;288;Sałatka z kuskusem perłowym, serem typu bałkańskiego, pomidorkami i oliwkami, winegret cytrusowy;316.12;9.86;20.04;24.37;2.42;3.86;1.85;4.99;na zimno;2026-09-29T13:53:32.978Z
2026-10-06;Wybór menu / SUPREME;614;2000;Dieta Top Taste;II śniadanie;306;Tost francuski z chałki, twarożek czekoladowy, konfitura wiśniowa;383.95;14.61;11.34;57.29;2.18;12.2;0.75;4.74;ciepło/zimno;2026-09-29T13:53:32.978Z
2026-10-06;Wybór menu / SUPREME;614;2000;Dieta Śródziemnomorska;II śniadanie;295;Placki kalafiorowe z curry i szynką drobiową, twarożek z rzodkiewką i koperkiem, pomidorki;277.29;33.78;11.44;9.57;3.74;7.15;1.22;5.02;ciepło/zimno;2026-09-29T13:53:32.978Z
2026-10-06;Wybór menu / SUPREME;614;2000;SUPREME;II śniadanie;192;Brzoskwiniowy shake proteinowy;182.86;8.18;4.22;32.97;1.05;19.6;0.19;2.58;na zimno;2026-09-29T13:53:32.978Z
2026-10-06;Wybór menu / SUPREME;614;2000;Dieta Active Pro;Obiad;258;Makaron penne z sosem szpinakowym z suszonymi pomidorami, kurczakiem i serem włoskim;554.37;47.1;20.38;45.29;4.21;5.11;0.83;6.23;na ciepło;2026-09-29T13:53:32.978Z
2026-10-06;Wybór menu / SUPREME;614;2000;Dieta Fish Low Carb & IG;Obiad;265;Kotlety jajeczne ze szpinakiem i serem, sos śmietanowo-chrzanowy, kasza pęczak z pieczarkami, surówka z marchewki, jabłka i pora;558.85;23.38;34.06;39.65;6.84;7.25;1.98;11.74;na ciepło;2026-09-29T13:53:32.978Z
2026-10-06;Wybór menu / SUPREME;614;2000;Dieta Kuchnie Świata;Obiad;307;Wołowina po burgundzku z ryżem, natka pietruszki;434.73;38.33;12.67;37.37;3.61;4.63;1.21;0.77;na ciepło;2026-09-29T13:53:32.978Z
2026-10-06;Wybór menu / SUPREME;614;2000;Dieta Light;Obiad;284;Filet z indyka w sosie ziołowym, ziemniaki opiekane, fasolka szparagowa z tymiankiem;424.6;36.45;18.16;28.89;6.6;3.85;0.77;7.96;na ciepło;2026-09-29T13:53:32.978Z
2026-10-06;Wybór menu / SUPREME;614;2000;Dieta Low Carb & IG;Obiad;289;Filet z kurczaka w sosie pieczeniowym, ryż basmati z kurkumą, surówka wiosenna;399.36;38.67;9.13;40.29;4.12;1.82;1.13;1.12;na ciepło;2026-09-29T13:53:32.978Z
2026-10-06;Wybór menu / SUPREME;614;2000;Dieta Top Taste;Obiad;308;Kotlet devolay, młode ziemniaki, surówka wiosenna;643.4;44.41;31.19;45.86;6.58;4.49;1.16;11.97;na ciepło;2026-09-29T13:53:32.978Z
2026-10-06;Wybór menu / SUPREME;614;2000;Dieta Śródziemnomorska;Obiad;296;Klopsiki cielęco-wieprzowe z sosem brokułowym, puree ziemniaczane, surówka z białej kapusty z koperkiem;421.6;31.01;18.26;32.95;7.71;5.03;0.95;7.46;na ciepło;2026-09-29T13:53:32.978Z
2026-10-06;Wybór menu / SUPREME;614;2000;SUPREME;Obiad;262;Kurczak w marynacie pietruszka-chili-czosnek z risotto curry i orientalną surówką z czerwonej kapusty;597.72;43.27;18;65.01;5.37;5.75;1.81;7.27;na ciepło;2026-09-29T13:53:32.978Z
2026-10-06;Wybór menu / SUPREME;614;2000;Dieta Active Pro;Podwieczorek;259;Wysokobiałkowy baton ACTIVE;344.06;24.91;19.8;15.68;2.46;5.31;0.19;10.88;na zimno;2026-09-29T13:53:32.978Z
2026-10-06;Wybór menu / SUPREME;614;2000;Dieta Fish Low Carb & IG;Podwieczorek;266;Truskawkowa ''tapioka'' konjac;190.59;2.13;16.38;11.83;2.46;4.91;0.04;9.7;na zimno;2026-09-29T13:53:32.978Z
2026-10-06;Wybór menu / SUPREME;614;2000;Dieta Kuchnie Świata;Podwieczorek;309;Panna cotta z białą czekoladą i sosem porzeczkowym;453.08;6.04;36.45;29.44;3.71;16.68;0.21;24.71;na zimno;2026-09-29T13:53:32.978Z
2026-10-06;Wybór menu / SUPREME;614;2000;Dieta Light;Podwieczorek;285;Lekki sernik waniliowy z czerwoną porzeczką;323.21;8.71;15.98;36.07;0.78;24.13;0.24;9;na zimno;2026-09-29T13:53:32.978Z
2026-10-06;Wybór menu / SUPREME;614;2000;Dieta Low Carb & IG;Podwieczorek;290;Fasolka po bretońsku z kiełbasą drobiową z chilli i kolendrą;428.9;32.14;23.32;19.93;2.77;5.08;1.64;7.55;na ciepło;2026-09-29T13:53:32.978Z
2026-10-06;Wybór menu / SUPREME;614;2000;Dieta Top Taste;Podwieczorek;310;Malinowiec;243.11;7.6;16.39;17.91;3.18;4.47;0.22;5.12;na zimno;2026-09-29T13:53:32.978Z
2026-10-06;Wybór menu / SUPREME;614;2000;Dieta Śródziemnomorska;Podwieczorek;297;Orkiszowe ciasto z owocami;380.74;13.73;13.9;48.97;7.64;9.06;0.22;5.12;na zimno;2026-09-29T13:53:32.978Z
2026-10-06;Wybór menu / SUPREME;614;2000;SUPREME;Podwieczorek;292;Ciasto Jagodowy Bór;244.21;5.77;18.33;13.08;2.9;7.36;0.23;9.79;na zimno;2026-09-29T13:53:32.978Z
2026-10-06;Wybór menu / SUPREME;614;2000;Dieta Active Pro;Kolacja;260;Sałatka z indykiem, suszonymi pomidorami, oliwkami i kaszą bulgur z mixem sałat i winegretem;446.47;20.09;25.87;33.39;8.49;9.49;0.92;2.67;na zimno;2026-09-29T13:53:32.978Z
2026-10-06;Wybór menu / SUPREME;614;2000;Dieta Fish Low Carb & IG;Kolacja;267;Makaron w sosie paprykowym z tuńczykiem i oliwkami;426.14;32.89;17.57;34.2;5.95;2.23;1.55;3.53;na ciepło;2026-09-29T13:53:32.978Z
2026-10-06;Wybór menu / SUPREME;614;2000;Dieta Kuchnie Świata;Kolacja;311;Pizza bianca, dip sriracha-mayo;459.36;19.22;19.87;49.93;2.96;6.39;1.51;7.54;na ciepło;2026-09-29T13:53:32.978Z
2026-10-06;Wybór menu / SUPREME;614;2000;Dieta Light;Kolacja;286;Tosty pszenne z polędwicą wieprzową i serem, podane z ogórkami kiszonymi oraz delikatnym sosem 1000 wysp;427.72;25.11;16.75;44.32;0.72;6.06;1.99;6.34;ciepło/zimno;2026-09-29T13:53:32.978Z
2026-10-06;Wybór menu / SUPREME;614;2000;Dieta Low Carb & IG;Kolacja;291;Quesadilla z salami, serem i papryką, dip bazyliowy;464.87;24.81;32.99;13.15;11.09;4.82;2.14;14.32;ciepło/zimno;2026-09-29T13:53:32.978Z
2026-10-06;Wybór menu / SUPREME;614;2000;Dieta Top Taste;Kolacja;312;Pasztet drobiowy z pistacjami, dip duński, ogórek kiszony, chleb czystoziarnisty;375.21;22.62;24.31;14.17;5.89;4.37;1.09;3.47;na zimno;2026-09-29T13:53:32.978Z
2026-10-06;Wybór menu / SUPREME;614;2000;Dieta Śródziemnomorska;Kolacja;298;Sałatka śródziemnomorska z ciecierzycą, kaszą bulgur, grillowaną cukinią i winegretem malinowym;461.98;18.69;25.12;39.88;10.95;8.12;2.45;7.95;na zimno;2026-09-29T13:53:32.978Z
2026-10-06;Wybór menu / SUPREME;614;2000;SUPREME;Kolacja;293;Pierogi z farszem brokułowym i serem, dip koperkowy, pomidorki;460.61;17.78;15.28;60.79;5.69;6.19;1.06;3.64;na ciepło;2026-09-29T13:53:32.978Z
2026-10-06;Wybór menu / TYPES OF VEGE;614;2000;Dieta Fish Low Carb & IG;Śniadanie;263;Omlet z twarożkiem łososiowym z koperkiem, pomidorki;340.23;22.35;25.27;5.73;1.26;4.74;1.54;8.83;ciepło/zimno;2026-09-29T13:53:32.978Z
2026-10-06;Wybór menu / TYPES OF VEGE;614;2000;Dieta Wegańska;Śniadanie;313;Kanapka ze smarowidłem cebulkowym, papryką i rukolą;307.13;10.83;14.72;32.53;2.88;2.14;0.8;8.95;na zimno;2026-09-29T13:53:32.978Z
2026-10-06;Wybór menu / TYPES OF VEGE;614;2000;Dieta Wegetariańska;Śniadanie;314;Placki serowe z cukinią, twarożek szczypiorkowy, papryka;396.9;39.13;16.28;23.06;2.04;7.62;1.35;8.1;ciepło/zimno;2026-09-29T13:53:32.978Z
2026-10-06;Wybór menu / TYPES OF VEGE;614;2000;Dieta Fish Low Carb & IG;II śniadanie;264;Bułeczka orkiszowa z farszem pieczarkowo-serowym, dip czosnkowy;417.92;16.65;26.25;28.73;3.72;3.4;1.45;6.81;ciepło/zimno;2026-09-29T13:53:32.978Z
2026-10-06;Wybór menu / TYPES OF VEGE;614;2000;Dieta Wegańska;II śniadanie;315;Krem z pomidorów z czosnkiem, makaron świderki, pestki słonecznika;284.5;7.18;15.16;29.65;2.94;5.74;1.21;4.36;na ciepło;2026-09-29T13:53:32.978Z
2026-10-06;Wybór menu / TYPES OF VEGE;614;2000;Dieta Wegetariańska;II śniadanie;283;Jogurt malinowy, owocowe musli, melon;359.25;9.51;5.76;65.53;6.22;45.95;0.38;2.83;na zimno;2026-09-29T13:53:32.978Z
2026-10-06;Wybór menu / TYPES OF VEGE;614;2000;Dieta Fish Low Carb & IG;Obiad;265;Kotlety jajeczne ze szpinakiem i serem, sos śmietanowo-chrzanowy, kasza pęczak z pieczarkami, surówka z marchewki, jabłka i pora;558.85;23.38;34.06;39.65;6.84;7.25;1.98;11.74;na ciepło;2026-09-29T13:53:32.978Z
2026-10-06;Wybór menu / TYPES OF VEGE;614;2000;Dieta Wegańska;Obiad;316;Burger, pikle, sałata rzymska, pomidor, sos bbq;628.42;22.62;18.89;91.08;4.87;22.79;2.32;5.29;na ciepło;2026-09-29T13:53:32.978Z
2026-10-06;Wybór menu / TYPES OF VEGE;614;2000;Dieta Wegetariańska;Obiad;317;Makaron penne z sosem paprykowym z klopsikami wegańskimi, grillowane warzywa, tarta mozzarella;595.87;44.22;19.88;57.81;4.29;8.2;2.53;5.68;na ciepło;2026-09-29T13:53:32.978Z
2026-10-06;Wybór menu / TYPES OF VEGE;614;2000;Dieta Fish Low Carb & IG;Podwieczorek;266;Truskawkowa ''tapioka'' konjac;190.59;2.13;16.38;11.83;2.46;4.91;0.04;9.7;na zimno;2026-09-29T13:53:32.978Z
2026-10-06;Wybór menu / TYPES OF VEGE;614;2000;Dieta Wegańska;Podwieczorek;318;Deser kokosowo-migdałowy z chia i truskawkami;316.33;6.71;24.87;22.1;6.63;8.59;0.05;13.95;na zimno;2026-09-29T13:53:32.978Z
2026-10-06;Wybór menu / TYPES OF VEGE;614;2000;Dieta Wegetariańska;Podwieczorek;297;Orkiszowe ciasto z owocami;294.26;6.54;19.39;22.97;3.21;6.33;0.14;10.88;na zimno;2026-09-29T13:53:32.978Z
2026-10-06;Wybór menu / TYPES OF VEGE;614;2000;Dieta Fish Low Carb & IG;Kolacja;267;Makaron w sosie paprykowym z tuńczykiem i oliwkami;426.14;32.89;17.57;34.2;5.95;2.23;1.55;3.53;na ciepło;2026-09-29T13:53:32.978Z
2026-10-06;Wybór menu / TYPES OF VEGE;614;2000;Dieta Wegańska;Kolacja;319;Pierogi z farszem brokułowym z tofu, okrasa z kaszą gryczaną, dip czosnkowy;482.32;12.07;23.49;53.71;4.95;1.64;0.6;4.78;na ciepło;2026-09-29T13:53:32.978Z
2026-10-06;Wybór menu / TYPES OF VEGE;614;2000;Dieta Wegetariańska;Kolacja;320;Sałatka śródziemnomorska z pomidorkami, kaszą kuskus, pestkami dyni i serem typu bałkańskiego, winegret cytrusowy;377.65;13.99;26.14;21.23;2.14;4.48;2.18;8.18;na zimno;2026-09-29T13:53:32.978Z
2026-10-07;Dieta Active Pro;586;1200;Dieta Active Pro;Śniadanie;321;Pancakes orkiszowe z płatkami owsianymi, proteinowy twarożek kawowy, sos wiśniowy;275;15.03;12.25;26.18;2.26;10.73;0.3;2.63;ciepło/zimno;2026-09-29T13:53:32.978Z
2026-10-07;Dieta Active Pro;586;1200;Dieta Active Pro;II śniadanie;75;Malinowy shake proteinowy;191;16.01;4.53;20.62;2.05;15.56;0.33;2.82;na zimno;2026-09-29T13:53:32.978Z
2026-10-07;Dieta Active Pro;586;1200;Dieta Active Pro;Obiad;322;Filet z indyka w sosie chrzanowym, kasza orkiszowa, surówka z buraków;397;26.27;14.93;39.3;6.79;17.28;0.97;5.1;na ciepło;2026-09-29T13:53:32.978Z
2026-10-07;Dieta Active Pro;586;1200;Dieta Active Pro;Podwieczorek;323;Kakaowy baton owsiany z masłem orzechowym;148;6.86;7.65;12.51;2.06;1.22;0.06;3.5;na zimno;2026-09-29T13:53:32.978Z
2026-10-07;Dieta Active Pro;586;1200;Dieta Active Pro;Kolacja;324;Quesadilla pełnoziarnista z kurczakiem, szpinakiem i serem, dip ranczerski;253;18.24;9.06;24.63;3.68;3.87;1.11;4.52;ciepło/zimno;2026-09-29T13:53:32.978Z
2026-10-07;Dieta Ekonomiczna;587;1200;Dieta Ekonomiczna;Śniadanie;325;Majerankowy schab z musem śliwkowym, smarowidło chrzanowe, chleb żytni razowy, ogórek;353;38.12;6.25;35.86;6.21;6.94;1.19;2.14;na zimno;2026-09-29T13:53:32.978Z
2026-10-07;Dieta Ekonomiczna;587;1200;Dieta Ekonomiczna;II śniadanie;326;Sałatka z serem typu bałkańskiego, pieczonym burakiem, orzechem włoskim i żurawiną, winegret;358;8.13;23.28;28.81;2.97;23.8;1.6;4.7;na zimno;2026-09-29T13:53:32.978Z
2026-10-07;Dieta Ekonomiczna;587;1200;Dieta Ekonomiczna;Obiad;327;Spaghetti w mięsnym sosie meksykańskim z czerwoną fasolą i kukurydzą;617;40.24;20.53;67.56;5.99;8.93;1.03;3.04;na ciepło;2026-09-29T13:53:32.978Z
2026-10-07;Dieta Ekonomiczna Wege;605;1200;Dieta Ekonomiczna Wege;Śniadanie;328;Kanapka z serem, smarowidłem czosnkowym, rukolą i papryką;336;18.14;21.96;14.06;5.57;3.97;0.58;9.32;na zimno;2026-09-29T13:53:32.978Z
2026-10-07;Dieta Ekonomiczna Wege;605;1200;Dieta Ekonomiczna Wege;II śniadanie;329;Sałatka z pieczonym łososiem, pomidorami suszonymi, oliwkami, ogórkiem i winegretem ziołowym;342;18.9;26.85;6.13;1.7;3.1;0.6;3.71;na zimno;2026-09-29T13:53:32.978Z
2026-10-07;Dieta Ekonomiczna Wege;605;1200;Dieta Ekonomiczna Wege;Obiad;330;Gulasz warzywny z pieczarkami i tofu, kasza bulgur z natką pietruszki, warzywa stir-fry;489;26.6;23.35;42.74;14.4;11.28;3.18;4.31;na ciepło;2026-09-29T13:53:32.978Z
2026-10-07;Dieta Fish Low Carb & IG;631;1200;Dieta Fish Low Carb & IG;Śniadanie;328;Kanapka z serem, smarowidłem czosnkowym, rukolą i papryką;242;13.4;15.87;9.89;3.86;2.48;0.48;6.99;na zimno;2026-09-29T13:53:32.978Z
2026-10-07;Dieta Fish Low Carb & IG;631;1200;Dieta Fish Low Carb & IG;II śniadanie;329;Sałatka z pieczonym łososiem, pomidorami suszonymi, oliwkami, ogórkiem i winegretem ziołowym;218;11.49;17;4.8;1.3;2.11;0.45;2.31;na zimno;2026-09-29T13:53:32.978Z
2026-10-07;Dieta Fish Low Carb & IG;631;1200;Dieta Fish Low Carb & IG;Obiad;330;Gulasz warzywny z pieczarkami i tofu, kasza bulgur z natką pietruszki, warzywa stir-fry;311;16.57;14.97;27.06;9.49;7.78;2.25;2.65;na ciepło;2026-09-29T13:53:32.978Z
2026-10-07;Dieta Fish Low Carb & IG;631;1200;Dieta Fish Low Carb & IG;Podwieczorek;331;Kremowy deser czekoladowo-orzechowy z konfiturą malinową;232;6.29;18.39;10.56;4.39;4.27;0.21;8.98;na zimno;2026-09-29T13:53:32.978Z
2026-10-07;Dieta Fish Low Carb & IG;631;1200;Dieta Fish Low Carb & IG;Kolacja;332;Wrap pełnoziarnisty z pastą paprykową, tuńczykiem i jajkiem, pomidorki, dip kolendrowy;259;12.69;11.84;25.55;4.09;5.06;1.26;3.72;ciepło/zimno;2026-09-29T13:53:32.978Z
2026-10-07;Dieta Fodmap;617;1200;Dieta Fodmap;Śniadanie;333;Pasta jajeczna z polędwicą wieprzową i koperkiem, chleb szpinakowy, pomidorki;228;9.33;11.12;21.57;1.96;3.33;1.26;1.59;na zimno;2026-09-29T13:53:32.978Z
2026-10-07;Dieta Fodmap;617;1200;Dieta Fodmap;II śniadanie;334;Krem z marchewki i imbiru na mleczku kokosowym, pestki dyni;240;4.95;17.05;16.64;5.48;5.69;0.69;13.47;na ciepło;2026-09-29T13:53:32.978Z
2026-10-07;Dieta Fodmap;617;1200;Dieta Fodmap;Obiad;335;Pieczone udko z kurczaka Cacciatore, opiekane ziemniaki, mizeria;329;21.61;18.2;18.89;2.62;4.78;0.5;2.64;na ciepło;2026-09-29T13:53:32.978Z
2026-10-07;Dieta Fodmap;617;1200;Dieta Fodmap;Podwieczorek;336;Waniliowy sernik na zimno;207;8.14;13.6;13.06;1.1;9.72;0.1;8.44;na zimno;2026-09-29T13:53:32.978Z
2026-10-07;Dieta Fodmap;617;1200;Dieta Fodmap;Kolacja;337;Polędwica z komina, smarowidło ziołowe, chleb samo ziarno, ogórek;276;17.28;15.46;14.56;2.09;7.46;1.22;3.64;na zimno;2026-09-29T13:53:32.978Z
2026-10-07;Dieta Hashi Low Gluten & Lactose;629;1200;Dieta Hashi Low Gluten & Lactose;Śniadanie;338;Bułeczka z brokułem i indykiem, dip pomidorowy, ogórek kiszony;237;10.53;10.01;26.18;2.02;2.15;1.16;3.29;ciepło/zimno;2026-09-29T13:53:32.978Z
2026-10-07;Dieta Hashi Low Gluten & Lactose;629;1200;Dieta Hashi Low Gluten & Lactose;II śniadanie;72;Truskawkowy shake proteinowy;169;10.97;4.25;20.55;2.68;17.69;0.2;2.81;na zimno;2026-09-29T13:53:32.978Z
2026-10-07;Dieta Hashi Low Gluten & Lactose;629;1200;Dieta Hashi Low Gluten & Lactose;Obiad;339;Łosoś pieczony, puree z batata i pietruszki, colesław;356;22.91;20.75;19.27;6.21;4.03;1.51;5.68;na ciepło;2026-09-29T13:53:32.978Z
2026-10-07;Dieta Hashi Low Gluten & Lactose;629;1200;Dieta Hashi Low Gluten & Lactose;Podwieczorek;340;Sernik malinowy;158;8.28;7.4;15.02;1.46;4.47;0.14;3.63;na zimno;2026-09-29T13:53:32.978Z
2026-10-07;Dieta Hashi Low Gluten & Lactose;629;1200;Dieta Hashi Low Gluten & Lactose;Kolacja;341;Sałatka z kurczakiem pieczonym, kaszą jaglaną, ananasem, pomidorkami, kukurydzą i dipem ziołowym;269;15.89;10.59;27.45;2.17;10.35;0.46;1.23;na zimno;2026-09-29T13:53:32.978Z
2026-10-07;Dieta Ketogeniczna;610;1500;Dieta Ketogeniczna;Śniadanie;342;Serowo-czosnkowa kiełbasa z kurczaka, grillowane warzywa, dip sriracha-mayo;311;17.98;24.54;4.83;2.14;2.57;1.13;3.28;ciepło/zimno;2026-09-29T13:53:32.978Z
2026-10-07;Dieta Ketogeniczna;610;1500;Dieta Ketogeniczna;Obiad;343;Polędwiczki wieprzowe w sosie musztardowym, puree truflowe, kapusta zasmażana;473;28.61;35.7;8.07;3.52;3.89;1.01;14.81;na ciepło;2026-09-29T13:53:32.978Z
2026-10-07;Dieta Ketogeniczna;610;1500;Dieta Ketogeniczna;Podwieczorek;344;Smalec wieprzowy z cebulką, chleb keto, ogórki kiszone;428;7.74;40.01;6.93;3.7;1.47;0.58;11.83;na zimno;2026-09-29T13:53:32.978Z
2026-10-07;Dieta Ketogeniczna;610;1500;Dieta Ketogeniczna;Kolacja;345;Sałatka z grillowanym kurczakiem z warzywami, dip 1000 wysp;380;26.51;27.69;6.21;1.16;3.1;0.81;7.38;na zimno;2026-09-29T13:53:32.978Z
2026-10-07;Dieta Light;612;1500;Dieta Light;Śniadanie;346;Naleśnik, twarożek waniliowy, konfitura truskawkowa;354;19.08;11.58;42.68;0.89;23.02;0.24;3.31;ciepło/zimno;2026-09-29T13:53:32.978Z
2026-10-07;Dieta Light;612;1500;Dieta Light;II śniadanie;347;Krem z brokułów z grzankami ziołowymi;332;10.09;19;29.75;4.35;3.63;3.2;8.75;na ciepło;2026-09-29T13:53:32.978Z
2026-10-07;Dieta Light;612;1500;Dieta Light;Obiad;348;Pierogi z mięsem drobiowym, płatki suszonego pomidora, dip pietruszkowy;388;16.39;16.82;41.83;2.48;3.16;0.74;2.39;na ciepło;2026-09-29T13:53:32.978Z
2026-10-07;Dieta Light;612;1500;Dieta Light;Podwieczorek;349;Tapioka z owocami leśnymi;213;0.94;7.88;34.02;1.12;19.65;0.07;6.5;na zimno;2026-09-29T13:53:32.978Z
2026-10-07;Dieta Light;612;1500;Dieta Light;Kolacja;350;Risotto pomidorowo-paprykowe z pieczonym indykiem w ziołach i tartym serem;293;19.02;12.77;25.37;1.88;3.06;1.86;7.19;na ciepło;2026-09-29T13:53:32.978Z
2026-10-07;Dieta Low Carb & IG;628;1200;Dieta Low Carb & IG;Śniadanie;351;Omlet z kiełbasą podwawelską, papryką, serem i dipem koperkowym, pomidorki;245;14.75;18.21;5.65;1.28;3.8;1.1;7.15;ciepło/zimno;2026-09-29T13:53:32.978Z
2026-10-07;Dieta Low Carb & IG;628;1200;Dieta Low Carb & IG;II śniadanie;352;Jogurt grecki cynamonowo-waniliowy z duszonymi śliwkami, granola orzechowa;265;7.31;19.89;16.86;3.18;8.92;0.17;11.29;na zimno;2026-09-29T13:53:32.978Z
2026-10-07;Dieta Low Carb & IG;628;1200;Dieta Low Carb & IG;Obiad;353;Kotlet mielony z cebulą w sosie śmietanowym z natką pietruszki, pieczone warzywa korzeniowe, ogórki kiszone;318;20.94;21.64;9.54;6.76;5.12;1.68;9.44;na ciepło;2026-09-29T13:53:32.978Z
2026-10-07;Dieta Low Carb & IG;628;1200;Dieta Low Carb & IG;Podwieczorek;354;Hummus, chleb żytni, papryka;199;7.14;4.95;31.28;7.56;1.73;1.18;0.61;na zimno;2026-09-29T13:53:32.978Z
2026-10-07;Dieta Low Carb & IG;628;1200;Dieta Low Carb & IG;Kolacja;355;Krem z białych warzyw z prażonym boczkiem;261;7.45;22.45;7.16;2.65;5.45;1.91;11.57;na zimno;2026-09-29T13:53:32.978Z
2026-10-07;Dieta START;634;1500;Dieta START;Śniadanie;356;Gofr z twarożkiem orzechowy, pomarańcza;589;20.53;32.74;51.71;3.09;17.16;0.96;7.59;ciepło/zimno;2026-09-29T13:53:32.978Z
2026-10-07;Dieta START;634;1500;Dieta START;Obiad;357;Pierogi ze szpinakiem i twarogiem, płatki suszonego pomidora, dip pietruszkowy;522;13.98;21.73;64.36;6.64;4.74;1.34;5.13;na ciepło;2026-09-29T13:53:32.978Z
2026-10-07;Dieta START;634;1500;Dieta START;Kolacja;355;Krem z białych warzyw z prażonym boczkiem;389;10.74;34.14;9.53;3.52;7.27;2.69;16.92;na zimno;2026-09-29T13:53:32.978Z
2026-10-07;Dieta Standard;583;1200;Dieta Standard;Śniadanie;325;Majerankowy schab z musem śliwkowym, smarowidło chrzanowe, chleb żytni razowy, ogórek;236;23.68;3.93;26.3;4.69;4.85;0.85;1.31;na zimno;2026-09-29T13:53:32.978Z
2026-10-07;Dieta Standard;583;1200;Dieta Standard;II śniadanie;326;Sałatka z serem typu bałkańskiego, pieczonym burakiem, orzechem włoskim i żurawiną, winegret;239;5.74;14.86;20.43;2.28;16.52;1.12;2.97;na zimno;2026-09-29T13:53:32.978Z
2026-10-07;Dieta Standard;583;1200;Dieta Standard;Obiad;327;Spaghetti w mięsnym sosie meksykańskim z czerwoną fasolą i kukurydzą;378;24.64;12.94;40.54;3.59;5.36;0.65;2.22;na ciepło;2026-09-29T13:53:32.978Z
2026-10-07;Dieta Standard;583;1200;Dieta Standard;Podwieczorek;120;Sernik cookies & cream;167;3.66;11.46;12.09;0.32;7.8;0.12;5.98;na zimno;2026-09-29T13:53:32.978Z
2026-10-07;Dieta Standard;583;1200;Dieta Standard;Kolacja;358;Serowa pasta z pieczoną papryką, bułka dyniowa, marchewka;251;15.12;9.61;24.82;4.54;4.74;1.54;2.84;na zimno;2026-09-29T13:53:32.978Z
2026-10-07;Dieta Śródziemnomorska;630;1200;Dieta Śródziemnomorska;Śniadanie;359;Pasta z suszonymi pomidorami, pieczony indyk, chleb żytni, kiszony ogórek, rukola;242;16.97;5.03;32.26;8.07;3.22;1.51;0.58;na zimno;2026-09-29T13:53:32.978Z
2026-10-07;Dieta Śródziemnomorska;630;1200;Dieta Śródziemnomorska;II śniadanie;360;Krem z marchewki i imbiru na mleczku kokosowym z czarną soczewicą;272;7.54;15.97;24.6;6.98;6.05;0.7;13.13;na ciepło;2026-09-29T13:53:32.978Z
2026-10-07;Dieta Śródziemnomorska;630;1200;Dieta Śródziemnomorska;Obiad;361;Makaron penne w sosie pomidorowym z kurczakiem, tarty ser włoski;303;28.47;8.21;28.49;5.28;4.32;0.71;1.56;na ciepło;2026-09-29T13:53:32.978Z
2026-10-07;Dieta Śródziemnomorska;630;1200;Dieta Śródziemnomorska;Podwieczorek;362;Jogurtowo-cytrusowy krem z pistacjami;198;3.65;14.37;13.59;0.2;12.3;0.11;8.86;na zimno;2026-09-29T13:53:32.978Z
2026-10-07;Dieta Śródziemnomorska;630;1200;Dieta Śródziemnomorska;Kolacja;363;Grillowane krewetki, risotto pomidorowe z fasolką szparagową i cytryną;256;15.43;11.55;22.24;4.67;3.85;1.94;5.29;na ciepło;2026-09-29T13:53:32.978Z
2026-10-07;Wybór menu / BASIC;614;2000;BASIC;Śniadanie;325;Majerankowy schab z musem śliwkowym, smarowidło chrzanowe, chleb żytni razowy, ogórek;352.74;38.12;6.25;35.86;6.21;6.94;1.19;2.14;na zimno;2026-09-29T13:53:32.978Z
2026-10-07;Wybór menu / BASIC;614;2000;Dieta Active Pro;Śniadanie;321;Pancakes orkiszowe z płatkami owsianymi, proteinowy twarożek kawowy, sos wiśniowy;560.72;31.9;24.86;52.36;4.58;22.18;0.62;5.49;ciepło/zimno;2026-09-29T13:53:32.978Z
2026-10-07;Wybór menu / BASIC;614;2000;Dieta Light;Śniadanie;346;Naleśnik, twarożek waniliowy, konfitura truskawkowa;383.87;19.14;11.62;50.08;1.05;30.02;0.24;3.31;ciepło/zimno;2026-09-29T13:53:32.978Z
2026-10-07;Wybór menu / BASIC;614;2000;BASIC;II śniadanie;326;Sałatka z serem typu bałkańskiego, pieczonym burakiem, orzechem włoskim i żurawiną, winegret;357.79;8.13;23.28;28.81;2.97;23.8;1.6;4.7;na zimno;2026-09-29T13:53:32.978Z
2026-10-07;Wybór menu / BASIC;614;2000;Dieta Active Pro;II śniadanie;75;Malinowy shake proteinowy;190.95;16.01;4.53;20.62;2.05;15.56;0.33;2.82;na zimno;2026-09-29T13:53:32.978Z
2026-10-07;Wybór menu / BASIC;614;2000;Dieta Light;II śniadanie;347;Krem z brokułów z grzankami ziołowymi;351.61;10.74;19.35;33.1;4.55;3.87;3.28;8.8;na ciepło;2026-09-29T13:53:32.978Z
2026-10-07;Wybór menu / BASIC;614;2000;BASIC;Obiad;327;Spaghetti w mięsnym sosie meksykańskim z czerwoną fasolą i kukurydzą;616.95;40.24;20.53;67.56;5.99;8.93;1.03;3.04;na ciepło;2026-09-29T13:53:32.978Z
2026-10-07;Wybór menu / BASIC;614;2000;Dieta Active Pro;Obiad;322;Filet z indyka w sosie chrzanowym, kasza orkiszowa, surówka z buraków;535.19;41.22;18.13;51.79;9.1;17.56;1.1;5.47;na ciepło;2026-09-29T13:53:32.978Z
2026-10-07;Wybór menu / BASIC;614;2000;Dieta Light;Obiad;348;Pierogi z mięsem drobiowym, płatki suszonego pomidora, dip pietruszkowy;494.38;21.58;20.17;55.34;3.45;3.51;0.91;2.82;na ciepło;2026-09-29T13:53:32.978Z
2026-10-07;Wybór menu / BASIC;614;2000;BASIC;Podwieczorek;120;Sernik cookies & cream;250.38;5.49;17.19;18.14;0.49;11.7;0.18;8.96;na zimno;2026-09-29T13:53:32.978Z
2026-10-07;Wybór menu / BASIC;614;2000;Dieta Active Pro;Podwieczorek;323;Kakaowy baton owsiany z masłem orzechowym;296.31;13.71;15.31;25.02;4.12;2.44;0.13;7.01;na zimno;2026-09-29T13:53:32.978Z
2026-10-07;Wybór menu / BASIC;614;2000;Dieta Light;Podwieczorek;349;Tapioka z owocami leśnymi;298.37;1.32;11.04;47.63;1.57;27.52;0.1;9.11;na zimno;2026-09-29T13:53:32.978Z
2026-10-07;Wybór menu / BASIC;614;2000;BASIC;Kolacja;358;Serowa pasta z pieczoną papryką, bułka dyniowa, marchewka;378.36;23.66;15.24;34.65;5.28;6.72;2.34;4.6;na zimno;2026-09-29T13:53:32.978Z
2026-10-07;Wybór menu / BASIC;614;2000;Dieta Active Pro;Kolacja;324;Quesadilla pełnoziarnista z kurczakiem, szpinakiem i serem, dip ranczerski;491.68;35.46;17.25;48.69;7.35;7.29;2.18;8.97;ciepło/zimno;2026-09-29T13:53:32.978Z
2026-10-07;Wybór menu / BASIC;614;2000;Dieta Light;Kolacja;350;Risotto pomidorowo-paprykowe z pieczonym indykiem w ziołach i tartym serem;417.21;28.61;18.5;33.87;2.53;4.1;2.57;10.32;na ciepło;2026-09-29T13:53:32.978Z
2026-10-07;Wybór menu / COMFORT;614;2000;COMFORT;Śniadanie;325;Majerankowy schab z musem śliwkowym, smarowidło chrzanowe, chleb żytni razowy, ogórek;352.74;38.12;6.25;35.86;6.21;6.94;1.19;2.14;na zimno;2026-09-29T13:53:32.978Z
2026-10-07;Wybór menu / COMFORT;614;2000;Dieta Active Pro;Śniadanie;321;Pancakes orkiszowe z płatkami owsianymi, proteinowy twarożek kawowy, sos wiśniowy;560.72;31.9;24.86;52.36;4.58;22.18;0.62;5.49;ciepło/zimno;2026-09-29T13:53:32.978Z
2026-10-07;Wybór menu / COMFORT;614;2000;Dieta Fish Low Carb & IG;Śniadanie;328;Kanapka z serem, smarowidłem czosnkowym, rukolą i papryką;336.29;18.14;21.96;14.06;5.57;3.97;0.58;9.32;na zimno;2026-09-29T13:53:32.978Z
2026-10-07;Wybór menu / COMFORT;614;2000;Dieta Light;Śniadanie;346;Naleśnik, twarożek waniliowy, konfitura truskawkowa;383.87;19.14;11.62;50.08;1.05;30.02;0.24;3.31;ciepło/zimno;2026-09-29T13:53:32.978Z
2026-10-07;Wybór menu / COMFORT;614;2000;Dieta Low Carb & IG;Śniadanie;351;Omlet z kiełbasą podwawelską, papryką, serem i dipem koperkowym, pomidorki;423.36;25.64;31.82;8.58;1.7;5.33;1.94;12.6;ciepło/zimno;2026-09-29T13:53:32.978Z
2026-10-07;Wybór menu / COMFORT;614;2000;COMFORT;II śniadanie;326;Sałatka z serem typu bałkańskiego, pieczonym burakiem, orzechem włoskim i żurawiną, winegret;357.79;8.13;23.28;28.81;2.97;23.8;1.6;4.7;na zimno;2026-09-29T13:53:32.978Z
2026-10-07;Wybór menu / COMFORT;614;2000;Dieta Active Pro;II śniadanie;75;Malinowy shake proteinowy;190.95;16.01;4.53;20.62;2.05;15.56;0.33;2.82;na zimno;2026-09-29T13:53:32.978Z
2026-10-07;Wybór menu / COMFORT;614;2000;Dieta Fish Low Carb & IG;II śniadanie;329;Sałatka z pieczonym łososiem, pomidorami suszonymi, oliwkami, ogórkiem i winegretem ziołowym;342.04;18.9;26.85;6.13;1.7;3.1;0.6;3.71;na zimno;2026-09-29T13:53:32.978Z
2026-10-07;Wybór menu / COMFORT;614;2000;Dieta Light;II śniadanie;347;Krem z brokułów z grzankami ziołowymi;351.61;10.74;19.35;33.1;4.55;3.87;3.28;8.8;na ciepło;2026-09-29T13:53:32.978Z
2026-10-07;Wybór menu / COMFORT;614;2000;Dieta Low Carb & IG;II śniadanie;352;Jogurt grecki cynamonowo-waniliowy z duszonymi śliwkami, granola orzechowa;453.11;12.79;35.4;25.57;4.89;13.83;0.31;20.19;na zimno;2026-09-29T13:53:32.978Z
2026-10-07;Wybór menu / COMFORT;614;2000;COMFORT;Obiad;327;Spaghetti w mięsnym sosie meksykańskim z czerwoną fasolą i kukurydzą;616.95;40.24;20.53;67.56;5.99;8.93;1.03;3.04;na ciepło;2026-09-29T13:53:32.978Z
2026-10-07;Wybór menu / COMFORT;614;2000;Dieta Active Pro;Obiad;322;Filet z indyka w sosie chrzanowym, kasza orkiszowa, surówka z buraków;535.19;41.22;18.13;51.79;9.1;17.56;1.1;5.47;na ciepło;2026-09-29T13:53:32.978Z
2026-10-07;Wybór menu / COMFORT;614;2000;Dieta Fish Low Carb & IG;Obiad;330;Gulasz warzywny z pieczarkami i tofu, kasza bulgur z natką pietruszki, warzywa stir-fry;488.86;26.6;23.35;42.74;14.4;11.28;3.18;4.31;na ciepło;2026-09-29T13:53:32.978Z
2026-10-07;Wybór menu / COMFORT;614;2000;Dieta Light;Obiad;348;Pierogi z mięsem drobiowym, płatki suszonego pomidora, dip pietruszkowy;494.38;21.58;20.17;55.34;3.45;3.51;0.91;2.82;na ciepło;2026-09-29T13:53:32.978Z
2026-10-07;Wybór menu / COMFORT;614;2000;Dieta Low Carb & IG;Obiad;353;Kotlet mielony z cebulą w sosie śmietanowym z natką pietruszki, pieczone warzywa korzeniowe, ogórki kiszone;421.03;29.94;27.42;12.96;10.11;6.29;1.95;10.77;na ciepło;2026-09-29T13:53:32.978Z
2026-10-07;Wybór menu / COMFORT;614;2000;COMFORT;Podwieczorek;120;Sernik cookies & cream;250.38;5.49;17.19;18.14;0.49;11.7;0.18;8.96;na zimno;2026-09-29T13:53:32.978Z
2026-10-07;Wybór menu / COMFORT;614;2000;Dieta Active Pro;Podwieczorek;323;Kakaowy baton owsiany z masłem orzechowym;296.31;13.71;15.31;25.02;4.12;2.44;0.13;7.01;na zimno;2026-09-29T13:53:32.978Z
2026-10-07;Wybór menu / COMFORT;614;2000;Dieta Fish Low Carb & IG;Podwieczorek;331;Kremowy deser czekoladowo-orzechowy z konfiturą malinową;384.37;10.4;30.35;17.69;7.34;7.12;0.34;14.82;na zimno;2026-09-29T13:53:32.978Z
2026-10-07;Wybór menu / COMFORT;614;2000;Dieta Light;Podwieczorek;349;Tapioka z owocami leśnymi;298.37;1.32;11.04;47.63;1.57;27.52;0.1;9.11;na zimno;2026-09-29T13:53:32.978Z
2026-10-07;Wybór menu / COMFORT;614;2000;Dieta Low Carb & IG;Podwieczorek;354;Hummus, chleb żytni, papryka;328.88;12.45;10.12;46.7;12.5;2.97;2.02;1.22;na zimno;2026-09-29T13:53:32.978Z
2026-10-07;Wybór menu / COMFORT;614;2000;COMFORT;Kolacja;358;Serowa pasta z pieczoną papryką, bułka dyniowa, marchewka;378.36;23.66;15.24;34.65;5.28;6.72;2.34;4.6;na zimno;2026-09-29T13:53:32.978Z
2026-10-07;Wybór menu / COMFORT;614;2000;Dieta Active Pro;Kolacja;324;Quesadilla pełnoziarnista z kurczakiem, szpinakiem i serem, dip ranczerski;491.68;35.46;17.25;48.69;7.35;7.29;2.18;8.97;ciepło/zimno;2026-09-29T13:53:32.978Z
2026-10-07;Wybór menu / COMFORT;614;2000;Dieta Fish Low Carb & IG;Kolacja;332;Wrap pełnoziarnisty z pastą paprykową, tuńczykiem i jajkiem, pomidorki, dip kolendrowy;494.59;24.56;22.35;48.88;7.45;8;2.46;7.23;ciepło/zimno;2026-09-29T13:53:32.978Z
2026-10-07;Wybór menu / COMFORT;614;2000;Dieta Light;Kolacja;350;Risotto pomidorowo-paprykowe z pieczonym indykiem w ziołach i tartym serem;417.21;28.61;18.5;33.87;2.53;4.1;2.57;10.32;na ciepło;2026-09-29T13:53:32.978Z
2026-10-07;Wybór menu / COMFORT;614;2000;Dieta Low Carb & IG;Kolacja;355;Krem z białych warzyw z prażonym boczkiem;315.48;8.54;28.05;7.16;2.65;5.45;2.1;13.57;na zimno;2026-09-29T13:53:32.978Z
2026-10-07;Wybór menu / KETO FUSION;614;2000;Dieta Ketogeniczna;Śniadanie;342;Serowo-czosnkowa kiełbasa z kurczaka, grillowane warzywa, dip sriracha-mayo;473.69;25.71;38.26;7;2.89;3.87;1.63;5.05;ciepło/zimno;2026-09-29T13:53:32.978Z
2026-10-07;Wybór menu / KETO FUSION;614;2000;Dieta Śródziemnomorska Keto;Śniadanie;364;Kanapka z pastą z tuńczykiem i szczypiorkiem, ogórek;391.55;26.23;27.68;7.12;2.22;5.62;1.43;4.49;na zimno;2026-09-29T13:53:32.978Z
2026-10-07;Wybór menu / KETO FUSION;614;2000;Dieta Ketogeniczna;Obiad;343;Polędwiczki wieprzowe w sosie musztardowym, puree truflowe, kapusta zasmażana;565.43;37.15;41.58;9.17;4.03;4.47;1.14;17.17;na ciepło;2026-09-29T13:53:32.978Z
2026-10-07;Wybór menu / KETO FUSION;614;2000;Dieta Śródziemnomorska Keto;Obiad;365;Gulasz pieczarkowy z wołowiną i pieczoną pietruszką;623.72;44.95;44.63;10.5;8.2;3.73;2.17;15.11;na ciepło;2026-09-29T13:53:32.978Z
2026-10-07;Wybór menu / KETO FUSION;614;2000;Dieta Ketogeniczna;Podwieczorek;344;Smalec wieprzowy z cebulką, chleb keto, ogórki kiszone;536.28;8.99;51.2;7.16;3.77;1.59;0.61;15.49;na zimno;2026-09-29T13:53:32.978Z
2026-10-07;Wybór menu / KETO FUSION;614;2000;Dieta Śródziemnomorska Keto;Podwieczorek;366;Batonik kokosowy;351.87;4.73;34.99;4.79;4.71;1.76;0.04;26.2;na zimno;2026-09-29T13:53:32.978Z
2026-10-07;Wybór menu / KETO FUSION;614;2000;Dieta Ketogeniczna;Kolacja;345;Sałatka z grillowanym kurczakiem z warzywami, dip 1000 wysp;550.54;35.72;41.45;8.8;1.75;4.97;1.17;10.42;na zimno;2026-09-29T13:53:32.978Z
2026-10-07;Wybór menu / KETO FUSION;614;2000;Dieta Śródziemnomorska Keto;Kolacja;367;Quesadillas keto z salami, serem i papryką z dipem bazyliowym, pomidorki;647.02;31.69;50.42;12.76;11.37;5.54;2.85;19.65;ciepło/zimno;2026-09-29T13:53:32.978Z
2026-10-07;Wybór menu / LADIES VIBES;614;2000;BASIC;Śniadanie;325;Majerankowy schab z musem śliwkowym, smarowidło chrzanowe, chleb żytni razowy, ogórek;352.74;38.12;6.25;35.86;6.21;6.94;1.19;2.14;na zimno;2026-09-29T13:53:32.978Z
2026-10-07;Wybór menu / LADIES VIBES;614;2000;Dieta Active Pro;Śniadanie;321;Pancakes orkiszowe z płatkami owsianymi, proteinowy twarożek kawowy, sos wiśniowy;560.72;31.9;24.86;52.36;4.58;22.18;0.62;5.49;ciepło/zimno;2026-09-29T13:53:32.978Z
2026-10-07;Wybór menu / LADIES VIBES;614;2000;Dieta Light;Śniadanie;346;Naleśnik, twarożek waniliowy, konfitura truskawkowa;383.87;19.14;11.62;50.08;1.05;30.02;0.24;3.31;ciepło/zimno;2026-09-29T13:53:32.978Z
2026-10-07;Wybór menu / LADIES VIBES;614;2000;BASIC;II śniadanie;326;Sałatka z serem typu bałkańskiego, pieczonym burakiem, orzechem włoskim i żurawiną, winegret;357.79;8.13;23.28;28.81;2.97;23.8;1.6;4.7;na zimno;2026-09-29T13:53:32.978Z
2026-10-07;Wybór menu / LADIES VIBES;614;2000;Dieta Active Pro;II śniadanie;75;Malinowy shake proteinowy;190.95;16.01;4.53;20.62;2.05;15.56;0.33;2.82;na zimno;2026-09-29T13:53:32.978Z
2026-10-07;Wybór menu / LADIES VIBES;614;2000;Dieta Light;II śniadanie;347;Krem z brokułów z grzankami ziołowymi;351.61;10.74;19.35;33.1;4.55;3.87;3.28;8.8;na ciepło;2026-09-29T13:53:32.978Z
2026-10-07;Wybór menu / LADIES VIBES;614;2000;BASIC;Obiad;327;Spaghetti w mięsnym sosie meksykańskim z czerwoną fasolą i kukurydzą;616.95;40.24;20.53;67.56;5.99;8.93;1.03;3.04;na ciepło;2026-09-29T13:53:32.978Z
2026-10-07;Wybór menu / LADIES VIBES;614;2000;Dieta Active Pro;Obiad;322;Filet z indyka w sosie chrzanowym, kasza orkiszowa, surówka z buraków;535.19;41.22;18.13;51.79;9.1;17.56;1.1;5.47;na ciepło;2026-09-29T13:53:32.978Z
2026-10-07;Wybór menu / LADIES VIBES;614;2000;Dieta Light;Obiad;348;Pierogi z mięsem drobiowym, płatki suszonego pomidora, dip pietruszkowy;494.38;21.58;20.17;55.34;3.45;3.51;0.91;2.82;na ciepło;2026-09-29T13:53:32.978Z
2026-10-07;Wybór menu / LADIES VIBES;614;2000;BASIC;Podwieczorek;120;Sernik cookies & cream;250.38;5.49;17.19;18.14;0.49;11.7;0.18;8.96;na zimno;2026-09-29T13:53:32.978Z
2026-10-07;Wybór menu / LADIES VIBES;614;2000;Dieta Active Pro;Podwieczorek;323;Kakaowy baton owsiany z masłem orzechowym;296.31;13.71;15.31;25.02;4.12;2.44;0.13;7.01;na zimno;2026-09-29T13:53:32.978Z
2026-10-07;Wybór menu / LADIES VIBES;614;2000;Dieta Light;Podwieczorek;349;Tapioka z owocami leśnymi;298.37;1.32;11.04;47.63;1.57;27.52;0.1;9.11;na zimno;2026-09-29T13:53:32.978Z
2026-10-07;Wybór menu / LADIES VIBES;614;2000;BASIC;Kolacja;358;Serowa pasta z pieczoną papryką, bułka dyniowa, marchewka;378.36;23.66;15.24;34.65;5.28;6.72;2.34;4.6;na zimno;2026-09-29T13:53:32.978Z
2026-10-07;Wybór menu / LADIES VIBES;614;2000;Dieta Active Pro;Kolacja;324;Quesadilla pełnoziarnista z kurczakiem, szpinakiem i serem, dip ranczerski;491.68;35.46;17.25;48.69;7.35;7.29;2.18;8.97;ciepło/zimno;2026-09-29T13:53:32.978Z
2026-10-07;Wybór menu / LADIES VIBES;614;2000;Dieta Light;Kolacja;350;Risotto pomidorowo-paprykowe z pieczonym indykiem w ziołach i tartym serem;417.21;28.61;18.5;33.87;2.53;4.1;2.57;10.32;na ciepło;2026-09-29T13:53:32.978Z
2026-10-07;Wybór menu / SUPREME;614;2000;Dieta Active Pro;Śniadanie;321;Pancakes orkiszowe z płatkami owsianymi, proteinowy twarożek kawowy, sos wiśniowy;560.72;31.9;24.86;52.36;4.58;22.18;0.62;5.49;ciepło/zimno;2026-09-29T13:53:32.978Z
2026-10-07;Wybór menu / SUPREME;614;2000;Dieta Fish Low Carb & IG;Śniadanie;328;Kanapka z serem, smarowidłem czosnkowym, rukolą i papryką;336.29;18.14;21.96;14.06;5.57;3.97;0.58;9.32;na zimno;2026-09-29T13:53:32.978Z
2026-10-07;Wybór menu / SUPREME;614;2000;Dieta Kuchnie Świata;Śniadanie;356;Gofr z twarożkiem orzechowy, pomarańcza;567.28;19.41;31.11;51.18;3;16.71;0.93;6.99;ciepło/zimno;2026-09-29T13:53:32.978Z
2026-10-07;Wybór menu / SUPREME;614;2000;Dieta Light;Śniadanie;346;Naleśnik, twarożek waniliowy, konfitura truskawkowa;383.87;19.14;11.62;50.08;1.05;30.02;0.24;3.31;ciepło/zimno;2026-09-29T13:53:32.978Z
2026-10-07;Wybór menu / SUPREME;614;2000;Dieta Low Carb & IG;Śniadanie;351;Omlet z kiełbasą podwawelską, papryką, serem i dipem koperkowym, pomidorki;423.36;25.64;31.82;8.58;1.7;5.33;1.94;12.6;ciepło/zimno;2026-09-29T13:53:32.978Z
2026-10-07;Wybór menu / SUPREME;614;2000;Dieta Top Taste;Śniadanie;368;Wrap z indykiem i warzywami, dip 1000 wysp;462.22;21.82;19.08;50.91;3.3;9.11;2.12;3.99;ciepło/zimno;2026-09-29T13:53:32.978Z
2026-10-07;Wybór menu / SUPREME;614;2000;Dieta Śródziemnomorska;Śniadanie;359;Pasta z suszonymi pomidorami, pieczony indyk, chleb żytni, kiszony ogórek, rukola;363.7;26.81;8.08;46.12;11.85;4.68;2.01;0.92;na zimno;2026-09-29T13:53:32.978Z
2026-10-07;Wybór menu / SUPREME;614;2000;SUPREME;Śniadanie;325;Majerankowy schab z musem śliwkowym, smarowidło chrzanowe, chleb żytni razowy, ogórek;352.74;38.12;6.25;35.86;6.21;6.94;1.19;2.14;na zimno;2026-09-29T13:53:32.978Z
2026-10-07;Wybór menu / SUPREME;614;2000;Dieta Active Pro;II śniadanie;75;Malinowy shake proteinowy;190.95;16.01;4.53;20.62;2.05;15.56;0.33;2.82;na zimno;2026-09-29T13:53:32.978Z
2026-10-07;Wybór menu / SUPREME;614;2000;Dieta Fish Low Carb & IG;II śniadanie;329;Sałatka z pieczonym łososiem, pomidorami suszonymi, oliwkami, ogórkiem i winegretem ziołowym;342.04;18.9;26.85;6.13;1.7;3.1;0.6;3.71;na zimno;2026-09-29T13:53:32.978Z
2026-10-07;Wybór menu / SUPREME;614;2000;Dieta Kuchnie Świata;II śniadanie;369;Egzotyczny shake proteinowy;200.1;10.73;3.73;30.39;1.19;24.62;0.26;2.4;na zimno;2026-09-29T13:53:32.978Z
2026-10-07;Wybór menu / SUPREME;614;2000;Dieta Light;II śniadanie;347;Krem z brokułów z grzankami ziołowymi;351.61;10.74;19.35;33.1;4.55;3.87;3.28;8.8;na ciepło;2026-09-29T13:53:32.978Z
2026-10-07;Wybór menu / SUPREME;614;2000;Dieta Low Carb & IG;II śniadanie;352;Jogurt grecki cynamonowo-waniliowy z duszonymi śliwkami, granola orzechowa;453.11;12.79;35.4;25.57;4.89;13.83;0.31;20.19;na zimno;2026-09-29T13:53:32.978Z
2026-10-07;Wybór menu / SUPREME;614;2000;Dieta Top Taste;II śniadanie;149;Toskański krem z pomidorów z ryżem;250.21;4.69;11.68;31.45;3.02;4.96;3.14;3.9;na ciepło;2026-09-29T13:53:32.978Z
2026-10-07;Wybór menu / SUPREME;614;2000;Dieta Śródziemnomorska;II śniadanie;360;Krem z marchewki i imbiru na mleczku kokosowym z czarną soczewicą;332.11;11.56;17.06;33.23;8.73;6.37;0.7;13.23;na ciepło;2026-09-29T13:53:32.978Z
2026-10-07;Wybór menu / SUPREME;614;2000;SUPREME;II śniadanie;326;Sałatka z serem typu bałkańskiego, pieczonym burakiem, orzechem włoskim i żurawiną, winegret;357.79;8.13;23.28;28.81;2.97;23.8;1.6;4.7;na zimno;2026-09-29T13:53:32.978Z
2026-10-07;Wybór menu / SUPREME;614;2000;Dieta Active Pro;Obiad;322;Filet z indyka w sosie chrzanowym, kasza orkiszowa, surówka z buraków;535.19;41.22;18.13;51.79;9.1;17.56;1.1;5.47;na ciepło;2026-09-29T13:53:32.978Z
2026-10-07;Wybór menu / SUPREME;614;2000;Dieta Fish Low Carb & IG;Obiad;330;Gulasz warzywny z pieczarkami i tofu, kasza bulgur z natką pietruszki, warzywa stir-fry;488.86;26.6;23.35;42.74;14.4;11.28;3.18;4.31;na ciepło;2026-09-29T13:53:32.978Z
2026-10-07;Wybór menu / SUPREME;614;2000;Dieta Kuchnie Świata;Obiad;370;Filet z indyka w sosie po marokańsku, kasza kuskus z warzywami, natka pietruszki;465.35;36.92;12.45;50.96;7.62;7.71;2.25;1.99;na ciepło;2026-09-29T13:53:32.978Z
2026-10-07;Wybór menu / SUPREME;614;2000;Dieta Light;Obiad;348;Pierogi z mięsem drobiowym, płatki suszonego pomidora, dip pietruszkowy;494.38;21.58;20.17;55.34;3.45;3.51;0.91;2.82;na ciepło;2026-09-29T13:53:32.978Z
2026-10-07;Wybór menu / SUPREME;614;2000;Dieta Low Carb & IG;Obiad;353;Kotlet mielony z cebulą w sosie śmietanowym z natką pietruszki, pieczone warzywa korzeniowe, ogórki kiszone;421.03;29.94;27.42;12.96;10.11;6.29;1.95;10.77;na ciepło;2026-09-29T13:53:32.978Z
2026-10-07;Wybór menu / SUPREME;614;2000;Dieta Top Taste;Obiad;371;Ryba w panierce, dip sriracha-mayo, cząstki ziemniaczane, colesław;499.82;26.99;21.72;48.62;5.44;5.93;0.97;2.12;na ciepło;2026-09-29T13:53:32.978Z
2026-10-07;Wybór menu / SUPREME;614;2000;Dieta Śródziemnomorska;Obiad;361;Makaron penne w sosie pomidorowym z kurczakiem, tarty ser włoski;539.4;49.58;14.66;51.87;9.44;6.96;1.18;2.93;na ciepło;2026-09-29T13:53:32.978Z
2026-10-07;Wybór menu / SUPREME;614;2000;SUPREME;Obiad;327;Spaghetti w mięsnym sosie meksykańskim z czerwoną fasolą i kukurydzą;616.95;40.24;20.53;67.56;5.99;8.93;1.03;3.04;na ciepło;2026-09-29T13:53:32.978Z
2026-10-07;Wybór menu / SUPREME;614;2000;Dieta Active Pro;Podwieczorek;323;Kakaowy baton owsiany z masłem orzechowym;296.31;13.71;15.31;25.02;4.12;2.44;0.13;7.01;na zimno;2026-09-29T13:53:32.978Z
2026-10-07;Wybór menu / SUPREME;614;2000;Dieta Fish Low Carb & IG;Podwieczorek;331;Kremowy deser czekoladowo-orzechowy z konfiturą malinową;384.37;10.4;30.35;17.69;7.34;7.12;0.34;14.82;na zimno;2026-09-29T13:53:32.978Z
2026-10-07;Wybór menu / SUPREME;614;2000;Dieta Kuchnie Świata;Podwieczorek;372;Włoskie ciasto z cukinią i orzechami;360.43;5.48;18.11;43.35;3.13;28.92;0.3;3.57;na zimno;2026-09-29T13:53:32.978Z
2026-10-07;Wybór menu / SUPREME;614;2000;Dieta Light;Podwieczorek;349;Tapioka z owocami leśnymi;298.37;1.32;11.04;47.63;1.57;27.52;0.1;9.11;na zimno;2026-09-29T13:53:32.978Z
2026-10-07;Wybór menu / SUPREME;614;2000;Dieta Low Carb & IG;Podwieczorek;354;Hummus, chleb żytni, papryka;328.88;12.45;10.12;46.7;12.5;2.97;2.02;1.22;na zimno;2026-09-29T13:53:32.978Z
2026-10-07;Wybór menu / SUPREME;614;2000;Dieta Top Taste;Podwieczorek;373;Sernik limonkowo-waniliowy na biszkopcie z kaszy mannej;229.01;7.65;9.54;28.08;0.38;17.27;0.21;4.75;na zimno;2026-09-29T13:53:32.978Z
2026-10-07;Wybór menu / SUPREME;614;2000;Dieta Śródziemnomorska;Podwieczorek;362;Jogurtowo-cytrusowy krem z pistacjami;331.45;6.78;24.44;21.19;0.73;18.4;0.16;13.39;na zimno;2026-09-29T13:53:32.978Z
2026-10-07;Wybór menu / SUPREME;614;2000;SUPREME;Podwieczorek;120;Sernik cookies & cream;250.38;5.49;17.19;18.14;0.49;11.7;0.18;8.96;na zimno;2026-09-29T13:53:32.978Z
2026-10-07;Wybór menu / SUPREME;614;2000;Dieta Active Pro;Kolacja;324;Quesadilla pełnoziarnista z kurczakiem, szpinakiem i serem, dip ranczerski;491.68;35.46;17.25;48.69;7.35;7.29;2.18;8.97;ciepło/zimno;2026-09-29T13:53:32.978Z
2026-10-07;Wybór menu / SUPREME;614;2000;Dieta Fish Low Carb & IG;Kolacja;332;Wrap pełnoziarnisty z pastą paprykową, tuńczykiem i jajkiem, pomidorki, dip kolendrowy;494.59;24.56;22.35;48.88;7.45;8;2.46;7.23;ciepło/zimno;2026-09-29T13:53:32.978Z
2026-10-07;Wybór menu / SUPREME;614;2000;Dieta Kuchnie Świata;Kolacja;374;Pancakes szpinakowe, twarożek łososiowy z koperkiem, pomidorki;490.21;26.58;27.71;32.7;1.97;6.21;1.45;3.42;ciepło/zimno;2026-09-29T13:53:32.978Z
2026-10-07;Wybór menu / SUPREME;614;2000;Dieta Light;Kolacja;350;Risotto pomidorowo-paprykowe z pieczonym indykiem w ziołach i tartym serem;417.21;28.61;18.5;33.87;2.53;4.1;2.57;10.32;na ciepło;2026-09-29T13:53:32.978Z
2026-10-07;Wybór menu / SUPREME;614;2000;Dieta Low Carb & IG;Kolacja;355;Krem z białych warzyw z prażonym boczkiem;315.48;8.54;28.05;7.16;2.65;5.45;2.1;13.57;na zimno;2026-09-29T13:53:32.978Z
2026-10-07;Wybór menu / SUPREME;614;2000;Dieta Top Taste;Kolacja;375;Sałatka z kurczakiem, serem bałkańskim, kuskusem perłowym i żurawiną, winegret ziołowy;479.75;29.75;24.98;33.94;1.93;12.38;1.75;7.34;na zimno;2026-09-29T13:53:32.978Z
2026-10-07;Wybór menu / SUPREME;614;2000;Dieta Śródziemnomorska;Kolacja;363;Grillowane krewetki, risotto pomidorowe z fasolką szparagową i cytryną;400.61;24.33;18.24;34.31;5.46;5.11;3.18;8.69;na ciepło;2026-09-29T13:53:32.978Z
2026-10-07;Wybór menu / SUPREME;614;2000;SUPREME;Kolacja;358;Serowa pasta z pieczoną papryką, bułka dyniowa, marchewka;378.36;23.66;15.24;34.65;5.28;6.72;2.34;4.6;na zimno;2026-09-29T13:53:32.978Z
2026-10-07;Wybór menu / TYPES OF VEGE;614;2000;Dieta Fish Low Carb & IG;Śniadanie;328;Kanapka z serem, smarowidłem czosnkowym, rukolą i papryką;336.29;18.14;21.96;14.06;5.57;3.97;0.58;9.32;na zimno;2026-09-29T13:53:32.978Z
2026-10-07;Wybór menu / TYPES OF VEGE;614;2000;Dieta Wegańska;Śniadanie;376;Wrap z gyrosem roślinnym, pomidorki koktajlowe;473.61;25.46;18.22;51.4;6.61;8.17;2.75;2.55;ciepło/zimno;2026-09-29T13:53:32.978Z
2026-10-07;Wybór menu / TYPES OF VEGE;614;2000;Dieta Wegetariańska;Śniadanie;346;Naleśnik, twarożek waniliowy, konfitura truskawkowa;369.65;19.05;11.3;47.43;0.96;30.01;0.25;3.33;ciepło/zimno;2026-09-29T13:53:32.978Z
2026-10-07;Wybór menu / TYPES OF VEGE;614;2000;Dieta Fish Low Carb & IG;II śniadanie;329;Sałatka z pieczonym łososiem, pomidorami suszonymi, oliwkami, ogórkiem i winegretem ziołowym;342.04;18.9;26.85;6.13;1.7;3.1;0.6;3.71;na zimno;2026-09-29T13:53:32.978Z
2026-10-07;Wybór menu / TYPES OF VEGE;614;2000;Dieta Wegańska;II śniadanie;377;Jogurt malinowy, granola owocowa, winogrono;379.51;7.62;11.77;57.5;5.96;36.11;0.28;5.58;na zimno;2026-09-29T13:53:32.978Z
2026-10-07;Wybór menu / TYPES OF VEGE;614;2000;Dieta Wegetariańska;II śniadanie;360;Krem z marchewki i imbiru na mleczku kokosowym z czarną soczewicą;310.7;10.13;16.66;30.17;8.06;6.29;0.69;13.19;na ciepło;2026-09-29T13:53:32.978Z
2026-10-07;Wybór menu / TYPES OF VEGE;614;2000;Dieta Fish Low Carb & IG;Obiad;330;Gulasz warzywny z pieczarkami i tofu, kasza bulgur z natką pietruszki, warzywa stir-fry;488.86;26.6;23.35;42.74;14.4;11.28;3.18;4.31;na ciepło;2026-09-29T13:53:32.978Z
2026-10-07;Wybór menu / TYPES OF VEGE;614;2000;Dieta Wegańska;Obiad;378;Zielone curry z roślinnym kurczakiem, ryż basmati z czarnym, prażone nerkowce, szczypiorek;528.36;36.02;23.75;41.17;6.4;2.37;2.54;5.79;na ciepło;2026-09-29T13:53:32.978Z
2026-10-07;Wybór menu / TYPES OF VEGE;614;2000;Dieta Wegetariańska;Obiad;357;Pierogi ze szpinakiem i twarogiem, płatki suszonego pomidora, dip pietruszkowy;473.13;12.59;20.1;57.58;5.92;4.48;1.22;4.68;na ciepło;2026-09-29T13:53:32.978Z
2026-10-07;Wybór menu / TYPES OF VEGE;614;2000;Dieta Fish Low Carb & IG;Podwieczorek;331;Kremowy deser czekoladowo-orzechowy z konfiturą malinową;384.37;10.4;30.35;17.69;7.34;7.12;0.34;14.82;na zimno;2026-09-29T13:53:32.978Z
2026-10-07;Wybór menu / TYPES OF VEGE;614;2000;Dieta Wegańska;Podwieczorek;379;Wegańskie batony malinowo-migdałowe;339.92;7.58;24.64;20.45;4.12;4.95;0.07;6.92;na zimno;2026-09-29T13:53:32.978Z
2026-10-07;Wybór menu / TYPES OF VEGE;614;2000;Dieta Wegetariańska;Podwieczorek;372;Włoskie ciasto z cukinią i orzechami;305.25;5.38;15.99;34.48;3.09;20.37;0.27;3.23;na zimno;2026-09-29T13:53:32.978Z
2026-10-07;Wybór menu / TYPES OF VEGE;614;2000;Dieta Fish Low Carb & IG;Kolacja;332;Wrap pełnoziarnisty z pastą paprykową, tuńczykiem i jajkiem, pomidorki, dip kolendrowy;494.59;24.56;22.35;48.88;7.45;8;2.46;7.23;ciepło/zimno;2026-09-29T13:53:32.978Z
2026-10-07;Wybór menu / TYPES OF VEGE;614;2000;Dieta Wegańska;Kolacja;380;Mac'n cheese z ciecierzycą, pieczarkami i wegańskim parmezanem;405.06;13.5;18.76;45.23;4.41;1.95;1.47;7.98;na ciepło;2026-09-29T13:53:32.978Z
2026-10-07;Wybór menu / TYPES OF VEGE;614;2000;Dieta Wegetariańska;Kolacja;381;Risotto pomidorowo-paprykowe z czosnkowym tofu i grillowanymi warzywami;471.97;21.71;23.43;42.96;3.76;6.76;2.17;9.76;na ciepło;2026-09-29T13:53:32.978Z
2026-10-08;Dieta Active Pro;586;1200;Dieta Active Pro;Śniadanie;382;Omleciki jajeczne z papryką i kukurydzą, pasta serowa, marchewka;244;17.44;13.47;13.33;2.91;3.9;1.07;4.76;ciepło/zimno;2026-09-29T13:53:32.978Z
2026-10-08;Dieta Active Pro;586;1200;Dieta Active Pro;II śniadanie;383;Hummus pomidorowy, bułeczka proteinowa, papryka;278;17.13;13.32;20.07;11.18;2.38;1.16;1.4;na zimno;2026-09-29T13:53:32.978Z
2026-10-08;Dieta Active Pro;586;1200;Dieta Active Pro;Obiad;384;Fish and chips z miętowym groszkiem i sosem tatarskim;305;24.01;7.73;34.6;7.45;7.8;0.63;2.18;na ciepło;2026-09-29T13:53:32.978Z
2026-10-08;Dieta Active Pro;586;1200;Dieta Active Pro;Podwieczorek;385;Sernik z wiśniami;198;13.78;8.5;17.51;0.78;3.46;0.19;3.91;na zimno;2026-09-29T13:53:32.978Z
2026-10-08;Dieta Active Pro;586;1200;Dieta Active Pro;Kolacja;386;Sałatka z jajkiem gotowanym, polędwicą wieprzową, pomidorkami i dipem czosnkowym;194;22.54;9.27;4.55;0.51;2.23;0.39;2.1;na zimno;2026-09-29T13:53:32.978Z
2026-10-08;Dieta Ekonomiczna;587;1200;Dieta Ekonomiczna;Śniadanie;387;Twarożek koperkowy, pieczony indyk, chleb słonecznikowy, papryka;407;43.11;10.21;35.75;4.76;5.2;1.12;3.61;na zimno;2026-09-29T13:53:32.978Z
2026-10-08;Dieta Ekonomiczna;587;1200;Dieta Ekonomiczna;II śniadanie;2;Owoce leśne - shake proteinowy;161;8.07;3.8;22.44;3.91;16.87;0.25;2.32;na zimno;2026-09-29T13:53:32.978Z
2026-10-08;Dieta Ekonomiczna;587;1200;Dieta Ekonomiczna;Obiad;388;Pyzy z farszem z dziczyzną z sosem śmietanowo-musztardowym, surówka z buraczków, prażona cebulka z koperkiem;556;22.09;21.04;68.64;7.71;18.21;1.19;4.79;na ciepło;2026-09-29T13:53:32.978Z
2026-10-08;Dieta Ekonomiczna Wege;605;1200;Dieta Ekonomiczna Wege;Śniadanie;389;Naleśnik orkiszowy z farszem pieczarkowo-serowym, pomidorki;327;13.53;22.15;18.37;3.49;3.1;0.73;4.95;ciepło/zimno;2026-09-29T13:53:32.978Z
2026-10-08;Dieta Ekonomiczna Wege;605;1200;Dieta Ekonomiczna Wege;II śniadanie;390;Jogurt malinowy z granolą kokosową i nerkowcami;348;10.32;25.5;27.46;6.46;11.47;0.22;15.3;na zimno;2026-09-29T13:53:32.978Z
2026-10-08;Dieta Ekonomiczna Wege;605;1200;Dieta Ekonomiczna Wege;Obiad;391;Spaghetti z łososiem w sosie szpinakowym z suszonymi pomidorami;626;36.01;36.79;37.69;7.43;2.86;0.56;11.1;na ciepło;2026-09-29T13:53:32.978Z
2026-10-08;Dieta Fish Low Carb & IG;631;1200;Dieta Fish Low Carb & IG;Śniadanie;389;Naleśnik orkiszowy z farszem pieczarkowo-serowym, pomidorki;168;7.03;11.14;10;2.1;2.36;0.36;2.47;ciepło/zimno;2026-09-29T13:53:32.978Z
2026-10-08;Dieta Fish Low Carb & IG;631;1200;Dieta Fish Low Carb & IG;II śniadanie;390;Jogurt malinowy z granolą kokosową i nerkowcami;214;6.24;15.96;16.82;4.04;6.88;0.14;9.87;na zimno;2026-09-29T13:53:32.978Z
2026-10-08;Dieta Fish Low Carb & IG;631;1200;Dieta Fish Low Carb & IG;Obiad;391;Spaghetti z łososiem w sosie szpinakowym z suszonymi pomidorami;373;21.38;22.01;22.41;4.42;1.73;0.34;6.68;na ciepło;2026-09-29T13:53:32.978Z
2026-10-08;Dieta Fish Low Carb & IG;631;1200;Dieta Fish Low Carb & IG;Podwieczorek;392;Ciasto czekoladowe z borówkami;207;6.78;18.1;4.01;2.95;1.35;0.13;6.82;na zimno;2026-09-29T13:53:32.978Z
2026-10-08;Dieta Fish Low Carb & IG;631;1200;Dieta Fish Low Carb & IG;Kolacja;393;Placki serowe z cukinią, dip szczypiorkowy, papryka;256;17.01;14.36;14.75;1.94;4.67;1.04;5.47;ciepło/zimno;2026-09-29T13:53:32.978Z
2026-10-08;Dieta Fodmap;617;1200;Dieta Fodmap;Śniadanie;394;Jogurt truskawkowy z siemieniem lnianym, musli z orzechami, pomarańcza;216;6.24;7.06;32.32;2.96;26.01;0.14;2.45;na zimno;2026-09-29T13:53:32.978Z
2026-10-08;Dieta Fodmap;617;1200;Dieta Fodmap;II śniadanie;395;Pasztet drobiowy z orzechami włoskimi, chleb samo ziarno, smarowidło koperkowe, papryka;301;17.73;17.47;15.79;2.47;5.32;0.86;3.7;na zimno;2026-09-29T13:53:32.978Z
2026-10-08;Dieta Fodmap;617;1200;Dieta Fodmap;Obiad;396;Makaron ryżowy w sosie kokosowym z kurczakiem, pieczona cukinia, szczypiorek;340;20.17;14.64;31.76;2.54;4.76;1.28;7.25;na ciepło;2026-09-29T13:53:32.978Z
2026-10-08;Dieta Fodmap;617;1200;Dieta Fodmap;Podwieczorek;397;Torcik marchewkowy;212;3.22;15.67;14.5;0.68;8.86;0.17;4.98;na zimno;2026-09-29T13:53:32.978Z
2026-10-08;Dieta Fodmap;617;1200;Dieta Fodmap;Kolacja;398;Placki z warzywami i serem, ketchup z cukinią, ogórek;168;9.44;9.35;11.24;2.11;4.1;0.76;4.6;ciepło/zimno;2026-09-29T13:53:32.978Z
2026-10-08;Dieta Hashi Low Gluten & Lactose;629;1200;Dieta Hashi Low Gluten & Lactose;Śniadanie;399;Pasta jajeczna z serem cheddar i szczypiorkiem, chleb wieloziarnisty gryczany, pomidorki;258;11.05;13.4;22.35;2.62;2.99;1.31;2.54;na zimno;2026-09-29T13:53:32.978Z
2026-10-08;Dieta Hashi Low Gluten & Lactose;629;1200;Dieta Hashi Low Gluten & Lactose;II śniadanie;400;Tajska zupa kokosowa z kurczakiem, makaronem ryżowym i kolendrą;235;14.56;9.83;21.47;3.62;8.57;1.54;2.84;na ciepło;2026-09-29T13:53:32.978Z
2026-10-08;Dieta Hashi Low Gluten & Lactose;629;1200;Dieta Hashi Low Gluten & Lactose;Obiad;401;Eskalopki z kurczaka w sosie śmietanowo-koperkowym, talarki ziemniaczane, buraczki;360;23.09;16.16;30.27;4.17;10.01;0.78;6.99;na ciepło;2026-09-29T13:53:32.978Z
2026-10-08;Dieta Hashi Low Gluten & Lactose;629;1200;Dieta Hashi Low Gluten & Lactose;Podwieczorek;402;Brownie ze śliwkami;203;3.6;13.33;16.59;2.25;8.74;0.16;7.07;na zimno;2026-09-29T13:53:32.978Z
2026-10-08;Dieta Hashi Low Gluten & Lactose;629;1200;Dieta Hashi Low Gluten & Lactose;Kolacja;403;Twarożek czosnkowy z suszoną cebulą, polędwica z komina, bułka z dynią i słonecznikiem, ogórek;231;17.21;9.42;18.49;1.88;4.76;1.49;3.13;na zimno;2026-09-29T13:53:32.978Z
2026-10-08;Dieta Ketogeniczna;610;1500;Dieta Ketogeniczna;Śniadanie;404;Paprykowa pasta z tuńczyka z camembertem, pieczywo keto i ogórkiem;296;18.9;22.29;3.86;3.41;1.43;1.23;5.58;na zimno;2026-09-29T13:53:32.978Z
2026-10-08;Dieta Ketogeniczna;610;1500;Dieta Ketogeniczna;Obiad;405;Filet z indyka w majonezie z sosem porowym, kalafior z prażonym boczkiem, fasolka z czosnkiem, tymiankiem;502;30.29;38.39;8.91;6.52;5.28;1.67;11.4;na ciepło;2026-09-29T13:53:32.978Z
2026-10-08;Dieta Ketogeniczna;610;1500;Dieta Ketogeniczna;Podwieczorek;406;Koperkowy bigos z młodej kapusty z boczkiem i kiełbasą drobiową, pieczywo keto;366;16.89;27.92;10.32;5.26;1.13;0.72;6.71;na ciepło;2026-09-29T13:53:32.978Z
2026-10-08;Dieta Ketogeniczna;610;1500;Dieta Ketogeniczna;Kolacja;407;Placki serowe z salami i papryką, dip serowy z jalapeno;411;21.54;33.4;6.1;3.33;2.54;1.56;14.03;na ciepło;2026-09-29T13:53:32.978Z
2026-10-08;Dieta Light;612;1500;Dieta Light;Śniadanie;408;Pasztet drobiowy z pieczonymi warzywami, ćwikła z miodem i imbirem, bułka musli;296;13.68;12.43;32.27;3.73;10.19;0.44;3.77;na zimno;2026-09-29T13:53:32.978Z
2026-10-08;Dieta Light;612;1500;Dieta Light;II śniadanie;409;Sok świeżo wyciskany z jabłka i czarnego bzu;150;1.71;1.51;32.12;7.75;31.79;0;0;na zimno;2026-09-29T13:53:32.978Z
2026-10-08;Dieta Light;612;1500;Dieta Light;Obiad;410;Filet z piersi kurczaka w sosie marchewkowym, kasza pęczak, buraczki;521;38.35;17.68;52.05;6.77;13.68;2.31;4.16;na ciepło;2026-09-29T13:53:32.978Z
2026-10-08;Dieta Light;612;1500;Dieta Light;Podwieczorek;411;Kryształek wiśniowy na biszkopcie kakaowym;303;11.23;6.1;50.02;1.52;33.92;0.18;3.03;na zimno;2026-09-29T13:53:32.978Z
2026-10-08;Dieta Light;612;1500;Dieta Light;Kolacja;412;Tacos z gyrosem z kurczaka, dip 1000 wysp;237;11.16;10.27;24.48;1;4.14;1.08;1.3;na ciepło;2026-09-29T13:53:32.978Z
2026-10-08;Dieta Low Carb & IG;628;1200;Dieta Low Carb & IG;Śniadanie;413;Pancakes kokosowe z twarożkiem jagodowym, pomarańcza;246;8.25;18.44;11.02;5.37;9.84;0.2;6.61;ciepło/zimno;2026-09-29T13:53:32.978Z
2026-10-08;Dieta Low Carb & IG;628;1200;Dieta Low Carb & IG;II śniadanie;414;Sałatka z cukinią, pomidorkami, serem bałkańskim i winegretem azjatyckim;134;4.83;10.34;5.27;0.83;3.41;1.21;2.82;na zimno;2026-09-29T13:53:32.978Z
2026-10-08;Dieta Low Carb & IG;628;1200;Dieta Low Carb & IG;Obiad;415;Filet z indyka z sosem porowym, pieczony batat, surówka z czerwonej kapusty z jabłkiem;331;21.8;16.78;23.26;6.12;7.13;0.81;5.06;na ciepło;2026-09-29T13:53:32.978Z
2026-10-08;Dieta Low Carb & IG;628;1200;Dieta Low Carb & IG;Podwieczorek;416;Pierogi ze szpinakiem i serem, sos czosnkowy;230;7.3;11.57;23.28;3.82;2.7;0.63;2.63;na ciepło;2026-09-29T13:53:32.978Z
2026-10-08;Dieta Low Carb & IG;628;1200;Dieta Low Carb & IG;Kolacja;417;Chili con carne z serem cheddar, chleb czystoziarnisty;319;25.46;18.18;11.52;4.27;1.81;0.5;2.97;na ciepło;2026-09-29T13:53:32.978Z
2026-10-08;Dieta START;634;1500;Dieta START;Śniadanie;383;Hummus pomidorowy, bułeczka proteinowa, papryka;443;26.62;21.1;33.29;18.17;4.09;1.93;2.21;na zimno;2026-09-29T13:53:32.978Z
2026-10-08;Dieta START;634;1500;Dieta START;Obiad;410;Filet z piersi kurczaka w sosie marchewkowym, kasza pęczak, buraczki;609;46.6;20.22;60.12;7.48;13.79;2.38;4.44;na ciepło;2026-09-29T13:53:32.978Z
2026-10-08;Dieta START;634;1500;Dieta START;Kolacja;418;Makaron farfalle z kurczakiem w sosie z pieczonych batatów z suszonymi pomidorami, tarta mozzarella;445;33;15.96;42.04;2.28;3.37;0.7;4.51;na ciepło;2026-09-29T13:53:32.978Z
2026-10-08;Dieta Standard;583;1200;Dieta Standard;Śniadanie;387;Twarożek koperkowy, pieczony indyk, chleb słonecznikowy, papryka;243;21.99;5.63;26.25;3.6;2.75;0.73;1.76;na zimno;2026-09-29T13:53:32.978Z
2026-10-08;Dieta Standard;583;1200;Dieta Standard;II śniadanie;2;Owoce leśne - shake proteinowy;161;8.07;3.8;22.44;3.91;16.87;0.25;2.32;na zimno;2026-09-29T13:53:32.978Z
2026-10-08;Dieta Standard;583;1200;Dieta Standard;Obiad;388;Pyzy z farszem z dziczyzną z sosem śmietanowo-musztardowym, surówka z buraczków, prażona cebulka z koperkiem;389;14.59;15.26;47.77;5.78;16.97;1;4.07;na ciepło;2026-09-29T13:53:32.978Z
2026-10-08;Dieta Standard;583;1200;Dieta Standard;Podwieczorek;419;Ciasto kajmakowa porzeczka;216;6.46;13.5;16.25;3.79;8.92;0.27;6;na zimno;2026-09-29T13:53:32.978Z
2026-10-08;Dieta Standard;583;1200;Dieta Standard;Kolacja;420;Noodle z wieprzowiną w sosie orzechowym z warzywami;278;20.3;10.95;24.24;1.63;5.45;0.74;2.14;na ciepło;2026-09-29T13:53:32.978Z
2026-10-08;Dieta Śródziemnomorska;630;1200;Dieta Śródziemnomorska;Śniadanie;421;Pancakes marchewkowe, twarożek cynamonowy, konfitura truskawkowa;270;18.08;10.19;29.04;2.59;5.69;0.37;1.58;ciepło/zimno;2026-09-29T13:53:32.978Z
2026-10-08;Dieta Śródziemnomorska;630;1200;Dieta Śródziemnomorska;II śniadanie;422;Kanapka z wędzonym indykiem, pastą jajeczną ze szczypiorkiem i papryką;233;20.28;6.76;22.1;1.98;1.49;0.77;1.21;na zimno;2026-09-29T13:53:32.978Z
2026-10-08;Dieta Śródziemnomorska;630;1200;Dieta Śródziemnomorska;Obiad;423;Potrawka warzywna z kurczakiem i kremowym pęczotto;328;26.26;10.63;31.47;4.62;4.72;1.21;4.29;na ciepło;2026-09-29T13:53:32.978Z
2026-10-08;Dieta Śródziemnomorska;630;1200;Dieta Śródziemnomorska;Podwieczorek;424;Deser ryżowy z czarną porzeczką;207;5.54;9.14;27.88;0.29;3.82;0.09;5.2;na zimno;2026-09-29T13:53:32.978Z
2026-10-08;Dieta Śródziemnomorska;630;1200;Dieta Śródziemnomorska;Kolacja;425;Sałatka z serem bałkańskim, kaszą orkiszową, pomidorkami, ogórkiem i winegretem cytrusowym;215;7.79;11.71;19.71;3.39;3.32;0.95;3.5;na zimno;2026-09-29T13:53:32.978Z
2026-10-08;Wybór menu / BASIC;614;2000;BASIC;Śniadanie;387;Twarożek koperkowy, pieczony indyk, chleb słonecznikowy, papryka;406.65;43.11;10.21;35.75;4.76;5.2;1.12;3.61;na zimno;2026-09-29T13:53:32.978Z
2026-10-08;Wybór menu / BASIC;614;2000;Dieta Active Pro;Śniadanie;382;Omleciki jajeczne z papryką i kukurydzą, pasta serowa, marchewka;435.36;31.27;24.88;21.6;3.65;6.03;1.88;9;ciepło/zimno;2026-09-29T13:53:32.978Z
2026-10-08;Wybór menu / BASIC;614;2000;Dieta Light;Śniadanie;408;Pasztet drobiowy z pieczonymi warzywami, ćwikła z miodem i imbirem, bułka musli;403.08;19;17.68;41.79;4.72;10.65;0.53;5.38;na zimno;2026-09-29T13:53:32.978Z
2026-10-08;Wybór menu / BASIC;614;2000;BASIC;II śniadanie;2;Owoce leśne - shake proteinowy;160.8;8.07;3.8;22.44;3.91;16.87;0.25;2.32;na zimno;2026-09-29T13:53:32.978Z
2026-10-08;Wybór menu / BASIC;614;2000;Dieta Active Pro;II śniadanie;383;Hummus pomidorowy, bułeczka proteinowa, papryka;443.11;26.62;21.1;33.29;18.17;4.09;1.93;2.21;na zimno;2026-09-29T13:53:32.978Z
2026-10-08;Wybór menu / BASIC;614;2000;Dieta Light;II śniadanie;409;Sok świeżo wyciskany z jabłka i czarnego bzu;150.22;1.71;1.51;32.12;7.75;31.79;0;0;na zimno;2026-09-29T13:53:32.978Z
2026-10-08;Wybór menu / BASIC;614;2000;BASIC;Obiad;388;Pyzy z farszem z dziczyzną z sosem śmietanowo-musztardowym, surówka z buraczków, prażona cebulka z koperkiem;555.69;22.09;21.04;68.64;7.71;18.21;1.19;4.79;na ciepło;2026-09-29T13:53:32.978Z
2026-10-08;Wybór menu / BASIC;614;2000;Dieta Active Pro;Obiad;384;Fish and chips z miętowym groszkiem i sosem tatarskim;460.76;35.61;11.07;54.15;8.92;9.24;0.97;2.69;na ciepło;2026-09-29T13:53:32.978Z
2026-10-08;Wybór menu / BASIC;614;2000;Dieta Light;Obiad;410;Filet z piersi kurczaka w sosie marchewkowym, kasza pęczak, buraczki;581.41;44.2;19.44;57.44;7.25;13.76;2.36;4.35;na ciepło;2026-09-29T13:53:32.978Z
2026-10-08;Wybór menu / BASIC;614;2000;BASIC;Podwieczorek;419;Ciasto kajmakowa porzeczka;377.75;11.3;23.62;28.45;6.63;15.61;0.48;10.49;na zimno;2026-09-29T13:53:32.978Z
2026-10-08;Wybór menu / BASIC;614;2000;Dieta Active Pro;Podwieczorek;385;Sernik z wiśniami;297.47;20.67;12.74;26.26;1.17;5.19;0.28;5.86;na zimno;2026-09-29T13:53:32.978Z
2026-10-08;Wybór menu / BASIC;614;2000;Dieta Light;Podwieczorek;411;Kryształek wiśniowy na biszkopcie kakaowym;344.49;12.76;6.93;56.84;1.72;38.55;0.2;3.45;na zimno;2026-09-29T13:53:32.978Z
2026-10-08;Wybór menu / BASIC;614;2000;BASIC;Kolacja;420;Noodle z wieprzowiną w sosie orzechowym z warzywami;480.14;34.48;19.17;41.71;2.85;9.29;1.24;3.7;na ciepło;2026-09-29T13:53:32.978Z
2026-10-08;Wybór menu / BASIC;614;2000;Dieta Active Pro;Kolacja;386;Sałatka z jajkiem gotowanym, polędwicą wieprzową, pomidorkami i dipem czosnkowym;305.81;36.2;14.59;6.55;0.85;3.72;0.63;3.31;na zimno;2026-09-29T13:53:32.978Z
2026-10-08;Wybór menu / BASIC;614;2000;Dieta Light;Kolacja;412;Tacos z gyrosem z kurczaka, dip 1000 wysp;458.74;22.05;19.29;48.2;1.95;7.66;2.08;2.39;na ciepło;2026-09-29T13:53:32.978Z
2026-10-08;Wybór menu / COMFORT;614;2000;COMFORT;Śniadanie;387;Twarożek koperkowy, pieczony indyk, chleb słonecznikowy, papryka;406.65;43.11;10.21;35.75;4.76;5.2;1.12;3.61;na zimno;2026-09-29T13:53:32.978Z
2026-10-08;Wybór menu / COMFORT;614;2000;Dieta Active Pro;Śniadanie;382;Omleciki jajeczne z papryką i kukurydzą, pasta serowa, marchewka;435.36;31.27;24.88;21.6;3.65;6.03;1.88;9;ciepło/zimno;2026-09-29T13:53:32.978Z
2026-10-08;Wybór menu / COMFORT;614;2000;Dieta Fish Low Carb & IG;Śniadanie;389;Naleśnik orkiszowy z farszem pieczarkowo-serowym, pomidorki;326.58;13.53;22.15;18.37;3.49;3.1;0.73;4.95;ciepło/zimno;2026-09-29T13:53:32.978Z
2026-10-08;Wybór menu / COMFORT;614;2000;Dieta Light;Śniadanie;408;Pasztet drobiowy z pieczonymi warzywami, ćwikła z miodem i imbirem, bułka musli;403.08;19;17.68;41.79;4.72;10.65;0.53;5.38;na zimno;2026-09-29T13:53:32.978Z
2026-10-08;Wybór menu / COMFORT;614;2000;Dieta Low Carb & IG;Śniadanie;413;Pancakes kokosowe z twarożkiem jagodowym, pomarańcza;446.94;14.75;35.67;15.39;9.22;13.32;0.38;12.49;ciepło/zimno;2026-09-29T13:53:32.978Z
2026-10-08;Wybór menu / COMFORT;614;2000;COMFORT;II śniadanie;2;Owoce leśne - shake proteinowy;160.8;8.07;3.8;22.44;3.91;16.87;0.25;2.32;na zimno;2026-09-29T13:53:32.978Z
2026-10-08;Wybór menu / COMFORT;614;2000;Dieta Active Pro;II śniadanie;383;Hummus pomidorowy, bułeczka proteinowa, papryka;443.11;26.62;21.1;33.29;18.17;4.09;1.93;2.21;na zimno;2026-09-29T13:53:32.978Z
2026-10-08;Wybór menu / COMFORT;614;2000;Dieta Fish Low Carb & IG;II śniadanie;390;Jogurt malinowy z granolą kokosową i nerkowcami;347.61;10.32;25.5;27.46;6.46;11.47;0.22;15.3;na zimno;2026-09-29T13:53:32.978Z
2026-10-08;Wybór menu / COMFORT;614;2000;Dieta Light;II śniadanie;409;Sok świeżo wyciskany z jabłka i czarnego bzu;150.22;1.71;1.51;32.12;7.75;31.79;0;0;na zimno;2026-09-29T13:53:32.978Z
2026-10-08;Wybór menu / COMFORT;614;2000;Dieta Low Carb & IG;II śniadanie;414;Sałatka z cukinią, pomidorkami, serem bałkańskim i winegretem azjatyckim;232.19;8.74;18.3;8.03;1.32;5.82;2.31;5.48;na zimno;2026-09-29T13:53:32.978Z
2026-10-08;Wybór menu / COMFORT;614;2000;COMFORT;Obiad;388;Pyzy z farszem z dziczyzną z sosem śmietanowo-musztardowym, surówka z buraczków, prażona cebulka z koperkiem;555.69;22.09;21.04;68.64;7.71;18.21;1.19;4.79;na ciepło;2026-09-29T13:53:32.978Z
2026-10-08;Wybór menu / COMFORT;614;2000;Dieta Active Pro;Obiad;384;Fish and chips z miętowym groszkiem i sosem tatarskim;460.76;35.61;11.07;54.15;8.92;9.24;0.97;2.69;na ciepło;2026-09-29T13:53:32.978Z
2026-10-08;Wybór menu / COMFORT;614;2000;Dieta Fish Low Carb & IG;Obiad;391;Spaghetti z łososiem w sosie szpinakowym z suszonymi pomidorami;625.69;36.01;36.79;37.69;7.43;2.86;0.56;11.1;na ciepło;2026-09-29T13:53:32.978Z
2026-10-08;Wybór menu / COMFORT;614;2000;Dieta Light;Obiad;410;Filet z piersi kurczaka w sosie marchewkowym, kasza pęczak, buraczki;581.41;44.2;19.44;57.44;7.25;13.76;2.36;4.35;na ciepło;2026-09-29T13:53:32.978Z
2026-10-08;Wybór menu / COMFORT;614;2000;Dieta Low Carb & IG;Obiad;415;Filet z indyka z sosem porowym, pieczony batat, surówka z czerwonej kapusty z jabłkiem;448.03;33.92;19.81;33.64;8.09;9.68;1.04;5.36;na ciepło;2026-09-29T13:53:32.978Z
2026-10-08;Wybór menu / COMFORT;614;2000;COMFORT;Podwieczorek;419;Ciasto kajmakowa porzeczka;377.75;11.3;23.62;28.45;6.63;15.61;0.48;10.49;na zimno;2026-09-29T13:53:32.978Z
2026-10-08;Wybór menu / COMFORT;614;2000;Dieta Active Pro;Podwieczorek;385;Sernik z wiśniami;297.47;20.67;12.74;26.26;1.17;5.19;0.28;5.86;na zimno;2026-09-29T13:53:32.978Z
2026-10-08;Wybór menu / COMFORT;614;2000;Dieta Fish Low Carb & IG;Podwieczorek;392;Ciasto czekoladowe z borówkami;325.11;10.65;28.44;6.31;4.64;2.13;0.21;10.71;na zimno;2026-09-29T13:53:32.978Z
2026-10-08;Wybór menu / COMFORT;614;2000;Dieta Light;Podwieczorek;411;Kryształek wiśniowy na biszkopcie kakaowym;344.49;12.76;6.93;56.84;1.72;38.55;0.2;3.45;na zimno;2026-09-29T13:53:32.978Z
2026-10-08;Wybór menu / COMFORT;614;2000;Dieta Low Carb & IG;Podwieczorek;416;Pierogi ze szpinakiem i serem, sos czosnkowy;352.87;11.09;18.11;35.24;5.73;4.29;0.97;4.06;na ciepło;2026-09-29T13:53:32.978Z
2026-10-08;Wybór menu / COMFORT;614;2000;COMFORT;Kolacja;420;Noodle z wieprzowiną w sosie orzechowym z warzywami;480.14;34.48;19.17;41.71;2.85;9.29;1.24;3.7;na ciepło;2026-09-29T13:53:32.978Z
2026-10-08;Wybór menu / COMFORT;614;2000;Dieta Active Pro;Kolacja;386;Sałatka z jajkiem gotowanym, polędwicą wieprzową, pomidorkami i dipem czosnkowym;305.81;36.2;14.59;6.55;0.85;3.72;0.63;3.31;na zimno;2026-09-29T13:53:32.978Z
2026-10-08;Wybór menu / COMFORT;614;2000;Dieta Fish Low Carb & IG;Kolacja;393;Placki serowe z cukinią, dip szczypiorkowy, papryka;416.51;27.95;23.86;22.43;2.87;7.67;1.74;9.12;ciepło/zimno;2026-09-29T13:53:32.978Z
2026-10-08;Wybór menu / COMFORT;614;2000;Dieta Light;Kolacja;412;Tacos z gyrosem z kurczaka, dip 1000 wysp;458.74;22.05;19.29;48.2;1.95;7.66;2.08;2.39;na ciepło;2026-09-29T13:53:32.978Z
2026-10-08;Wybór menu / COMFORT;614;2000;Dieta Low Carb & IG;Kolacja;417;Chili con carne z serem cheddar, chleb czystoziarnisty;523.34;42.53;29.88;18.37;6.59;2.94;0.86;5.16;na ciepło;2026-09-29T13:53:32.978Z
2026-10-08;Wybór menu / KETO FUSION;614;2000;Dieta Ketogeniczna;Śniadanie;404;Paprykowa pasta z tuńczyka z camembertem, pieczywo keto i ogórkiem;507.83;31.07;39.59;5.42;4.47;1.62;2.03;13.18;na zimno;2026-09-29T13:53:32.978Z
2026-10-08;Wybór menu / KETO FUSION;614;2000;Dieta Śródziemnomorska Keto;Śniadanie;426;Naleśnik pomidorowy z twarożkiem 4 sery, szpinak z ogórkiem, orzechy włoskie;859.87;35.97;74.43;11.24;3.6;6.52;2.34;23.34;ciepło/zimno;2026-09-29T13:53:32.978Z
2026-10-08;Wybór menu / KETO FUSION;614;2000;Dieta Ketogeniczna;Obiad;405;Filet z indyka w majonezie z sosem porowym, kalafior z prażonym boczkiem, fasolka z czosnkiem, tymiankiem;599.76;38.64;45.19;9.83;7.16;5.83;1.89;12.58;na ciepło;2026-09-29T13:53:32.978Z
2026-10-08;Wybór menu / KETO FUSION;614;2000;Dieta Śródziemnomorska Keto;Obiad;427;Makaron konjac z sosem pomidorowym z chorizo, serem mozzarella i bazylią;556.77;29.23;45;8.14;3.4;3.26;2.97;18.84;na ciepło;2026-09-29T13:53:32.978Z
2026-10-08;Wybór menu / KETO FUSION;614;2000;Dieta Ketogeniczna;Podwieczorek;406;Koperkowy bigos z młodej kapusty z boczkiem i kiełbasą drobiową, pieczywo keto;455.35;21.39;35.09;11.96;5.95;1.35;0.94;8.67;na ciepło;2026-09-29T13:53:32.978Z
2026-10-08;Wybór menu / KETO FUSION;614;2000;Dieta Śródziemnomorska Keto;Podwieczorek;77;Sernik z musem jagodowym;281.11;7.61;25.59;5.29;1.69;4.98;0.13;15.57;na zimno;2026-09-29T13:53:32.978Z
2026-10-08;Wybór menu / KETO FUSION;614;2000;Dieta Ketogeniczna;Kolacja;407;Placki serowe z salami i papryką, dip serowy z jalapeno;575.87;29;47.34;8.63;4.46;3.83;2.13;19.3;ciepło/zimno;2026-09-29T13:53:32.978Z
2026-10-08;Wybór menu / KETO FUSION;614;2000;Dieta Śródziemnomorska Keto;Kolacja;428;Potrawka meksykańska z fasolką szparagową i kiełbaską wieprzową;422.13;20.6;29.92;12.48;3.41;6.28;2.22;10.29;na ciepło;2026-09-29T13:53:32.978Z
2026-10-08;Wybór menu / LADIES VIBES;614;2000;BASIC;Śniadanie;387;Twarożek koperkowy, pieczony indyk, chleb słonecznikowy, papryka;406.65;43.11;10.21;35.75;4.76;5.2;1.12;3.61;na zimno;2026-09-29T13:53:32.978Z
2026-10-08;Wybór menu / LADIES VIBES;614;2000;Dieta Active Pro;Śniadanie;382;Omleciki jajeczne z papryką i kukurydzą, pasta serowa, marchewka;435.36;31.27;24.88;21.6;3.65;6.03;1.88;9;ciepło/zimno;2026-09-29T13:53:32.978Z
2026-10-08;Wybór menu / LADIES VIBES;614;2000;Dieta Light;Śniadanie;408;Pasztet drobiowy z pieczonymi warzywami, ćwikła z miodem i imbirem, bułka musli;403.08;19;17.68;41.79;4.72;10.65;0.53;5.38;na zimno;2026-09-29T13:53:32.978Z
2026-10-08;Wybór menu / LADIES VIBES;614;2000;BASIC;II śniadanie;2;Owoce leśne - shake proteinowy;160.8;8.07;3.8;22.44;3.91;16.87;0.25;2.32;na zimno;2026-09-29T13:53:32.978Z
2026-10-08;Wybór menu / LADIES VIBES;614;2000;Dieta Active Pro;II śniadanie;383;Hummus pomidorowy, bułeczka proteinowa, papryka;443.11;26.62;21.1;33.29;18.17;4.09;1.93;2.21;na zimno;2026-09-29T13:53:32.978Z
2026-10-08;Wybór menu / LADIES VIBES;614;2000;Dieta Light;II śniadanie;409;Sok świeżo wyciskany z jabłka i czarnego bzu;150.22;1.71;1.51;32.12;7.75;31.79;0;0;na zimno;2026-09-29T13:53:32.978Z
2026-10-08;Wybór menu / LADIES VIBES;614;2000;BASIC;Obiad;388;Pyzy z farszem z dziczyzną z sosem śmietanowo-musztardowym, surówka z buraczków, prażona cebulka z koperkiem;555.69;22.09;21.04;68.64;7.71;18.21;1.19;4.79;na ciepło;2026-09-29T13:53:32.978Z
2026-10-08;Wybór menu / LADIES VIBES;614;2000;Dieta Active Pro;Obiad;384;Fish and chips z miętowym groszkiem i sosem tatarskim;460.76;35.61;11.07;54.15;8.92;9.24;0.97;2.69;na ciepło;2026-09-29T13:53:32.978Z
2026-10-08;Wybór menu / LADIES VIBES;614;2000;Dieta Light;Obiad;410;Filet z piersi kurczaka w sosie marchewkowym, kasza pęczak, buraczki;581.41;44.2;19.44;57.44;7.25;13.76;2.36;4.35;na ciepło;2026-09-29T13:53:32.978Z
2026-10-08;Wybór menu / LADIES VIBES;614;2000;BASIC;Podwieczorek;419;Ciasto kajmakowa porzeczka;377.75;11.3;23.62;28.45;6.63;15.61;0.48;10.49;na zimno;2026-09-29T13:53:32.978Z
2026-10-08;Wybór menu / LADIES VIBES;614;2000;Dieta Active Pro;Podwieczorek;385;Sernik z wiśniami;297.47;20.67;12.74;26.26;1.17;5.19;0.28;5.86;na zimno;2026-09-29T13:53:32.978Z
2026-10-08;Wybór menu / LADIES VIBES;614;2000;Dieta Light;Podwieczorek;411;Kryształek wiśniowy na biszkopcie kakaowym;344.49;12.76;6.93;56.84;1.72;38.55;0.2;3.45;na zimno;2026-09-29T13:53:32.978Z
2026-10-08;Wybór menu / LADIES VIBES;614;2000;BASIC;Kolacja;420;Noodle z wieprzowiną w sosie orzechowym z warzywami;480.14;34.48;19.17;41.71;2.85;9.29;1.24;3.7;na ciepło;2026-09-29T13:53:32.978Z
2026-10-08;Wybór menu / LADIES VIBES;614;2000;Dieta Active Pro;Kolacja;386;Sałatka z jajkiem gotowanym, polędwicą wieprzową, pomidorkami i dipem czosnkowym;305.81;36.2;14.59;6.55;0.85;3.72;0.63;3.31;na zimno;2026-09-29T13:53:32.978Z
2026-10-08;Wybór menu / LADIES VIBES;614;2000;Dieta Light;Kolacja;412;Tacos z gyrosem z kurczaka, dip 1000 wysp;458.74;22.05;19.29;48.2;1.95;7.66;2.08;2.39;na ciepło;2026-09-29T13:53:32.978Z
2026-10-08;Wybór menu / SUPREME;614;2000;Dieta Active Pro;Śniadanie;382;Omleciki jajeczne z papryką i kukurydzą, pasta serowa, marchewka;435.36;31.27;24.88;21.6;3.65;6.03;1.88;9;ciepło/zimno;2026-09-29T13:53:32.978Z
2026-10-08;Wybór menu / SUPREME;614;2000;Dieta Fish Low Carb & IG;Śniadanie;389;Naleśnik orkiszowy z farszem pieczarkowo-serowym, pomidorki;326.58;13.53;22.15;18.37;3.49;3.1;0.73;4.95;ciepło/zimno;2026-09-29T13:53:32.978Z
2026-10-08;Wybór menu / SUPREME;614;2000;Dieta Kuchnie Świata;Śniadanie;429;Wrap z pastą serową, szynką drobiową i marynowaną papryką, dip 1000 wysp;531.82;33.31;25.8;41.61;2.42;8.74;3.05;8.58;ciepło/zimno;2026-09-29T13:53:32.978Z
2026-10-08;Wybór menu / SUPREME;614;2000;Dieta Light;Śniadanie;408;Pasztet drobiowy z pieczonymi warzywami, ćwikła z miodem i imbirem, bułka musli;403.08;19;17.68;41.79;4.72;10.65;0.53;5.38;na zimno;2026-09-29T13:53:32.978Z
2026-10-08;Wybór menu / SUPREME;614;2000;Dieta Low Carb & IG;Śniadanie;413;Pancakes kokosowe z twarożkiem jagodowym, pomarańcza;446.94;14.75;35.67;15.39;9.22;13.32;0.38;12.49;ciepło/zimno;2026-09-29T13:53:32.978Z
2026-10-08;Wybór menu / SUPREME;614;2000;Dieta Top Taste;Śniadanie;430;Kluski leniwe z sosem jogurtowym, musem truskawkowym i kokosem;383.87;17.29;12.16;50.58;2.89;21.72;1.74;5.11;ciepło/zimno;2026-09-29T13:53:32.978Z
2026-10-08;Wybór menu / SUPREME;614;2000;Dieta Śródziemnomorska;Śniadanie;421;Pancakes marchewkowe, twarożek cynamonowy, konfitura truskawkowa;450.47;30.14;16.99;48.39;4.32;9.49;0.62;2.63;ciepło/zimno;2026-09-29T13:53:32.978Z
2026-10-08;Wybór menu / SUPREME;614;2000;SUPREME;Śniadanie;387;Twarożek koperkowy, pieczony indyk, chleb słonecznikowy, papryka;406.65;43.11;10.21;35.75;4.76;5.2;1.12;3.61;na zimno;2026-09-29T13:53:32.978Z
2026-10-08;Wybór menu / SUPREME;614;2000;Dieta Active Pro;II śniadanie;383;Hummus pomidorowy, bułeczka proteinowa, papryka;443.11;26.62;21.1;33.29;18.17;4.09;1.93;2.21;na zimno;2026-09-29T13:53:32.978Z
2026-10-08;Wybór menu / SUPREME;614;2000;Dieta Fish Low Carb & IG;II śniadanie;390;Jogurt malinowy z granolą kokosową i nerkowcami;347.61;10.32;25.5;27.46;6.46;11.47;0.22;15.3;na zimno;2026-09-29T13:53:32.978Z
2026-10-08;Wybór menu / SUPREME;614;2000;Dieta Kuchnie Świata;II śniadanie;431;Krem ziemniaczano-serowy z grzankami ziołowymi;311.03;7.79;17.5;30.17;3.19;4.66;2.15;9.69;na ciepło;2026-09-29T13:53:32.978Z
2026-10-08;Wybór menu / SUPREME;614;2000;Dieta Light;II śniadanie;409;Sok świeżo wyciskany z jabłka i czarnego bzu;150.22;1.71;1.51;32.12;7.75;31.79;0;0;na zimno;2026-09-29T13:53:32.978Z
2026-10-08;Wybór menu / SUPREME;614;2000;Dieta Low Carb & IG;II śniadanie;414;Sałatka z cukinią, pomidorkami, serem bałkańskim i winegretem azjatyckim;232.19;8.74;18.3;8.03;1.32;5.82;2.31;5.48;na zimno;2026-09-29T13:53:32.978Z
2026-10-08;Wybór menu / SUPREME;614;2000;Dieta Top Taste;II śniadanie;432;Drożdżowa bułeczka z farszem o smaku pizzy z polędwicą wieprzową, serem i papryką, sos ziołowy;443.96;18.03;23.38;39.21;1.76;4.22;1.12;6.07;ciepło/zimno;2026-09-29T13:53:32.978Z
2026-10-08;Wybór menu / SUPREME;614;2000;Dieta Śródziemnomorska;II śniadanie;422;Kanapka z wędzonym indykiem, pastą jajeczną ze szczypiorkiem i papryką;348.09;32.32;10.42;30.26;2.61;2.07;1.16;1.92;na zimno;2026-09-29T13:53:32.978Z
2026-10-08;Wybór menu / SUPREME;614;2000;SUPREME;II śniadanie;2;Owoce leśne - shake proteinowy;160.8;8.07;3.8;22.44;3.91;16.87;0.25;2.32;na zimno;2026-09-29T13:53:32.978Z
2026-10-08;Wybór menu / SUPREME;614;2000;Dieta Active Pro;Obiad;384;Fish and chips z miętowym groszkiem i sosem tatarskim;460.76;35.61;11.07;54.15;8.92;9.24;0.97;2.69;na ciepło;2026-09-29T13:53:32.978Z
2026-10-08;Wybór menu / SUPREME;614;2000;Dieta Fish Low Carb & IG;Obiad;391;Spaghetti z łososiem w sosie szpinakowym z suszonymi pomidorami;625.69;36.01;36.79;37.69;7.43;2.86;0.56;11.1;na ciepło;2026-09-29T13:53:32.978Z
2026-10-08;Wybór menu / SUPREME;614;2000;Dieta Kuchnie Świata;Obiad;433;Pierogi z mięsem wieprzowym i okrasą, surówka z białej kapusty;433.04;19.57;16.21;50.75;4.91;1.76;0.69;3.21;na ciepło;2026-09-29T13:53:32.978Z
2026-10-08;Wybór menu / SUPREME;614;2000;Dieta Light;Obiad;410;Filet z piersi kurczaka w sosie marchewkowym, kasza pęczak, buraczki;581.41;44.2;19.44;57.44;7.25;13.76;2.36;4.35;na ciepło;2026-09-29T13:53:32.978Z
2026-10-08;Wybór menu / SUPREME;614;2000;Dieta Low Carb & IG;Obiad;415;Filet z indyka z sosem porowym, pieczony batat, surówka z czerwonej kapusty z jabłkiem;448.03;33.92;19.81;33.64;8.09;9.68;1.04;5.36;na ciepło;2026-09-29T13:53:32.978Z
2026-10-08;Wybór menu / SUPREME;614;2000;Dieta Top Taste;Obiad;434;Makaron penne w sosie śmietanowym z indykiem, suszonymi pomidorami i szpinakiem, ser włoski;545.52;39.26;23.57;43.91;3.05;5.04;0.65;8.97;na ciepło;2026-09-29T13:53:32.978Z
2026-10-08;Wybór menu / SUPREME;614;2000;Dieta Śródziemnomorska;Obiad;423;Potrawka warzywna z kurczakiem i kremowym pęczotto;546.23;43.74;17.72;52.43;7.68;7.87;2.01;7.15;na ciepło;2026-09-29T13:53:32.978Z
2026-10-08;Wybór menu / SUPREME;614;2000;SUPREME;Obiad;388;Pyzy z farszem z dziczyzną z sosem śmietanowo-musztardowym, surówka z buraczków, prażona cebulka z koperkiem;555.69;22.09;21.04;68.64;7.71;18.21;1.19;4.79;na ciepło;2026-09-29T13:53:32.978Z
2026-10-08;Wybór menu / SUPREME;614;2000;Dieta Active Pro;Podwieczorek;385;Sernik z wiśniami;297.47;20.67;12.74;26.26;1.17;5.19;0.28;5.86;na zimno;2026-09-29T13:53:32.978Z
2026-10-08;Wybór menu / SUPREME;614;2000;Dieta Fish Low Carb & IG;Podwieczorek;392;Ciasto czekoladowe z borówkami;325.11;10.65;28.44;6.31;4.64;2.13;0.21;10.71;na zimno;2026-09-29T13:53:32.978Z
2026-10-08;Wybór menu / SUPREME;614;2000;Dieta Kuchnie Świata;Podwieczorek;435;Sernik pistacjowy;384.77;8.36;30.71;21.11;1.78;7.46;0.15;10.73;na zimno;2026-09-29T13:53:32.978Z
2026-10-08;Wybór menu / SUPREME;614;2000;Dieta Light;Podwieczorek;411;Kryształek wiśniowy na biszkopcie kakaowym;344.49;12.76;6.93;56.84;1.72;38.55;0.2;3.45;na zimno;2026-09-29T13:53:32.978Z
2026-10-08;Wybór menu / SUPREME;614;2000;Dieta Low Carb & IG;Podwieczorek;416;Pierogi ze szpinakiem i serem, sos czosnkowy;352.87;11.09;18.11;35.24;5.73;4.29;0.97;4.06;na ciepło;2026-09-29T13:53:32.978Z
2026-10-08;Wybór menu / SUPREME;614;2000;Dieta Top Taste;Podwieczorek;436;Ciasto czekoladowa Stefanka;252.61;4.38;15.63;24.43;4.34;6.63;0.38;6.42;na zimno;2026-09-29T13:53:32.978Z
2026-10-08;Wybór menu / SUPREME;614;2000;Dieta Śródziemnomorska;Podwieczorek;424;Deser ryżowy z czarną porzeczką;330.5;8.87;14.74;43.47;0.46;6.17;0.15;8.39;na zimno;2026-09-29T13:53:32.978Z
2026-10-08;Wybór menu / SUPREME;614;2000;SUPREME;Podwieczorek;419;Ciasto kajmakowa porzeczka;377.75;11.3;23.62;28.45;6.63;15.61;0.48;10.49;na zimno;2026-09-29T13:53:32.978Z
2026-10-08;Wybór menu / SUPREME;614;2000;Dieta Active Pro;Kolacja;386;Sałatka z jajkiem gotowanym, polędwicą wieprzową, pomidorkami i dipem czosnkowym;305.81;36.2;14.59;6.55;0.85;3.72;0.63;3.31;na zimno;2026-09-29T13:53:32.978Z
2026-10-08;Wybór menu / SUPREME;614;2000;Dieta Fish Low Carb & IG;Kolacja;393;Placki serowe z cukinią, dip szczypiorkowy, papryka;416.51;27.95;23.86;22.43;2.87;7.67;1.74;9.12;ciepło/zimno;2026-09-29T13:53:32.978Z
2026-10-08;Wybór menu / SUPREME;614;2000;Dieta Kuchnie Świata;Kolacja;418;Makaron farfalle z kurczakiem w sosie z pieczonych batatów z suszonymi pomidorami, tarta mozzarella;404.47;30;14.51;38.22;2.08;3.07;0.64;4.1;na ciepło;2026-09-29T13:53:32.978Z
2026-10-08;Wybór menu / SUPREME;614;2000;Dieta Light;Kolacja;412;Tacos z gyrosem z kurczaka, dip 1000 wysp;458.74;22.05;19.29;48.2;1.95;7.66;2.08;2.39;na ciepło;2026-09-29T13:53:32.978Z
2026-10-08;Wybór menu / SUPREME;614;2000;Dieta Low Carb & IG;Kolacja;417;Chili con carne z serem cheddar, chleb czystoziarnisty;523.34;42.53;29.88;18.37;6.59;2.94;0.86;5.16;na ciepło;2026-09-29T13:53:32.978Z
2026-10-08;Wybór menu / SUPREME;614;2000;Dieta Top Taste;Kolacja;437;Grillowane krewetki, risotto maślano-cytrynowe z zielonym groszkiem, płatki migdałów;481.63;23.18;22.83;45.64;5.96;14.26;2.26;12.34;na ciepło;2026-09-29T13:53:32.978Z
2026-10-08;Wybór menu / SUPREME;614;2000;Dieta Śródziemnomorska;Kolacja;425;Sałatka z serem bałkańskim, kaszą orkiszową, pomidorkami, ogórkiem i winegretem cytrusowym;351.55;12.57;19.44;31.52;5.53;5.27;1.59;5.82;na zimno;2026-09-29T13:53:32.978Z
2026-10-08;Wybór menu / SUPREME;614;2000;SUPREME;Kolacja;420;Noodle z wieprzowiną w sosie orzechowym z warzywami;480.14;34.48;19.17;41.71;2.85;9.29;1.24;3.7;na ciepło;2026-09-29T13:53:32.978Z
2026-10-08;Wybór menu / TYPES OF VEGE;614;2000;Dieta Fish Low Carb & IG;Śniadanie;389;Naleśnik orkiszowy z farszem pieczarkowo-serowym, pomidorki;326.58;13.53;22.15;18.37;3.49;3.1;0.73;4.95;ciepło/zimno;2026-09-29T13:53:32.978Z
2026-10-08;Wybór menu / TYPES OF VEGE;614;2000;Dieta Wegańska;Śniadanie;438;Owsianka waniliowa z konfiturą jagodową i czekoladą;395.1;10.64;14.52;57.67;4.95;13.08;0.06;8.6;ciepło/zimno;2026-09-29T13:53:32.978Z
2026-10-08;Wybór menu / TYPES OF VEGE;614;2000;Dieta Wegetariańska;Śniadanie;439;Omleciki jajeczne z papryką, kukurydzą, serem i natką pietruszki, dip curry, marchewka z kalarepą;429.89;24.28;30.4;14.79;3.9;4.94;1.79;15.24;ciepło/zimno;2026-09-29T13:53:32.978Z
2026-10-08;Wybór menu / TYPES OF VEGE;614;2000;Dieta Fish Low Carb & IG;II śniadanie;390;Jogurt malinowy z granolą kokosową i nerkowcami;347.61;10.32;25.5;27.46;6.46;11.47;0.22;15.3;na zimno;2026-09-29T13:53:32.978Z
2026-10-08;Wybór menu / TYPES OF VEGE;614;2000;Dieta Wegańska;II śniadanie;440;Placki warzywne, smarowidło ziołowe, ogórek;426.56;13;25.11;35.99;8.13;4.91;0.39;13.14;ciepło/zimno;2026-09-29T13:53:32.978Z
2026-10-08;Wybór menu / TYPES OF VEGE;614;2000;Dieta Wegetariańska;II śniadanie;441;Smoothie Forest Berry;198;2.31;0.33;40.59;7.26;32.67;0;0;na zimno;2026-09-29T13:53:32.978Z
2026-10-08;Wybór menu / TYPES OF VEGE;614;2000;Dieta Fish Low Carb & IG;Obiad;391;Spaghetti z łososiem w sosie szpinakowym z suszonymi pomidorami;625.69;36.01;36.79;37.69;7.43;2.86;0.56;11.1;na ciepło;2026-09-29T13:53:32.978Z
2026-10-08;Wybór menu / TYPES OF VEGE;614;2000;Dieta Wegańska;Obiad;442;Roślinne stripsy z frytkami z batata, colesław;574.85;23.49;23.49;66.74;4.97;19.9;2.82;3.63;na ciepło;2026-09-29T13:53:32.978Z
2026-10-08;Wybór menu / TYPES OF VEGE;614;2000;Dieta Wegetariańska;Obiad;443;Tofu w sosie orzechowym, ryż basmati z marchewką i brokułem;622.77;30.16;33.26;49.26;7.87;13.62;4.02;4.32;na ciepło;2026-09-29T13:53:32.978Z
2026-10-08;Wybór menu / TYPES OF VEGE;614;2000;Dieta Fish Low Carb & IG;Podwieczorek;392;Ciasto czekoladowe z borówkami;325.11;10.65;28.44;6.31;4.64;2.13;0.21;10.71;na zimno;2026-09-29T13:53:32.978Z
2026-10-08;Wybór menu / TYPES OF VEGE;614;2000;Dieta Wegańska;Podwieczorek;444;Wegański batonik karmelowy z ryżem preparowanym;264.28;7.46;15.36;23.53;3.04;18.3;0.24;4.44;na zimno;2026-09-29T13:53:32.978Z
2026-10-08;Wybór menu / TYPES OF VEGE;614;2000;Dieta Wegetariańska;Podwieczorek;445;Wegańska drożdżówka dyniowa z tofu;513.32;13.48;17.22;74;3.45;19.97;0.21;3.12;na zimno;2026-09-29T13:53:32.978Z
2026-10-08;Wybór menu / TYPES OF VEGE;614;2000;Dieta Fish Low Carb & IG;Kolacja;393;Placki serowe z cukinią, dip szczypiorkowy, papryka;416.51;27.95;23.86;22.43;2.87;7.67;1.74;9.12;ciepło/zimno;2026-09-29T13:53:32.978Z
2026-10-08;Wybór menu / TYPES OF VEGE;614;2000;Dieta Wegańska;Kolacja;446;Buritto chili sin carne, dip majonezowy z awokado i wasabi;481.17;13.64;19.19;62.6;5.63;6.17;1.93;2.45;na ciepło;2026-09-29T13:53:32.978Z
2026-10-08;Wybór menu / TYPES OF VEGE;614;2000;Dieta Wegetariańska;Kolacja;447;Sałatka z serem bałkańskim, kaszą orkiszową, pomidorkami, kukurydzą i winegretem cytrusowym;364.77;12.29;18.44;37.37;5.81;9.58;1.84;5.59;na zimno;2026-09-29T13:53:32.978Z
2026-10-09;Dieta Active Pro;586;1200;Dieta Active Pro;Śniadanie;448;Naleśnik z indykiem i mozzarellą, dip musztardowy, pomidorki koktajlowe;215;10.03;10.75;18.92;1.67;7.32;0.57;2.62;na ciepło;2026-09-29T13:53:32.978Z
2026-10-09;Dieta Active Pro;586;1200;Dieta Active Pro;II śniadanie;449;Porzeczkowy shake proteinowy;216;16.43;4.39;26.4;4.69;20.16;0.25;2.91;na zimno;2026-09-29T13:53:32.978Z
2026-10-09;Dieta Active Pro;586;1200;Dieta Active Pro;Obiad;450;Pulpety drobiowe w sosie pomidorowym, kuskus perłowy, marchewka baby z koperkiem;387;23.6;17.46;33.01;6.78;5.87;0.82;3.57;na ciepło;2026-09-29T13:53:32.978Z
2026-10-09;Dieta Active Pro;586;1200;Dieta Active Pro;Podwieczorek;451;Proteinowy krem kokosowy;165;15.21;8.58;7.11;0.84;4.72;0.17;5.04;na zimno;2026-09-29T13:53:32.978Z
2026-10-09;Dieta Active Pro;586;1200;Dieta Active Pro;Kolacja;452;Kluski leniwe z konfiturą truskawkową, proteinowym sosem jogurtowo-bananowym i krajanką;292;19.78;6.99;37;1.43;15.32;1.15;2.31;na ciepło;2026-09-29T13:53:32.978Z
2026-10-09;Dieta Ekonomiczna;587;1200;Dieta Ekonomiczna;Śniadanie;453;Smalczyk z ciecierzycy ze śliwką, prażony słonecznik, chleb razowy, ogórek kiszony;444;10.48;21.11;52.67;10.35;12.34;1.65;1.45;na zimno;2026-09-29T13:53:32.978Z
2026-10-09;Dieta Ekonomiczna;587;1200;Dieta Ekonomiczna;II śniadanie;454;Croissant z pastą jajeczną ze szczypiorem, pomidorki;387;16.46;24.8;24.38;0.91;2.47;0.59;12.11;na zimno;2026-09-29T13:53:32.978Z
2026-10-09;Dieta Ekonomiczna;587;1200;Dieta Ekonomiczna;Obiad;455;Mintaj w panierce, cząstki ziemniaczane, dip remoulade, surówka z kapusty z kukurydzą;455;27.08;18.55;44.22;5.79;5.22;1.62;1.9;na ciepło;2026-09-29T13:53:32.978Z
2026-10-09;Dieta Ekonomiczna Wege;605;1200;Dieta Ekonomiczna Wege;Śniadanie;456;Jaja na twardo w sosie tatarskim, chleb żytni, ogórek;353;19.2;15.65;33.72;5.84;5.45;1.55;3.91;na zimno;2026-09-29T13:53:32.978Z
2026-10-09;Dieta Ekonomiczna Wege;605;1200;Dieta Ekonomiczna Wege;II śniadanie;457;Krem paprykowy z pieczonym łososiem i bazylią;310;18.85;21.3;10.85;2.74;3.74;0.58;6.83;na ciepło;2026-09-29T13:53:32.978Z
2026-10-09;Dieta Ekonomiczna Wege;605;1200;Dieta Ekonomiczna Wege;Obiad;458;Medaliony z kalafiora z serem i szpinakiem, sos ziołowy, pieczony batat, surówka wiosenna;536;19.77;32.61;38.02;17.64;11.47;1.86;13.57;na ciepło;2026-09-29T13:53:32.978Z
2026-10-09;Dieta Fish Low Carb & IG;631;1200;Dieta Fish Low Carb & IG;Śniadanie;456;Jaja na twardo w sosie tatarskim, chleb żytni, ogórek;223;11.09;8.71;24.91;4.43;3.91;1.05;2.17;na zimno;2026-09-29T13:53:32.978Z
2026-10-09;Dieta Fish Low Carb & IG;631;1200;Dieta Fish Low Carb & IG;II śniadanie;457;Krem paprykowy z pieczonym łososiem i bazylią;230;10.92;15.87;10.84;2.74;3.74;0.5;5.67;na ciepło;2026-09-29T13:53:32.978Z
2026-10-09;Dieta Fish Low Carb & IG;631;1200;Dieta Fish Low Carb & IG;Obiad;458;Medaliony z kalafiora z serem i szpinakiem, sos ziołowy, pieczony batat, surówka wiosenna;361;12.03;23.83;23.05;10.5;7.57;1.27;10.78;na ciepło;2026-09-29T13:53:32.978Z
2026-10-09;Dieta Fish Low Carb & IG;631;1200;Dieta Fish Low Carb & IG;Podwieczorek;459;Sernik słony karmel;218;9.39;14.97;13.09;1.22;7.83;0.33;7.42;na zimno;2026-09-29T13:53:32.978Z
2026-10-09;Dieta Fish Low Carb & IG;631;1200;Dieta Fish Low Carb & IG;Kolacja;460;Sałatka z komosą ryżową, krewetkami, pomidorkami, ogórkiem i orzechami nerkowca, dip mango z chili;224;13.81;11.51;16.21;2.04;3.99;1.55;1.37;na zimno;2026-09-29T13:53:32.978Z
2026-10-09;Dieta Fodmap;617;1200;Dieta Fodmap;Śniadanie;461;Tosty francuskie z serem i polędwicą wędzoną, dip duński, sałata rzymska z pomidorkami;216;9.19;10.49;20.42;1.98;3.8;1.52;3.11;ciepło/zimno;2026-09-29T13:53:32.978Z
2026-10-09;Dieta Fodmap;617;1200;Dieta Fodmap;II śniadanie;462;Pudding chia ananasowy z kakaowo-orzechowym musem;193;9.71;9.77;16.06;3.25;14.29;0.16;4.17;na zimno;2026-09-29T13:53:32.978Z
2026-10-09;Dieta Fodmap;617;1200;Dieta Fodmap;Obiad;463;Indyk w sosie śmietanowo-bazyliowym, puree ziemniaczane, marchewka baby z tymiankiem;330;21.38;18.15;20.24;4.86;3.85;0.76;9.94;na ciepło;2026-09-29T13:53:32.978Z
2026-10-09;Dieta Fodmap;617;1200;Dieta Fodmap;Podwieczorek;464;Tarta morela z marakują i kokosem;200;4.93;13.31;14.72;1.76;10.66;0.09;7.72;na zimno;2026-09-29T13:53:32.978Z
2026-10-09;Dieta Fodmap;617;1200;Dieta Fodmap;Kolacja;465;Penne w sosie arrabbiata z kurczakiem i tartą mozzarellą;316;20.06;9.03;38.62;2.02;4.19;0.57;2.05;na ciepło;2026-09-29T13:53:32.978Z
2026-10-09;Dieta Hashi Low Gluten & Lactose;629;1200;Dieta Hashi Low Gluten & Lactose;Śniadanie;466;Pudding chia kokosowy, konfitura z owoców leśnych, płatki kokosa;209;4.93;14.22;17.8;4.9;5.64;0.07;10.09;na zimno;2026-09-29T13:53:32.978Z
2026-10-09;Dieta Hashi Low Gluten & Lactose;629;1200;Dieta Hashi Low Gluten & Lactose;II śniadanie;467;Sałatka z burakiem, serem camembert, winogronami i pestkami dyni, winegret;239;7.65;16.27;15.25;1.93;11.86;0.82;7.21;na zimno;2026-09-29T13:53:32.978Z
2026-10-09;Dieta Hashi Low Gluten & Lactose;629;1200;Dieta Hashi Low Gluten & Lactose;Obiad;468;Bitki wieprzowe w sosie grzybowym, kopytka, surówka z buraków, jabłka i cebuli;387;24.99;14.95;37.41;4.41;10.89;1.05;5.02;na ciepło;2026-09-29T13:53:32.978Z
2026-10-09;Dieta Hashi Low Gluten & Lactose;629;1200;Dieta Hashi Low Gluten & Lactose;Podwieczorek;469;Muffinki marchewkowe;172;2.86;10.41;16.69;1.32;5.21;0.25;2.47;na zimno;2026-09-29T13:53:32.978Z
2026-10-09;Dieta Hashi Low Gluten & Lactose;629;1200;Dieta Hashi Low Gluten & Lactose;Kolacja;470;Bułeczki drożdżowe z farszem pieczarkowo-serowym, dip czosnkowy, pomidorki;261;9.35;10.43;32.32;2.56;3.93;0.53;4.06;ciepło/zimno;2026-09-29T13:53:32.978Z
2026-10-09;Dieta Ketogeniczna;610;1500;Dieta Ketogeniczna;Śniadanie;471;Naleśnik kokosowy z twarożkiem pomarańczowym z mascarpone, sos truskawkowy, płatki migdałów;418;17.55;35.74;6.68;1.92;5.52;0.48;15.67;ciepło/zimno;2026-09-29T13:53:32.978Z
2026-10-09;Dieta Ketogeniczna;610;1500;Dieta Ketogeniczna;Obiad;472;Makaron konjac w sosie szpinakowym z pieczonym łososiem, prażone pestki dyni;454;25.86;36.17;5.52;3.49;2.77;1.52;14.6;na ciepło;2026-09-29T13:53:32.978Z
2026-10-09;Dieta Ketogeniczna;610;1500;Dieta Ketogeniczna;Podwieczorek;473;Sałatka z boczkiem, serem bałkańskim i warzywami, dip koperkowy;356;8.98;32.82;6.37;0.87;4.32;1.69;10.9;na zimno;2026-09-29T13:53:32.978Z
2026-10-09;Dieta Ketogeniczna;610;1500;Dieta Ketogeniczna;Kolacja;474;Keto pizza z grillowanym kurczakiem, brokułem, pieczarkami, cebulą i sosem czosnkowym;351;16.6;28.26;7.53;3.99;4.48;0.83;8.69;na ciepło;2026-09-29T13:53:32.978Z
2026-10-09;Dieta Light;612;1500;Dieta Light;Śniadanie;475;Pancakes brzoskwiniowe, twarożek waniliowy, sos porzeczkowy;346;16.54;12.38;41.41;2.17;19.62;0.39;3.22;ciepło/zimno;2026-09-29T13:53:32.978Z
2026-10-09;Dieta Light;612;1500;Dieta Light;II śniadanie;476;Owsianka z truskawkami i granolą owocową, kiwi;290;6.86;6.61;49.84;4.43;19.93;0.18;1.77;ciepło/zimno;2026-09-29T13:53:32.978Z
2026-10-09;Dieta Light;612;1500;Dieta Light;Obiad;477;Zielone curry z indykiem, ryż z marchewką, brokuł, sezam;385;26.86;18.98;26.49;6.1;2.45;0.5;6.16;na ciepło;2026-09-29T13:53:32.978Z
2026-10-09;Dieta Light;612;1500;Dieta Light;Podwieczorek;478;Ciasto waniliowo truskawkowe;194;4.97;11.77;19.25;0.8;8.16;0.15;5.05;na zimno;2026-09-29T13:53:32.978Z
2026-10-09;Dieta Light;612;1500;Dieta Light;Kolacja;479;Sałatka z kurczakiem, batatem, gillowaną papryką, pomidorkami i sosem winegret ziołowym;219;15.36;11.03;14.57;2.15;6.1;0.28;1;na zimno;2026-09-29T13:53:32.978Z
2026-10-09;Dieta Low Carb & IG;628;1200;Dieta Low Carb & IG;Śniadanie;480;Kanapka gyros z kurczakiem, bułka graham, warzywa, łagodny sos ziołowy;263;20.87;10.32;21.03;2.65;4.12;0.79;1.42;na zimno;2026-09-29T13:53:32.978Z
2026-10-09;Dieta Low Carb & IG;628;1200;Dieta Low Carb & IG;II śniadanie;481;Twarożek wiśniowo-porzeczkowy z płatkami migdałów;143;8.46;8.49;11.44;0.73;3.33;0.09;4.82;na zimno;2026-09-29T13:53:32.978Z
2026-10-09;Dieta Low Carb & IG;628;1200;Dieta Low Carb & IG;Obiad;482;Pełnoziarniste spaghetti bolognese z mięsem wieprzowym, oliwkami i serem włoskim;378;18.67;21.29;22.66;4.94;1.67;0.55;7.08;na ciepło;2026-09-29T13:53:32.978Z
2026-10-09;Dieta Low Carb & IG;628;1200;Dieta Low Carb & IG;Podwieczorek;483;Smalczyk z ciecierzycy z śliwką, chleb czystoziarnisty, kalarepa;195;7.56;11.44;13.71;5.98;1.84;0.24;1.35;na zimno;2026-09-29T13:53:32.978Z
2026-10-09;Dieta Low Carb & IG;628;1200;Dieta Low Carb & IG;Kolacja;484;Placuszki ryżowe z chorizo i szpinakiem, sos szczypiorkowy, pomidorki;250;11.66;16.66;13.4;1.57;3.93;0.74;6.66;ciepło/zimno;2026-09-29T13:53:32.978Z
2026-10-09;Dieta START;634;1500;Dieta START;Śniadanie;476;Owsianka z truskawkami i granolą owocową, kiwi;430;10.21;10.1;73.06;6.35;29.78;0.28;2.67;ciepło/zimno;2026-09-29T13:53:32.978Z
2026-10-09;Dieta START;634;1500;Dieta START;Obiad;482;Pełnoziarniste spaghetti bolognese z mięsem wieprzowym, oliwkami i serem włoskim;721;35.37;39.81;45.71;9.73;3.12;0.96;13.14;na ciepło;2026-09-29T13:53:32.978Z
2026-10-09;Dieta START;634;1500;Dieta START;Kolacja;485;Pizzerinka warzywna, dip bazyliowy, papryka;526;20.2;30.62;42.47;5.49;4.39;0.97;7.34;na ciepło;2026-09-29T13:53:32.978Z
2026-10-09;Dieta Standard;583;1200;Dieta Standard;Śniadanie;453;Smalczyk z ciecierzycy ze śliwką, prażony słonecznik, chleb razowy, ogórek kiszony;289;7.11;12.83;36.14;7.14;7.79;1.29;0.9;na zimno;2026-09-29T13:53:32.978Z
2026-10-09;Dieta Standard;583;1200;Dieta Standard;II śniadanie;454;Croissant z pastą jajeczną ze szczypiorem, pomidorki;245;9.26;14.76;18.68;0.81;2.03;0.28;8.6;na zimno;2026-09-29T13:53:32.978Z
2026-10-09;Dieta Standard;583;1200;Dieta Standard;Obiad;455;Mintaj w panierce, cząstki ziemniaczane, dip remoulade, surówka z kapusty z kukurydzą;336;17.94;15.07;31.78;4.85;4.84;1.22;1.58;na ciepło;2026-09-29T13:53:32.978Z
2026-10-09;Dieta Standard;583;1200;Dieta Standard;Podwieczorek;183;Klasyczny makowiec japoński;140;3.47;8.44;12.45;2.27;10.6;0.24;3.24;na zimno;2026-09-29T13:53:32.978Z
2026-10-09;Dieta Standard;583;1200;Dieta Standard;Kolacja;486;Wrap z gyrosem z kurczaka z dipem czosnkowym;247;8.98;11.31;27.26;1.77;5.78;1.16;1.76;na ciepło;2026-09-29T13:53:32.978Z
2026-10-09;Dieta Śródziemnomorska;630;1200;Dieta Śródziemnomorska;Śniadanie;487;Kiełbaska drobiowo-serowa z chili, hummus klasyczny, bułeczka proteinowa, szpinak, pomidorki;262;22.33;13.21;10.64;7.92;3.95;0.99;1.78;ciepło/zimno;2026-09-29T13:53:32.978Z
2026-10-09;Dieta Śródziemnomorska;630;1200;Dieta Śródziemnomorska;II śniadanie;488;Zupa szczawiowa z jajkiem na twardo;222;9.12;16.21;9.76;3.56;3.02;1.2;8.21;na ciepło;2026-09-29T13:53:32.978Z
2026-10-09;Dieta Śródziemnomorska;630;1200;Dieta Śródziemnomorska;Obiad;489;Chili con carne, ryż basmati, guacamole;350;16.05;14.03;39.5;3.96;4.23;1.05;1.8;na ciepło;2026-09-29T13:53:32.978Z
2026-10-09;Dieta Śródziemnomorska;630;1200;Dieta Śródziemnomorska;Podwieczorek;490;Tarta pomarańczowa z mąką orkiszową i erytrytolem;137;10;5.66;13.35;0.97;2.31;0.18;2.89;na zimno;2026-09-29T13:53:32.978Z
2026-10-09;Dieta Śródziemnomorska;630;1200;Dieta Śródziemnomorska;Kolacja;485;Pizzerinka warzywna, dip bazyliowy, papryka;301;10.62;18.58;22.81;3.02;2.46;0.5;3.99;na ciepło;2026-09-29T13:53:32.978Z
2026-10-09;Wybór menu / BASIC;614;2000;BASIC;Śniadanie;453;Smalczyk z ciecierzycy ze śliwką, prażony słonecznik, chleb razowy, ogórek kiszony;443.66;10.48;21.11;52.67;10.35;12.34;1.65;1.45;na zimno;2026-09-29T13:53:32.978Z
2026-10-09;Wybór menu / BASIC;614;2000;Dieta Active Pro;Śniadanie;448;Naleśnik z indykiem i mozzarellą, dip musztardowy, pomidorki koktajlowe;555.15;27.42;27.07;48.46;3;14.18;1.48;7.1;na ciepło;2026-09-29T13:53:32.978Z
2026-10-09;Wybór menu / BASIC;614;2000;Dieta Light;Śniadanie;475;Pancakes brzoskwiniowe, twarożek waniliowy, sos porzeczkowy;469.95;22.13;16.52;57.25;3.32;28.05;0.52;4.29;ciepło/zimno;2026-09-29T13:53:32.978Z
2026-10-09;Wybór menu / BASIC;614;2000;BASIC;II śniadanie;454;Croissant z pastą jajeczną ze szczypiorem, pomidorki;387.29;16.46;24.8;24.38;0.91;2.47;0.59;12.11;na zimno;2026-09-29T13:53:32.978Z
2026-10-09;Wybór menu / BASIC;614;2000;Dieta Active Pro;II śniadanie;449;Porzeczkowy shake proteinowy;216.38;16.43;4.39;26.4;4.69;20.16;0.25;2.91;na zimno;2026-09-29T13:53:32.978Z
2026-10-09;Wybór menu / BASIC;614;2000;Dieta Light;II śniadanie;476;Owsianka z truskawkami i granolą owocową, kiwi;409.25;9.65;9.74;69.21;6.12;27.78;0.27;2.54;ciepło/zimno;2026-09-29T13:53:32.978Z
2026-10-09;Wybór menu / BASIC;614;2000;BASIC;Obiad;455;Mintaj w panierce, cząstki ziemniaczane, dip remoulade, surówka z kapusty z kukurydzą;454.54;27.08;18.55;44.22;5.79;5.22;1.62;1.9;na ciepło;2026-09-29T13:53:32.978Z
2026-10-09;Wybór menu / BASIC;614;2000;Dieta Active Pro;Obiad;450;Pulpety drobiowe w sosie pomidorowym, kuskus perłowy, marchewka baby z koperkiem;541.96;34.81;23.28;46.92;7.87;6.39;0.91;3.8;na ciepło;2026-09-29T13:53:32.978Z
2026-10-09;Wybór menu / BASIC;614;2000;Dieta Light;Obiad;477;Zielone curry z indykiem, ryż z marchewką, brokuł, sezam;489.04;35.43;22.07;36.8;6.97;2.92;0.59;6.48;na ciepło;2026-09-29T13:53:32.978Z
2026-10-09;Wybór menu / BASIC;614;2000;BASIC;Podwieczorek;183;Klasyczny makowiec japoński;279.32;6.94;16.88;24.89;4.54;21.2;0.49;6.49;na zimno;2026-09-29T13:53:32.978Z
2026-10-09;Wybór menu / BASIC;614;2000;Dieta Active Pro;Podwieczorek;451;Proteinowy krem kokosowy;275.59;25.35;14.31;11.86;1.4;7.87;0.28;8.4;na zimno;2026-09-29T13:53:32.978Z
2026-10-09;Wybór menu / BASIC;614;2000;Dieta Light;Podwieczorek;478;Ciasto waniliowo truskawkowe;234.36;6.02;14.24;23.3;0.96;9.87;0.18;6.12;na zimno;2026-09-29T13:53:32.978Z
2026-10-09;Wybór menu / BASIC;614;2000;BASIC;Kolacja;486;Wrap z gyrosem z kurczaka z dipem czosnkowym;477.71;17.69;21.21;53.9;3.55;11.08;2.27;3.28;na ciepło;2026-09-29T13:53:32.978Z
2026-10-09;Wybór menu / BASIC;614;2000;Dieta Active Pro;Kolacja;452;Kluski leniwe z konfiturą truskawkową, proteinowym sosem jogurtowo-bananowym i krajanką;453.65;28.48;10.63;59.83;2.36;24.11;1.91;3.14;na ciepło;2026-09-29T13:53:32.978Z
2026-10-09;Wybór menu / BASIC;614;2000;Dieta Light;Kolacja;479;Sałatka z kurczakiem, batatem, gillowaną papryką, pomidorkami i sosem winegret ziołowym;337.53;21.3;18.04;22.32;3.41;9.87;0.41;1.7;na zimno;2026-09-29T13:53:32.978Z
2026-10-09;Wybór menu / COMFORT;614;2000;COMFORT;Śniadanie;453;Smalczyk z ciecierzycy ze śliwką, prażony słonecznik, chleb razowy, ogórek kiszony;443.66;10.48;21.11;52.67;10.35;12.34;1.65;1.45;na zimno;2026-09-29T13:53:32.978Z
2026-10-09;Wybór menu / COMFORT;614;2000;Dieta Active Pro;Śniadanie;448;Naleśnik z indykiem i mozzarellą, dip musztardowy, pomidorki koktajlowe;555.15;27.42;27.07;48.46;3;14.18;1.48;7.1;na ciepło;2026-09-29T13:53:32.978Z
2026-10-09;Wybór menu / COMFORT;614;2000;Dieta Fish Low Carb & IG;Śniadanie;456;Jaja na twardo w sosie tatarskim, chleb żytni, ogórek;353.39;19.2;15.65;33.72;5.84;5.45;1.55;3.91;na zimno;2026-09-29T13:53:32.978Z
2026-10-09;Wybór menu / COMFORT;614;2000;Dieta Light;Śniadanie;475;Pancakes brzoskwiniowe, twarożek waniliowy, sos porzeczkowy;469.95;22.13;16.52;57.25;3.32;28.05;0.52;4.29;ciepło/zimno;2026-09-29T13:53:32.978Z
2026-10-09;Wybór menu / COMFORT;614;2000;Dieta Low Carb & IG;Śniadanie;480;Kanapka gyros z kurczakiem, bułka graham, warzywa, łagodny sos ziołowy;394.58;31.74;16.15;29.65;3.3;5.37;1.19;2.21;na zimno;2026-09-29T13:53:32.978Z
2026-10-09;Wybór menu / COMFORT;614;2000;COMFORT;II śniadanie;454;Croissant z pastą jajeczną ze szczypiorem, pomidorki;387.29;16.46;24.8;24.38;0.91;2.47;0.59;12.11;na zimno;2026-09-29T13:53:32.978Z
2026-10-09;Wybór menu / COMFORT;614;2000;Dieta Active Pro;II śniadanie;449;Porzeczkowy shake proteinowy;216.38;16.43;4.39;26.4;4.69;20.16;0.25;2.91;na zimno;2026-09-29T13:53:32.978Z
2026-10-09;Wybór menu / COMFORT;614;2000;Dieta Fish Low Carb & IG;II śniadanie;457;Krem paprykowy z pieczonym łososiem i bazylią;310.37;18.85;21.3;10.85;2.74;3.74;0.58;6.83;na ciepło;2026-09-29T13:53:32.978Z
2026-10-09;Wybór menu / COMFORT;614;2000;Dieta Light;II śniadanie;476;Owsianka z truskawkami i granolą owocową, kiwi;409.25;9.65;9.74;69.21;6.12;27.78;0.27;2.54;ciepło/zimno;2026-09-29T13:53:32.978Z
2026-10-09;Wybór menu / COMFORT;614;2000;Dieta Low Carb & IG;II śniadanie;481;Twarożek wiśniowo-porzeczkowy z płatkami migdałów;232.38;13.7;13.79;18.5;1.2;5.39;0.14;7.79;na zimno;2026-09-29T13:53:32.978Z
2026-10-09;Wybór menu / COMFORT;614;2000;COMFORT;Obiad;455;Mintaj w panierce, cząstki ziemniaczane, dip remoulade, surówka z kapusty z kukurydzą;454.54;27.08;18.55;44.22;5.79;5.22;1.62;1.9;na ciepło;2026-09-29T13:53:32.978Z
2026-10-09;Wybór menu / COMFORT;614;2000;Dieta Active Pro;Obiad;450;Pulpety drobiowe w sosie pomidorowym, kuskus perłowy, marchewka baby z koperkiem;541.96;34.81;23.28;46.92;7.87;6.39;0.91;3.8;na ciepło;2026-09-29T13:53:32.978Z
2026-10-09;Wybór menu / COMFORT;614;2000;Dieta Fish Low Carb & IG;Obiad;458;Medaliony z kalafiora z serem i szpinakiem, sos ziołowy, pieczony batat, surówka wiosenna;536.48;19.77;32.61;38.02;17.64;11.47;1.86;13.57;na ciepło;2026-09-29T13:53:32.978Z
2026-10-09;Wybór menu / COMFORT;614;2000;Dieta Light;Obiad;477;Zielone curry z indykiem, ryż z marchewką, brokuł, sezam;489.04;35.43;22.07;36.8;6.97;2.92;0.59;6.48;na ciepło;2026-09-29T13:53:32.978Z
2026-10-09;Wybór menu / COMFORT;614;2000;Dieta Low Carb & IG;Obiad;482;Pełnoziarniste spaghetti bolognese z mięsem wieprzowym, oliwkami i serem włoskim;659.93;32.46;36.57;41.6;8.89;2.84;0.91;12.11;na ciepło;2026-09-29T13:53:32.978Z
2026-10-09;Wybór menu / COMFORT;614;2000;COMFORT;Podwieczorek;183;Klasyczny makowiec japoński;279.32;6.94;16.88;24.89;4.54;21.2;0.49;6.49;na zimno;2026-09-29T13:53:32.978Z
2026-10-09;Wybór menu / COMFORT;614;2000;Dieta Active Pro;Podwieczorek;451;Proteinowy krem kokosowy;275.59;25.35;14.31;11.86;1.4;7.87;0.28;8.4;na zimno;2026-09-29T13:53:32.978Z
2026-10-09;Wybór menu / COMFORT;614;2000;Dieta Fish Low Carb & IG;Podwieczorek;459;Sernik słony karmel;435.62;18.78;29.95;26.19;2.45;15.65;0.66;14.84;na zimno;2026-09-29T13:53:32.978Z
2026-10-09;Wybór menu / COMFORT;614;2000;Dieta Light;Podwieczorek;478;Ciasto waniliowo truskawkowe;234.36;6.02;14.24;23.3;0.96;9.87;0.18;6.12;na zimno;2026-09-29T13:53:32.978Z
2026-10-09;Wybór menu / COMFORT;614;2000;Dieta Low Carb & IG;Podwieczorek;483;Smalczyk z ciecierzycy z śliwką, chleb czystoziarnisty, kalarepa;293.15;11.02;17.65;19.87;8.47;2.61;0.37;2.09;na zimno;2026-09-29T13:53:32.978Z
2026-10-09;Wybór menu / COMFORT;614;2000;COMFORT;Kolacja;486;Wrap z gyrosem z kurczaka z dipem czosnkowym;477.71;17.69;21.21;53.9;3.55;11.08;2.27;3.28;na ciepło;2026-09-29T13:53:32.978Z
2026-10-09;Wybór menu / COMFORT;614;2000;Dieta Active Pro;Kolacja;452;Kluski leniwe z konfiturą truskawkową, proteinowym sosem jogurtowo-bananowym i krajanką;453.65;28.48;10.63;59.83;2.36;24.11;1.91;3.14;na ciepło;2026-09-29T13:53:32.978Z
2026-10-09;Wybór menu / COMFORT;614;2000;Dieta Fish Low Carb & IG;Kolacja;460;Sałatka z komosą ryżową, krewetkami, pomidorkami, ogórkiem i orzechami nerkowca, dip mango z chili;386.82;23.22;20.18;28;3.67;6.82;2.59;2.46;na zimno;2026-09-29T13:53:32.978Z
2026-10-09;Wybór menu / COMFORT;614;2000;Dieta Light;Kolacja;479;Sałatka z kurczakiem, batatem, gillowaną papryką, pomidorkami i sosem winegret ziołowym;337.53;21.3;18.04;22.32;3.41;9.87;0.41;1.7;na zimno;2026-09-29T13:53:32.978Z
2026-10-09;Wybór menu / COMFORT;614;2000;Dieta Low Carb & IG;Kolacja;484;Placuszki ryżowe z chorizo i szpinakiem, sos szczypiorkowy, pomidorki;470.82;22.34;31.69;24.04;2.16;5.23;1.44;13.09;ciepło/zimno;2026-09-29T13:53:32.978Z
2026-10-09;Wybór menu / KETO FUSION;614;2000;Dieta Ketogeniczna;Śniadanie;471;Naleśnik kokosowy z twarożkiem pomarańczowym z mascarpone, sos truskawkowy, płatki migdałów;626.8;26.29;53.45;10.24;2.94;8.49;0.73;23.49;ciepło/zimno;2026-09-29T13:53:32.978Z
2026-10-09;Wybór menu / KETO FUSION;614;2000;Dieta Śródziemnomorska Keto;Śniadanie;491;Pasta jajeczna z polędwicą wieprzową i szczypiorkiem, chleb keto, papryka;476.22;22.51;39.03;7.42;4.56;1.87;1.6;5;na zimno;2026-09-29T13:53:32.978Z
2026-10-09;Wybór menu / KETO FUSION;614;2000;Dieta Ketogeniczna;Obiad;472;Makaron konjac w sosie szpinakowym z pieczonym łososiem, prażone pestki dyni;586.21;33.56;46.79;6.94;4.48;3.69;2.03;19.17;na ciepło;2026-09-29T13:53:32.978Z
2026-10-09;Wybór menu / KETO FUSION;614;2000;Dieta Śródziemnomorska Keto;Obiad;492;Burger drobiowy z bekonem, serem cheddar, warzywami i sosem aioli;808.93;53.13;56.96;13.95;14.68;4.04;1.9;18.06;na ciepło;2026-09-29T13:53:32.978Z
2026-10-09;Wybór menu / KETO FUSION;614;2000;Dieta Ketogeniczna;Podwieczorek;473;Sałatka z boczkiem, serem bałkańskim i warzywami, dip koperkowy;500.89;11.8;47.05;7.69;0.89;5.47;2.31;15.13;na zimno;2026-09-29T13:53:32.978Z
2026-10-09;Wybór menu / KETO FUSION;614;2000;Dieta Śródziemnomorska Keto;Podwieczorek;493;Keto leśny mech z wiśniami;277.26;6.21;26;4.69;2.07;3.91;0.32;8.89;na zimno;2026-09-29T13:53:32.978Z
2026-10-09;Wybór menu / KETO FUSION;614;2000;Dieta Ketogeniczna;Kolacja;474;Keto pizza z grillowanym kurczakiem, brokułem, pieczarkami, cebulą i sosem czosnkowym;415.74;21.69;32.4;9.25;5.32;5.26;1.02;10.56;na ciepło;2026-09-29T13:53:32.978Z
2026-10-09;Wybór menu / KETO FUSION;614;2000;Dieta Śródziemnomorska Keto;Kolacja;494;Sałatka z brokułem, jajkiem, serem bałkańskim, pomidorkami i prażonymi pestkami dyni, dip majonezowy z awokado;548.44;19.52;47.91;9.9;2.93;4.44;2.18;8.72;na zimno;2026-09-29T13:53:32.978Z
2026-10-09;Wybór menu / LADIES VIBES;614;2000;BASIC;Śniadanie;453;Smalczyk z ciecierzycy ze śliwką, prażony słonecznik, chleb razowy, ogórek kiszony;443.66;10.48;21.11;52.67;10.35;12.34;1.65;1.45;na zimno;2026-09-29T13:53:32.978Z
2026-10-09;Wybór menu / LADIES VIBES;614;2000;Dieta Active Pro;Śniadanie;448;Naleśnik z indykiem i mozzarellą, dip musztardowy, pomidorki koktajlowe;555.15;27.42;27.07;48.46;3;14.18;1.48;7.1;na ciepło;2026-09-29T13:53:32.978Z
2026-10-09;Wybór menu / LADIES VIBES;614;2000;Dieta Light;Śniadanie;475;Pancakes brzoskwiniowe, twarożek waniliowy, sos porzeczkowy;469.95;22.13;16.52;57.25;3.32;28.05;0.52;4.29;ciepło/zimno;2026-09-29T13:53:32.978Z
2026-10-09;Wybór menu / LADIES VIBES;614;2000;BASIC;II śniadanie;454;Croissant z pastą jajeczną ze szczypiorem, pomidorki;387.29;16.46;24.8;24.38;0.91;2.47;0.59;12.11;na zimno;2026-09-29T13:53:32.978Z
2026-10-09;Wybór menu / LADIES VIBES;614;2000;Dieta Active Pro;II śniadanie;449;Porzeczkowy shake proteinowy;216.38;16.43;4.39;26.4;4.69;20.16;0.25;2.91;na zimno;2026-09-29T13:53:32.978Z
2026-10-09;Wybór menu / LADIES VIBES;614;2000;Dieta Light;II śniadanie;476;Owsianka z truskawkami i granolą owocową, kiwi;409.25;9.65;9.74;69.21;6.12;27.78;0.27;2.54;ciepło/zimno;2026-09-29T13:53:32.978Z
2026-10-09;Wybór menu / LADIES VIBES;614;2000;BASIC;Obiad;455;Mintaj w panierce, cząstki ziemniaczane, dip remoulade, surówka z kapusty z kukurydzą;454.54;27.08;18.55;44.22;5.79;5.22;1.62;1.9;na ciepło;2026-09-29T13:53:32.978Z
2026-10-09;Wybór menu / LADIES VIBES;614;2000;Dieta Active Pro;Obiad;450;Pulpety drobiowe w sosie pomidorowym, kuskus perłowy, marchewka baby z koperkiem;541.96;34.81;23.28;46.92;7.87;6.39;0.91;3.8;na ciepło;2026-09-29T13:53:32.978Z
2026-10-09;Wybór menu / LADIES VIBES;614;2000;Dieta Light;Obiad;477;Zielone curry z indykiem, ryż z marchewką, brokuł, sezam;489.04;35.43;22.07;36.8;6.97;2.92;0.59;6.48;na ciepło;2026-09-29T13:53:32.978Z
2026-10-09;Wybór menu / LADIES VIBES;614;2000;BASIC;Podwieczorek;183;Klasyczny makowiec japoński;279.32;6.94;16.88;24.89;4.54;21.2;0.49;6.49;na zimno;2026-09-29T13:53:32.978Z
2026-10-09;Wybór menu / LADIES VIBES;614;2000;Dieta Active Pro;Podwieczorek;451;Proteinowy krem kokosowy;275.59;25.35;14.31;11.86;1.4;7.87;0.28;8.4;na zimno;2026-09-29T13:53:32.978Z
2026-10-09;Wybór menu / LADIES VIBES;614;2000;Dieta Light;Podwieczorek;478;Ciasto waniliowo truskawkowe;234.36;6.02;14.24;23.3;0.96;9.87;0.18;6.12;na zimno;2026-09-29T13:53:32.978Z
2026-10-09;Wybór menu / LADIES VIBES;614;2000;BASIC;Kolacja;486;Wrap z gyrosem z kurczaka z dipem czosnkowym;477.71;17.69;21.21;53.9;3.55;11.08;2.27;3.28;na ciepło;2026-09-29T13:53:32.978Z
2026-10-09;Wybór menu / LADIES VIBES;614;2000;Dieta Active Pro;Kolacja;452;Kluski leniwe z konfiturą truskawkową, proteinowym sosem jogurtowo-bananowym i krajanką;453.65;28.48;10.63;59.83;2.36;24.11;1.91;3.14;na ciepło;2026-09-29T13:53:32.978Z
2026-10-09;Wybór menu / LADIES VIBES;614;2000;Dieta Light;Kolacja;479;Sałatka z kurczakiem, batatem, gillowaną papryką, pomidorkami i sosem winegret ziołowym;337.53;21.3;18.04;22.32;3.41;9.87;0.41;1.7;na zimno;2026-09-29T13:53:32.978Z
2026-10-09;Wybór menu / SUPREME;614;2000;Dieta Active Pro;Śniadanie;448;Naleśnik z indykiem i mozzarellą, dip musztardowy, pomidorki koktajlowe;555.15;27.42;27.07;48.46;3;14.18;1.48;7.1;na ciepło;2026-09-29T13:53:32.978Z
2026-10-09;Wybór menu / SUPREME;614;2000;Dieta Fish Low Carb & IG;Śniadanie;456;Jaja na twardo w sosie tatarskim, chleb żytni, ogórek;353.39;19.2;15.65;33.72;5.84;5.45;1.55;3.91;na zimno;2026-09-29T13:53:32.978Z
2026-10-09;Wybór menu / SUPREME;614;2000;Dieta Kuchnie Świata;Śniadanie;495;Kanapka z pieczonym kurczakiem, twarożkiem szczypiorkowym, bułka musli, papryka;435.44;45.56;12.05;35.37;3;5.38;1.13;3.35;na zimno;2026-09-29T13:53:32.978Z
2026-10-09;Wybór menu / SUPREME;614;2000;Dieta Light;Śniadanie;475;Pancakes brzoskwiniowe, twarożek waniliowy, sos porzeczkowy;469.95;22.13;16.52;57.25;3.32;28.05;0.52;4.29;ciepło/zimno;2026-09-29T13:53:32.978Z
2026-10-09;Wybór menu / SUPREME;614;2000;Dieta Low Carb & IG;Śniadanie;480;Kanapka gyros z kurczakiem, bułka graham, warzywa, łagodny sos ziołowy;394.58;31.74;16.15;29.65;3.3;5.37;1.19;2.21;na zimno;2026-09-29T13:53:32.978Z
2026-10-09;Wybór menu / SUPREME;614;2000;Dieta Top Taste;Śniadanie;50;Kanapka z pastą jajeczną z serem cheddar i szczypiorkiem, pomidorki;362.72;19.14;17.85;30.54;2.5;2.93;1.42;3.85;na zimno;2026-09-29T13:53:32.978Z
2026-10-09;Wybór menu / SUPREME;614;2000;Dieta Śródziemnomorska;Śniadanie;487;Kiełbaska drobiowo-serowa z chili, hummus klasyczny, bułeczka proteinowa, szpinak, pomidorki;425.02;37.58;21.55;16.06;11.33;5.13;1.57;3.05;ciepło/zimno;2026-09-29T13:53:32.978Z
2026-10-09;Wybór menu / SUPREME;614;2000;SUPREME;Śniadanie;453;Smalczyk z ciecierzycy ze śliwką, prażony słonecznik, chleb razowy, ogórek kiszony;443.66;10.48;21.11;52.67;10.35;12.34;1.65;1.45;na zimno;2026-09-29T13:53:32.978Z
2026-10-09;Wybór menu / SUPREME;614;2000;Dieta Active Pro;II śniadanie;449;Porzeczkowy shake proteinowy;216.38;16.43;4.39;26.4;4.69;20.16;0.25;2.91;na zimno;2026-09-29T13:53:32.978Z
2026-10-09;Wybór menu / SUPREME;614;2000;Dieta Fish Low Carb & IG;II śniadanie;457;Krem paprykowy z pieczonym łososiem i bazylią;310.37;18.85;21.3;10.85;2.74;3.74;0.58;6.83;na ciepło;2026-09-29T13:53:32.978Z
2026-10-09;Wybór menu / SUPREME;614;2000;Dieta Kuchnie Świata;II śniadanie;496;Pasztet z indykiem i śliwkami, dip czosnkowy, chleb orkiszowy, ogórek;385.81;19.47;19.82;31.55;1.08;6.35;0.52;5.81;na zimno;2026-09-29T13:53:32.978Z
2026-10-09;Wybór menu / SUPREME;614;2000;Dieta Light;II śniadanie;476;Owsianka z truskawkami i granolą owocową, kiwi;409.25;9.65;9.74;69.21;6.12;27.78;0.27;2.54;ciepło/zimno;2026-09-29T13:53:32.978Z
2026-10-09;Wybór menu / SUPREME;614;2000;Dieta Low Carb & IG;II śniadanie;481;Twarożek wiśniowo-porzeczkowy z płatkami migdałów;232.38;13.7;13.79;18.5;1.2;5.39;0.14;7.79;na zimno;2026-09-29T13:53:32.978Z
2026-10-09;Wybór menu / SUPREME;614;2000;Dieta Top Taste;II śniadanie;52;Naleśnik z twarożkiem słony karmel, świeży ananas;358.86;19.76;9.02;49.87;1.68;30.17;0.32;2.03;ciepło/zimno;2026-09-29T13:53:32.978Z
2026-10-09;Wybór menu / SUPREME;614;2000;Dieta Śródziemnomorska;II śniadanie;488;Zupa szczawiowa z jajkiem na twardo;291.77;15.37;21.06;10.06;3.56;3.02;1.35;9.41;na ciepło;2026-09-29T13:53:32.978Z
2026-10-09;Wybór menu / SUPREME;614;2000;SUPREME;II śniadanie;454;Croissant z pastą jajeczną ze szczypiorem, pomidorki;387.29;16.46;24.8;24.38;0.91;2.47;0.59;12.11;na zimno;2026-09-29T13:53:32.978Z
2026-10-09;Wybór menu / SUPREME;614;2000;Dieta Active Pro;Obiad;450;Pulpety drobiowe w sosie pomidorowym, kuskus perłowy, marchewka baby z koperkiem;541.96;34.81;23.28;46.92;7.87;6.39;0.91;3.8;na ciepło;2026-09-29T13:53:32.978Z
2026-10-09;Wybór menu / SUPREME;614;2000;Dieta Fish Low Carb & IG;Obiad;458;Medaliony z kalafiora z serem i szpinakiem, sos ziołowy, pieczony batat, surówka wiosenna;536.48;19.77;32.61;38.02;17.64;11.47;1.86;13.57;na ciepło;2026-09-29T13:53:32.978Z
2026-10-09;Wybór menu / SUPREME;614;2000;Dieta Kuchnie Świata;Obiad;497;Filet z indyka w sosie myśliwskim, kasza bulgur, surówka z czerwonej kapusty;448.37;39.96;14.57;39.35;12.48;6.24;1.01;1.32;na ciepło;2026-09-29T13:53:32.978Z
2026-10-09;Wybór menu / SUPREME;614;2000;Dieta Light;Obiad;477;Zielone curry z indykiem, ryż z marchewką, brokuł, sezam;489.04;35.43;22.07;36.8;6.97;2.92;0.59;6.48;na ciepło;2026-09-29T13:53:32.978Z
2026-10-09;Wybór menu / SUPREME;614;2000;Dieta Low Carb & IG;Obiad;482;Pełnoziarniste spaghetti bolognese z mięsem wieprzowym, oliwkami i serem włoskim;659.93;32.46;36.57;41.6;8.89;2.84;0.91;12.11;na ciepło;2026-09-29T13:53:32.978Z
2026-10-09;Wybór menu / SUPREME;614;2000;Dieta Top Taste;Obiad;54;Kotlet schabowy, puree ziemniaczane, kiszona kapusta z jabłkiem;500.76;36.21;15.48;53.86;5.36;7.03;1.33;4.85;na ciepło;2026-09-29T13:53:32.978Z
2026-10-09;Wybór menu / SUPREME;614;2000;Dieta Śródziemnomorska;Obiad;489;Chili con carne, ryż basmati, guacamole;568.52;26.59;19.82;70.33;5.76;6.71;1.42;2.57;na ciepło;2026-09-29T13:53:32.978Z
2026-10-09;Wybór menu / SUPREME;614;2000;SUPREME;Obiad;455;Mintaj w panierce, cząstki ziemniaczane, dip remoulade, surówka z kapusty z kukurydzą;454.54;27.08;18.55;44.22;5.79;5.22;1.62;1.9;na ciepło;2026-09-29T13:53:32.978Z
2026-10-09;Wybór menu / SUPREME;614;2000;Dieta Active Pro;Podwieczorek;451;Proteinowy krem kokosowy;275.59;25.35;14.31;11.86;1.4;7.87;0.28;8.4;na zimno;2026-09-29T13:53:32.978Z
2026-10-09;Wybór menu / SUPREME;614;2000;Dieta Fish Low Carb & IG;Podwieczorek;459;Sernik słony karmel;435.62;18.78;29.95;26.19;2.45;15.65;0.66;14.84;na zimno;2026-09-29T13:53:32.978Z
2026-10-09;Wybór menu / SUPREME;614;2000;Dieta Kuchnie Świata;Podwieczorek;498;Brownie;351.27;4.85;16.07;46.05;1.63;34.58;0.4;1.98;na zimno;2026-09-29T13:53:32.978Z
2026-10-09;Wybór menu / SUPREME;614;2000;Dieta Light;Podwieczorek;478;Ciasto waniliowo truskawkowe;234.36;6.02;14.24;23.3;0.96;9.87;0.18;6.12;na zimno;2026-09-29T13:53:32.978Z
2026-10-09;Wybór menu / SUPREME;614;2000;Dieta Low Carb & IG;Podwieczorek;483;Smalczyk z ciecierzycy z śliwką, chleb czystoziarnisty, kalarepa;293.15;11.02;17.65;19.87;8.47;2.61;0.37;2.09;na zimno;2026-09-29T13:53:32.978Z
2026-10-09;Wybór menu / SUPREME;614;2000;Dieta Top Taste;Podwieczorek;56;Czekoladowe ciasto z gruszką;290.76;4.76;15.77;31.45;1.8;19.03;0.72;2.5;na zimno;2026-09-29T13:53:32.978Z
2026-10-09;Wybór menu / SUPREME;614;2000;Dieta Śródziemnomorska;Podwieczorek;490;Tarta pomarańczowa z mąką orkiszową i erytrytolem;240.38;17.5;9.91;23.37;1.7;4.04;0.32;5.05;na zimno;2026-09-29T13:53:32.978Z
2026-10-09;Wybór menu / SUPREME;614;2000;SUPREME;Podwieczorek;183;Klasyczny makowiec japoński;279.32;6.94;16.88;24.89;4.54;21.2;0.49;6.49;na zimno;2026-09-29T13:53:32.978Z
2026-10-09;Wybór menu / SUPREME;614;2000;Dieta Active Pro;Kolacja;452;Kluski leniwe z konfiturą truskawkową, proteinowym sosem jogurtowo-bananowym i krajanką;453.65;28.48;10.63;59.83;2.36;24.11;1.91;3.14;na ciepło;2026-09-29T13:53:32.978Z
2026-10-09;Wybór menu / SUPREME;614;2000;Dieta Fish Low Carb & IG;Kolacja;460;Sałatka z komosą ryżową, krewetkami, pomidorkami, ogórkiem i orzechami nerkowca, dip mango z chili;386.82;23.22;20.18;28;3.67;6.82;2.59;2.46;na zimno;2026-09-29T13:53:32.978Z
2026-10-09;Wybór menu / SUPREME;614;2000;Dieta Kuchnie Świata;Kolacja;499;Muffinki brokułowe z serem, dip paprykowy, grillowane pieczarki z tymiankiem;406.79;23.33;26.49;17.15;4.36;3.84;1.91;12.2;na zimno;2026-09-29T13:53:32.978Z
2026-10-09;Wybór menu / SUPREME;614;2000;Dieta Light;Kolacja;479;Sałatka z kurczakiem, batatem, gillowaną papryką, pomidorkami i sosem winegret ziołowym;337.53;21.3;18.04;22.32;3.41;9.87;0.41;1.7;na zimno;2026-09-29T13:53:32.978Z
2026-10-09;Wybór menu / SUPREME;614;2000;Dieta Low Carb & IG;Kolacja;484;Placuszki ryżowe z chorizo i szpinakiem, sos szczypiorkowy, pomidorki;470.82;22.34;31.69;24.04;2.16;5.23;1.44;13.09;ciepło/zimno;2026-09-29T13:53:32.978Z
2026-10-09;Wybór menu / SUPREME;614;2000;Dieta Top Taste;Kolacja;500;Pierogi z mięsem drobiowym, colesław, szczypiorek;494.54;25.45;21.83;48.24;4.94;3.19;0.85;2.55;na ciepło;2026-09-29T13:53:32.978Z
2026-10-09;Wybór menu / SUPREME;614;2000;Dieta Śródziemnomorska;Kolacja;485;Pizzerinka warzywna, dip bazyliowy, papryka;454.25;15.78;28.91;32.84;4.26;3.83;0.77;6.13;na ciepło;2026-09-29T13:53:32.978Z
2026-10-09;Wybór menu / SUPREME;614;2000;SUPREME;Kolacja;486;Wrap z gyrosem z kurczaka z dipem czosnkowym;477.71;17.69;21.21;53.9;3.55;11.08;2.27;3.28;na ciepło;2026-09-29T13:53:32.978Z
2026-10-09;Wybór menu / TYPES OF VEGE;614;2000;Dieta Fish Low Carb & IG;Śniadanie;456;Jaja na twardo w sosie tatarskim, chleb żytni, ogórek;353.39;19.2;15.65;33.72;5.84;5.45;1.55;3.91;na zimno;2026-09-29T13:53:32.978Z
2026-10-09;Wybór menu / TYPES OF VEGE;614;2000;Dieta Wegańska;Śniadanie;501;Czekoladowy gofr z twarożkiem waniliowym, konfitura wiśniowa, orzechy laskowe;427.46;6.36;27.08;39.08;2.76;14.93;0.75;13.88;ciepło/zimno;2026-09-29T13:53:32.978Z
2026-10-09;Wybór menu / TYPES OF VEGE;614;2000;Dieta Wegetariańska;Śniadanie;502;Naleśniki z proteinowym twarożkiem waniliowym z jagodami goji, kiwi, orzechy włoskie;393.13;24.18;15.34;38.91;2.78;12.67;0.27;1.96;ciepło/zimno;2026-09-29T13:53:32.978Z
2026-10-09;Wybór menu / TYPES OF VEGE;614;2000;Dieta Fish Low Carb & IG;II śniadanie;457;Krem paprykowy z pieczonym łososiem i bazylią;310.37;18.85;21.3;10.85;2.74;3.74;0.58;6.83;na ciepło;2026-09-29T13:53:32.978Z
2026-10-09;Wybór menu / TYPES OF VEGE;614;2000;Dieta Wegańska;II śniadanie;503;Sałatka z burakiem, ciecierzycą, ogórkiem i słonecznikiem, winegret malinowy;254.94;7.11;15.51;21.56;4.36;9.37;0.7;1.13;na zimno;2026-09-29T13:53:32.978Z
2026-10-09;Wybór menu / TYPES OF VEGE;614;2000;Dieta Wegetariańska;II śniadanie;454;Croissant z pastą jajeczną ze szczypiorem, pomidorki;348.43;12.46;22.43;24.06;0.84;2.31;0.46;11.41;na zimno;2026-09-29T13:53:32.978Z
2026-10-09;Wybór menu / TYPES OF VEGE;614;2000;Dieta Fish Low Carb & IG;Obiad;458;Medaliony z kalafiora z serem i szpinakiem, sos ziołowy, pieczony batat, surówka wiosenna;536.48;19.77;32.61;38.02;17.64;11.47;1.86;13.57;na ciepło;2026-09-29T13:53:32.978Z
2026-10-09;Wybór menu / TYPES OF VEGE;614;2000;Dieta Wegańska;Obiad;504;Pierogi z soczewicą i suszonymi pomidorami, okrasa z cebulką i kaszą gryczaną, colesław;496.75;11.78;19.92;64.4;8.33;5.52;0.92;1.59;na ciepło;2026-09-29T13:53:32.978Z
2026-10-09;Wybór menu / TYPES OF VEGE;614;2000;Dieta Wegetariańska;Obiad;505;Kotlet z kaszy gryczanej i twarogu w sosie śmietanowo-chrzanowym, talarki ziemniaczane, surówka z kalarepy z rzodkiewką;566.19;22.02;29.18;52.04;10.72;7.6;1.34;10.68;na ciepło;2026-09-29T13:53:32.978Z
2026-10-09;Wybór menu / TYPES OF VEGE;614;2000;Dieta Fish Low Carb & IG;Podwieczorek;459;Sernik słony karmel;435.62;18.78;29.95;26.19;2.45;15.65;0.66;14.84;na zimno;2026-09-29T13:53:32.978Z
2026-10-09;Wybór menu / TYPES OF VEGE;614;2000;Dieta Wegańska;Podwieczorek;506;Czekoladowy nerkownik;388.23;6.89;28.61;25.62;2.79;15.41;0.07;9.19;na zimno;2026-09-29T13:53:32.978Z
2026-10-09;Wybór menu / TYPES OF VEGE;614;2000;Dieta Wegetariańska;Podwieczorek;507;Brzoskwiniowe chia;237.85;20.81;6.65;29.26;3.66;11.25;0.23;3.02;na zimno;2026-09-29T13:53:32.978Z
2026-10-09;Wybór menu / TYPES OF VEGE;614;2000;Dieta Fish Low Carb & IG;Kolacja;460;Sałatka z komosą ryżową, krewetkami, pomidorkami, ogórkiem i orzechami nerkowca, dip mango z chili;386.82;23.22;20.18;28;3.67;6.82;2.59;2.46;na zimno;2026-09-29T13:53:32.978Z
2026-10-09;Wybór menu / TYPES OF VEGE;614;2000;Dieta Wegańska;Kolacja;508;Ragout z kąskami sojowymi, fasolą, suszonymi pomidorami i nerkowcami, talarki ziemniaczane;425.5;17.09;15.26;53.64;8.5;12.14;2.12;2.95;na ciepło;2026-09-29T13:53:32.978Z
2026-10-09;Wybór menu / TYPES OF VEGE;614;2000;Dieta Wegetariańska;Kolacja;485;Pizzerinka warzywna, dip bazyliowy, papryka;418.77;15.65;24.72;33.42;4.26;3.94;0.79;5.78;na ciepło;2026-09-29T13:53:32.978Z
2026-10-10;Dieta Active Pro;586;1200;Dieta Active Pro;Śniadanie;509;Bułeczka z dynią i słonecznikiem, pieczony indyk, smarowidło truflowe, papryka;285;17.4;13.27;24.07;0.71;2.05;0.78;4.33;na zimno;2026-09-29T13:53:32.978Z
2026-10-10;Dieta Active Pro;586;1200;Dieta Active Pro;II śniadanie;510;Zupa krem z soczewicy i pieczonej papryki z harissą, grzanka czosnkowo-serowa;320;17.53;8.55;40.37;6.15;7.08;2.64;2.25;na ciepło;2026-09-29T13:53:32.978Z
2026-10-10;Dieta Active Pro;586;1200;Dieta Active Pro;Obiad;511;Farfalle w sosie śmietanowo-serowym z kurczakiem, cukinią i pieczarkami;345;28.47;12.53;29.55;0.93;1.27;0.48;3.42;na ciepło;2026-09-29T13:53:32.978Z
2026-10-10;Dieta Active Pro;586;1200;Dieta Active Pro;Podwieczorek;512;Ciasto egzotyczne na zimno;115;12.18;2.43;10.85;0.31;7.91;0.12;1.52;na zimno;2026-09-29T13:53:32.978Z
2026-10-10;Dieta Active Pro;586;1200;Dieta Active Pro;Kolacja;513;Sałatka z edamame, czerwoną cebulą, papryką, mozzarellą i pomidorkami, dip czosnkowy;195;13.72;11.27;10.47;2.79;3.92;0.48;3.87;na zimno;2026-09-29T13:53:32.978Z
2026-10-10;Dieta Ekonomiczna;587;1200;Dieta Ekonomiczna;Śniadanie;514;Pancakes prowansalskie, twarożek szczypiorkowy, ogórek;527;27.41;27.52;41.21;1.76;7.4;1.52;5.56;ciepło/zimno;2026-09-29T13:53:32.978Z
2026-10-10;Dieta Ekonomiczna;587;1200;Dieta Ekonomiczna;II śniadanie;369;Egzotyczny shake proteinowy;188;6.93;3.5;31.6;1.29;25.42;0.24;2.23;na zimno;2026-09-29T13:53:32.978Z
2026-10-10;Dieta Ekonomiczna;587;1200;Dieta Ekonomiczna;Obiad;515;Filet z indyka, sos pieczarkowy ze szpinakiem, kasza bulgur z warzywami, marchewka baby z masłem i koperkiem;511;44.4;13.53;52.97;19.56;5.07;1.17;5.19;na ciepło;2026-09-29T13:53:32.978Z
2026-10-10;Dieta Ekonomiczna Wege;605;1200;Dieta Ekonomiczna Wege;Śniadanie;516;Śródziemnomorskie muffinki z mozzarellą i oliwkami, dip czosnkowy, pomidorki;463;22.01;37.18;9.98;3.7;6.3;1.6;14.06;ciepło/zimno;2026-09-29T13:53:32.978Z
2026-10-10;Dieta Ekonomiczna Wege;605;1200;Dieta Ekonomiczna Wege;II śniadanie;2;Owoce leśne - shake proteinowy;190;14.26;3.96;22.94;4.24;17.01;0.26;2.43;na zimno;2026-09-29T13:53:32.978Z
2026-10-10;Dieta Ekonomiczna Wege;605;1200;Dieta Ekonomiczna Wege;Obiad;517;Morszczuk w cieście kokosowym na risotto pomidorowym z mozzarellą i grillowaną cukinią;591;40.87;31.29;34.85;8.56;8.53;3.19;12.86;na ciepło;2026-09-29T13:53:32.978Z
2026-10-10;Dieta Fish Low Carb & IG;631;1200;Dieta Fish Low Carb & IG;Śniadanie;516;Śródziemnomorskie muffinki z mozzarellą i oliwkami, dip czosnkowy, pomidorki;271;12.85;21.5;6.49;2.42;4.36;0.92;8.07;ciepło/zimno;2026-09-29T13:53:32.978Z
2026-10-10;Dieta Fish Low Carb & IG;631;1200;Dieta Fish Low Carb & IG;II śniadanie;2;Owoce leśne - shake proteinowy;190;14.26;3.96;22.94;4.24;17.01;0.26;2.43;na zimno;2026-09-29T13:53:32.978Z
2026-10-10;Dieta Fish Low Carb & IG;631;1200;Dieta Fish Low Carb & IG;Obiad;517;Morszczuk w cieście kokosowym na risotto pomidorowym z mozzarellą i grillowaną cukinią;393;25.82;21.41;23.13;6.5;6.99;2.47;8.02;na ciepło;2026-09-29T13:53:32.978Z
2026-10-10;Dieta Fish Low Carb & IG;631;1200;Dieta Fish Low Carb & IG;Podwieczorek;518;Sernik królewski;155;6.25;13.23;2.42;1.12;1.93;0.1;5.92;na zimno;2026-09-29T13:53:32.978Z
2026-10-10;Dieta Fish Low Carb & IG;631;1200;Dieta Fish Low Carb & IG;Kolacja;519;Meksykańska quesadilla z tofu, dip serowy z jalapeno;269;12.96;12.6;26;3.36;4;1.58;5.55;na ciepło;2026-09-29T13:53:32.978Z
2026-10-10;Dieta Fodmap;617;1200;Dieta Fodmap;Śniadanie;520;Bułeczka drożdżowa z polędwicą wieprzową, serem i kurkumą, dip pomidorowy, kalarepa;236;11.11;9.69;25.95;3.01;3.02;0.68;2.74;ciepło/zimno;2026-09-29T13:53:32.978Z
2026-10-10;Dieta Fodmap;617;1200;Dieta Fodmap;II śniadanie;521;Omlet twarogowy z nutą pomarańczy i płatkami owsianymi i sosem kakaowo-waniliowym;243;15.84;9.24;25.47;1.26;16.15;0.21;3.84;ciepło/zimno;2026-09-29T13:53:32.978Z
2026-10-10;Dieta Fodmap;617;1200;Dieta Fodmap;Obiad;522;Łosoś w sosie marchewkowym, ryż basmati, grillowana cukinia z papryką;350;20.55;19.94;22.01;2.9;2.88;1.79;5.81;na ciepło;2026-09-29T13:53:32.978Z
2026-10-10;Dieta Fodmap;617;1200;Dieta Fodmap;Podwieczorek;523;Twarożkowa owsianka z konfiturą truskawkową;215;10.25;6.57;28.6;1.35;17.27;0.1;3.4;na zimno;2026-09-29T13:53:32.978Z
2026-10-10;Dieta Fodmap;617;1200;Dieta Fodmap;Kolacja;524;Sałatka z kurczakiem, papryką, czarnymi oliwkami, kukurydzą i winegretem;185;13.94;10.51;8.55;1.39;2.39;0.54;0.93;na zimno;2026-09-29T13:53:32.978Z
2026-10-10;Dieta Hashi Low Gluten & Lactose;629;1200;Dieta Hashi Low Gluten & Lactose;Śniadanie;525;Pancakes czekoladowe, twarożek bananowy z orzechami arachidowymi, kiwi;203;8.17;8.08;24.04;1.83;3.07;0.26;2.86;ciepło/zimno;2026-09-29T13:53:32.978Z
2026-10-10;Dieta Hashi Low Gluten & Lactose;629;1200;Dieta Hashi Low Gluten & Lactose;II śniadanie;526;Frankfurterki wieprzowo-drobiowe, dip musztardowy, chleb z koperkiem, ogórek kiszony;224;13.47;7.75;24.08;1.88;4.72;1.69;1.63;ciepło/zimno;2026-09-29T13:53:32.978Z
2026-10-10;Dieta Hashi Low Gluten & Lactose;629;1200;Dieta Hashi Low Gluten & Lactose;Obiad;527;Wołowina duszona z sosem sojowym z sezamem i warzywami stir-fry, risotto paprykowe z grillowanymi pieczarkami;357;30.18;10.85;31.18;7.35;10.13;3.06;2.76;na ciepło;2026-09-29T13:53:32.978Z
2026-10-10;Dieta Hashi Low Gluten & Lactose;629;1200;Dieta Hashi Low Gluten & Lactose;Podwieczorek;528;Mandarynkowy sernik;192;6.07;9.7;19.54;0.43;5.36;0.11;5.95;na zimno;2026-09-29T13:53:32.978Z
2026-10-10;Dieta Hashi Low Gluten & Lactose;629;1200;Dieta Hashi Low Gluten & Lactose;Kolacja;529;Placki serowe z cukinią i czosnkiem niedźwiedzim, twarożek z suszonymi pomidorami i bazylią, pomidorki;261;16.25;16.8;11.17;2.08;5.51;0.67;8.54;ciepło/zimno;2026-09-29T13:53:32.978Z
2026-10-10;Dieta Ketogeniczna;610;1500;Dieta Ketogeniczna;Śniadanie;530;Gofr cynamonowy, twarożek piernikowy, duszone truskawki;283;10.63;22.34;7.85;7.95;5.95;0.44;6.02;ciepło/zimno;2026-09-29T13:53:32.978Z
2026-10-10;Dieta Ketogeniczna;610;1500;Dieta Ketogeniczna;Obiad;531;Stek Salisbury w sosie pieczarkowym, puree pietruszkowo-czosnkowe, surówka z czerwonej kapusty;522;26.8;41.61;10.21;4.95;3.36;0.9;9.18;na ciepło;2026-09-29T13:53:32.978Z
2026-10-10;Dieta Ketogeniczna;610;1500;Dieta Ketogeniczna;Podwieczorek;532;Krem z kalafiora z cheddarem i pestkami słonecznika;359;10.27;31.9;7.59;3.47;5.27;1.39;17.04;na ciepło;2026-09-29T13:53:32.978Z
2026-10-10;Dieta Ketogeniczna;610;1500;Dieta Ketogeniczna;Kolacja;533;Sałatka Grecka z serem typu bałkańskiego, prażony boczek;415;11.9;38.28;5.56;1.25;3.36;1.84;12.1;na zimno;2026-09-29T13:53:32.978Z
2026-10-10;Dieta Light;612;1500;Dieta Light;Śniadanie;534;Naleśnik pomidorowy z kurczakiem i mozzarellą, pomidorki;300;16.05;12.05;30.57;2.28;9.61;0.74;3.32;na ciepło;2026-09-29T13:53:32.978Z
2026-10-10;Dieta Light;612;1500;Dieta Light;II śniadanie;535;Jogurt brzoskwiniowy z kruszonką orzechową z płatkami owsianymi;289;6.66;12.03;36.97;1.56;28.11;0.13;6.99;na zimno;2026-09-29T13:53:32.978Z
2026-10-10;Dieta Light;612;1500;Dieta Light;Obiad;536;Polędwiczka wieprzowa w sosie paprykowym z pieczonymi ziemniakami, colesław;348;29.8;11.8;29.31;5.62;5.1;0.79;2.73;na ciepło;2026-09-29T13:53:32.978Z
2026-10-10;Dieta Light;612;1500;Dieta Light;Podwieczorek;537;Tapioka z wanilią i truskawkami;212;8.01;4.62;33.91;2.57;24.14;0.35;0.75;na zimno;2026-09-29T13:53:32.978Z
2026-10-10;Dieta Light;612;1500;Dieta Light;Kolacja;538;Kanapka z pieczonym schabem, pastą z suszonymi pomidorami, bułka graham, sałata i pomidor;370;27.13;11.06;39.92;9.89;5.94;1.21;1.92;na zimno;2026-09-29T13:53:32.978Z
2026-10-10;Dieta Low Carb & IG;628;1200;Dieta Low Carb & IG;Śniadanie;539;Gofr, twarożek czekoladowo-orzechowy, polewa malinowa;262;11.51;14.94;20.63;3.39;3.93;0.43;4.09;ciepło/zimno;2026-09-29T13:53:32.978Z
2026-10-10;Dieta Low Carb & IG;628;1200;Dieta Low Carb & IG;II śniadanie;540;Pasztet pomidorowy wieprzowo-drobiowy, chleb czystoziarnisty, ogórek kiszony, dip pietruszkowy;231;13.66;14.59;9.57;4.56;2.89;0.74;3.4;na zimno;2026-09-29T13:53:32.978Z
2026-10-10;Dieta Low Carb & IG;628;1200;Dieta Low Carb & IG;Obiad;541;Rostbef wołowy w sosie musztardowym, kasza pęczak z pieczarkami i natką, surówka z kiszonego ogórka z papryką;316;24.81;13.88;20.27;2.51;3.11;0.93;3.3;na ciepło;2026-09-29T13:53:32.978Z
2026-10-10;Dieta Low Carb & IG;628;1200;Dieta Low Carb & IG;Podwieczorek;542;Muffinki amerykańskie bekonowo-serowe z papryką, dip 1000 wysp, pomidorki;212;11.49;15.64;5.96;2.2;3.78;0.7;6.66;ciepło/zimno;2026-09-29T13:53:32.978Z
2026-10-10;Dieta Low Carb & IG;628;1200;Dieta Low Carb & IG;Kolacja;543;Sałatka z serem podpuszczkowym z suszonym pomidorem, makaronem pełnoziarnistym, ogórkiem, pomidorem, winegretem ziołowym;241;9.35;15.64;14.47;2.45;3.82;1.71;6.1;na zimno;2026-09-29T13:53:32.978Z
2026-10-10;Dieta START;634;1500;Dieta START;Śniadanie;544;Tosty francuskie z farszem serowo-pieczarkowym, dip sriracha-mayo, papryka;451;18.44;17.87;54.17;1.23;5.99;0.94;5.88;ciepło/zimno;2026-09-29T13:53:32.978Z
2026-10-10;Dieta START;634;1500;Dieta START;Obiad;545;Pierogi z twarogiem, sos malinowy, płatki migdałów;577;29.01;13.98;80.93;5.72;21.29;0.23;3.61;ciepło/zimno;2026-09-29T13:53:32.978Z
2026-10-10;Dieta START;634;1500;Dieta START;Kolacja;519;Meksykańska quesadilla z tofu, dip serowy z jalapeno;524;25.61;24;51.39;6.7;7.5;3.08;10.87;na ciepło;2026-09-29T13:53:32.978Z
2026-10-10;Dieta Standard;583;1200;Dieta Standard;Śniadanie;514;Pancakes prowansalskie, twarożek szczypiorkowy, ogórek;279;15.3;14.28;21.68;1.09;4.65;0.77;2.99;ciepło/zimno;2026-09-29T13:53:32.978Z
2026-10-10;Dieta Standard;583;1200;Dieta Standard;II śniadanie;369;Egzotyczny shake proteinowy;188;6.93;3.5;31.6;1.29;25.42;0.24;2.23;na zimno;2026-09-29T13:53:32.978Z
2026-10-10;Dieta Standard;583;1200;Dieta Standard;Obiad;515;Filet z indyka, sos pieczarkowy ze szpinakiem, kasza bulgur z warzywami, marchewka baby z masłem i koperkiem;351;27.67;11.34;34.77;13.48;4.24;0.97;4.91;na ciepło;2026-09-29T13:53:32.978Z
2026-10-10;Dieta Standard;583;1200;Dieta Standard;Podwieczorek;56;Czekoladowe ciasto z gruszką;185;2.93;10.66;18.8;1.08;11.5;0.43;1.59;na zimno;2026-09-29T13:53:32.978Z
2026-10-10;Dieta Standard;583;1200;Dieta Standard;Kolacja;546;Tacos z szarpaną wieprzowiną z chili, salsa pomidorowa z kolendrą;238;13.88;8.72;25.47;1.28;6.54;0.89;1.87;na ciepło;2026-09-29T13:53:32.978Z
2026-10-10;Dieta Śródziemnomorska;630;1200;Dieta Śródziemnomorska;Śniadanie;547;Kanapka z polędwicą sopocką, twarożek z czosnkiem niedźwiedzim, szpinak, ogórek;246;22.31;6.29;25.12;3.31;4.38;0.94;0.85;na zimno;2026-09-29T13:53:32.978Z
2026-10-10;Dieta Śródziemnomorska;630;1200;Dieta Śródziemnomorska;II śniadanie;548;Sałatka z tuńczykiem, jajkiem na twardo, pomidorkami i kukurydzą, winegret ziołowy;232;18.6;14.32;7.07;1.21;1.76;0.87;2.61;na zimno;2026-09-29T13:53:32.978Z
2026-10-10;Dieta Śródziemnomorska;630;1200;Dieta Śródziemnomorska;Obiad;549;Penne all'Arrabbiata, grillowana cukinia, mozzarella w pesto, prażone płatki migdałów;411;17.66;17.79;44.58;8.71;8.18;1.49;4.43;na ciepło;2026-09-29T13:53:32.978Z
2026-10-10;Dieta Śródziemnomorska;630;1200;Dieta Śródziemnomorska;Podwieczorek;550;Deser malinowo-jagodowy;151;7.04;8.08;15.36;1.48;4.52;0.09;5.28;na zimno;2026-09-29T13:53:32.978Z
2026-10-10;Dieta Śródziemnomorska;630;1200;Dieta Śródziemnomorska;Kolacja;551;Pancakes serowe z brokułem, dip pomidorowy, papryka;203;7.13;10.92;19.11;2.13;1.93;0.36;2.11;ciepło/zimno;2026-09-29T13:53:32.978Z
2026-10-10;Wybór menu / BASIC;614;2000;BASIC;Śniadanie;514;Pancakes prowansalskie, twarożek szczypiorkowy, ogórek;526.68;27.41;27.52;41.21;1.76;7.4;1.52;5.56;ciepło/zimno;2026-09-29T13:53:32.978Z
2026-10-10;Wybór menu / BASIC;614;2000;Dieta Active Pro;Śniadanie;509;Bułeczka z dynią i słonecznikiem, pieczony indyk, smarowidło truflowe, papryka;520.61;34.38;27.05;35.29;0.91;3.8;1.44;9.39;na zimno;2026-09-29T13:53:32.978Z
2026-10-10;Wybór menu / BASIC;614;2000;Dieta Light;Śniadanie;534;Naleśnik pomidorowy z kurczakiem i mozzarellą, pomidorki;299.82;16.05;12.05;30.57;2.28;9.61;0.74;3.32;na ciepło;2026-09-29T13:53:32.978Z
2026-10-10;Wybór menu / BASIC;614;2000;BASIC;II śniadanie;369;Egzotyczny shake proteinowy;187.89;6.93;3.5;31.6;1.29;25.42;0.24;2.23;na zimno;2026-09-29T13:53:32.978Z
2026-10-10;Wybór menu / BASIC;614;2000;Dieta Active Pro;II śniadanie;510;Zupa krem z soczewicy i pieczonej papryki z harissą, grzanka czosnkowo-serowa;319.74;17.53;8.55;40.37;6.15;7.08;2.64;2.25;na ciepło;2026-09-29T13:53:32.978Z
2026-10-10;Wybór menu / BASIC;614;2000;Dieta Light;II śniadanie;535;Jogurt brzoskwiniowy z kruszonką orzechową z płatkami owsianymi;402.26;9.33;16.36;52.17;2.14;40.37;0.19;9.53;na zimno;2026-09-29T13:53:32.978Z
2026-10-10;Wybór menu / BASIC;614;2000;BASIC;Obiad;515;Filet z indyka, sos pieczarkowy ze szpinakiem, kasza bulgur z warzywami, marchewka baby z masłem i koperkiem;510.55;44.4;13.53;52.97;19.56;5.07;1.17;5.19;na ciepło;2026-09-29T13:53:32.978Z
2026-10-10;Wybór menu / BASIC;614;2000;Dieta Active Pro;Obiad;511;Farfalle w sosie śmietanowo-serowym z kurczakiem, cukinią i pieczarkami;584.36;47.62;21.48;49.9;1.55;2.23;0.82;5.93;na ciepło;2026-09-29T13:53:32.978Z
2026-10-10;Wybór menu / BASIC;614;2000;Dieta Light;Obiad;536;Polędwiczka wieprzowa w sosie paprykowym z pieczonymi ziemniakami, colesław;428.65;38.9;14.05;34.97;6.21;5.37;0.91;3.3;na ciepło;2026-09-29T13:53:32.978Z
2026-10-10;Wybór menu / BASIC;614;2000;BASIC;Podwieczorek;56;Czekoladowe ciasto z gruszką;308.94;4.88;17.77;31.34;1.8;19.16;0.72;2.65;na zimno;2026-09-29T13:53:32.978Z
2026-10-10;Wybór menu / BASIC;614;2000;Dieta Active Pro;Podwieczorek;512;Ciasto egzotyczne na zimno;229.38;24.37;4.86;21.71;0.63;15.82;0.24;3.03;na zimno;2026-09-29T13:53:32.978Z
2026-10-10;Wybór menu / BASIC;614;2000;Dieta Light;Podwieczorek;537;Tapioka z wanilią i truskawkami;283.86;10.81;6.23;45.28;3.4;32.12;0.47;1.02;na zimno;2026-09-29T13:53:32.978Z
2026-10-10;Wybór menu / BASIC;614;2000;BASIC;Kolacja;546;Tacos z szarpaną wieprzowiną z chili, salsa pomidorowa z kolendrą;446.5;27.05;16.09;47.46;1.62;9.64;1.7;3.48;na ciepło;2026-09-29T13:53:32.978Z
2026-10-10;Wybór menu / BASIC;614;2000;Dieta Active Pro;Kolacja;513;Sałatka z edamame, czerwoną cebulą, papryką, mozzarellą i pomidorkami, dip czosnkowy;343.78;24.42;20.79;16.06;4.61;6.47;0.91;7.65;na zimno;2026-09-29T13:53:32.978Z
2026-10-10;Wybór menu / BASIC;614;2000;Dieta Light;Kolacja;538;Kanapka z pieczonym schabem, pastą z suszonymi pomidorami, bułka graham, sałata i pomidor;500.73;36.4;15;54.29;13.03;7.43;1.66;2.57;na zimno;2026-09-29T13:53:32.978Z
2026-10-10;Wybór menu / COMFORT;614;2000;COMFORT;Śniadanie;514;Pancakes prowansalskie, twarożek szczypiorkowy, ogórek;526.68;27.41;27.52;41.21;1.76;7.4;1.52;5.56;ciepło/zimno;2026-09-29T13:53:32.978Z
2026-10-10;Wybór menu / COMFORT;614;2000;Dieta Active Pro;Śniadanie;509;Bułeczka z dynią i słonecznikiem, pieczony indyk, smarowidło truflowe, papryka;520.61;34.38;27.05;35.29;0.91;3.8;1.44;9.39;na zimno;2026-09-29T13:53:32.978Z
2026-10-10;Wybór menu / COMFORT;614;2000;Dieta Fish Low Carb & IG;Śniadanie;516;Śródziemnomorskie muffinki z mozzarellą i oliwkami, dip czosnkowy, pomidorki;462.72;22.01;37.18;9.98;3.7;6.3;1.6;14.06;ciepło/zimno;2026-09-29T13:53:32.978Z
2026-10-10;Wybór menu / COMFORT;614;2000;Dieta Light;Śniadanie;534;Naleśnik pomidorowy z kurczakiem i mozzarellą, pomidorki;299.82;16.05;12.05;30.57;2.28;9.61;0.74;3.32;na ciepło;2026-09-29T13:53:32.978Z
2026-10-10;Wybór menu / COMFORT;614;2000;Dieta Low Carb & IG;Śniadanie;539;Gofr, twarożek czekoladowo-orzechowy, polewa malinowa;340.27;14.92;20.08;25.32;4.79;5.78;0.45;5.99;ciepło/zimno;2026-09-29T13:53:32.978Z
2026-10-10;Wybór menu / COMFORT;614;2000;COMFORT;II śniadanie;369;Egzotyczny shake proteinowy;187.89;6.93;3.5;31.6;1.29;25.42;0.24;2.23;na zimno;2026-09-29T13:53:32.978Z
2026-10-10;Wybór menu / COMFORT;614;2000;Dieta Active Pro;II śniadanie;510;Zupa krem z soczewicy i pieczonej papryki z harissą, grzanka czosnkowo-serowa;319.74;17.53;8.55;40.37;6.15;7.08;2.64;2.25;na ciepło;2026-09-29T13:53:32.978Z
2026-10-10;Wybór menu / COMFORT;614;2000;Dieta Fish Low Carb & IG;II śniadanie;2;Owoce leśne - shake proteinowy;189.59;14.26;3.96;22.94;4.24;17.01;0.26;2.43;na zimno;2026-09-29T13:53:32.978Z
2026-10-10;Wybór menu / COMFORT;614;2000;Dieta Light;II śniadanie;535;Jogurt brzoskwiniowy z kruszonką orzechową z płatkami owsianymi;402.26;9.33;16.36;52.17;2.14;40.37;0.19;9.53;na zimno;2026-09-29T13:53:32.978Z
2026-10-10;Wybór menu / COMFORT;614;2000;Dieta Low Carb & IG;II śniadanie;540;Pasztet pomidorowy wieprzowo-drobiowy, chleb czystoziarnisty, ogórek kiszony, dip pietruszkowy;363.76;21.81;23.22;14.49;6.87;4.34;0.94;5.52;na zimno;2026-09-29T13:53:32.978Z
2026-10-10;Wybór menu / COMFORT;614;2000;COMFORT;Obiad;515;Filet z indyka, sos pieczarkowy ze szpinakiem, kasza bulgur z warzywami, marchewka baby z masłem i koperkiem;510.55;44.4;13.53;52.97;19.56;5.07;1.17;5.19;na ciepło;2026-09-29T13:53:32.978Z
2026-10-10;Wybór menu / COMFORT;614;2000;Dieta Active Pro;Obiad;511;Farfalle w sosie śmietanowo-serowym z kurczakiem, cukinią i pieczarkami;584.36;47.62;21.48;49.9;1.55;2.23;0.82;5.93;na ciepło;2026-09-29T13:53:32.978Z
2026-10-10;Wybór menu / COMFORT;614;2000;Dieta Fish Low Carb & IG;Obiad;517;Morszczuk w cieście kokosowym na risotto pomidorowym z mozzarellą i grillowaną cukinią;591.21;40.87;31.29;34.85;8.56;8.53;3.19;12.86;na ciepło;2026-09-29T13:53:32.978Z
2026-10-10;Wybór menu / COMFORT;614;2000;Dieta Light;Obiad;536;Polędwiczka wieprzowa w sosie paprykowym z pieczonymi ziemniakami, colesław;428.65;38.9;14.05;34.97;6.21;5.37;0.91;3.3;na ciepło;2026-09-29T13:53:32.978Z
2026-10-10;Wybór menu / COMFORT;614;2000;Dieta Low Carb & IG;Obiad;541;Rostbef wołowy w sosie musztardowym, kasza pęczak z pieczarkami i natką, surówka z kiszonego ogórka z papryką;456.34;39.53;17.87;29.98;3.54;3.31;1.04;3.52;na ciepło;2026-09-29T13:53:32.978Z
2026-10-10;Wybór menu / COMFORT;614;2000;COMFORT;Podwieczorek;56;Czekoladowe ciasto z gruszką;308.94;4.88;17.77;31.34;1.8;19.16;0.72;2.65;na zimno;2026-09-29T13:53:32.978Z
2026-10-10;Wybór menu / COMFORT;614;2000;Dieta Active Pro;Podwieczorek;512;Ciasto egzotyczne na zimno;229.38;24.37;4.86;21.71;0.63;15.82;0.24;3.03;na zimno;2026-09-29T13:53:32.978Z
2026-10-10;Wybór menu / COMFORT;614;2000;Dieta Fish Low Carb & IG;Podwieczorek;518;Sernik królewski;331.23;13.4;28.35;5.18;2.39;4.13;0.21;12.68;na zimno;2026-09-29T13:53:32.978Z
2026-10-10;Wybór menu / COMFORT;614;2000;Dieta Light;Podwieczorek;537;Tapioka z wanilią i truskawkami;283.86;10.81;6.23;45.28;3.4;32.12;0.47;1.02;na zimno;2026-09-29T13:53:32.978Z
2026-10-10;Wybór menu / COMFORT;614;2000;Dieta Low Carb & IG;Podwieczorek;542;Muffinki amerykańskie bekonowo-serowe z papryką, dip 1000 wysp, pomidorki;346.96;18.8;25.98;8.85;3.19;5.22;1.16;11.09;ciepło/zimno;2026-09-29T13:53:32.978Z
2026-10-10;Wybór menu / COMFORT;614;2000;COMFORT;Kolacja;546;Tacos z szarpaną wieprzowiną z chili, salsa pomidorowa z kolendrą;446.5;27.05;16.09;47.46;1.62;9.64;1.7;3.48;na ciepło;2026-09-29T13:53:32.978Z
2026-10-10;Wybór menu / COMFORT;614;2000;Dieta Active Pro;Kolacja;513;Sałatka z edamame, czerwoną cebulą, papryką, mozzarellą i pomidorkami, dip czosnkowy;343.78;24.42;20.79;16.06;4.61;6.47;0.91;7.65;na zimno;2026-09-29T13:53:32.978Z
2026-10-10;Wybór menu / COMFORT;614;2000;Dieta Fish Low Carb & IG;Kolacja;519;Meksykańska quesadilla z tofu, dip serowy z jalapeno;411.28;19.58;19.49;39.3;5.05;6.24;2.4;8.43;na ciepło;2026-09-29T13:53:32.978Z
2026-10-10;Wybór menu / COMFORT;614;2000;Dieta Light;Kolacja;538;Kanapka z pieczonym schabem, pastą z suszonymi pomidorami, bułka graham, sałata i pomidor;500.73;36.4;15;54.29;13.03;7.43;1.66;2.57;na zimno;2026-09-29T13:53:32.978Z
2026-10-10;Wybór menu / COMFORT;614;2000;Dieta Low Carb & IG;Kolacja;543;Sałatka z serem podpuszczkowym z suszonym pomidorem, makaronem pełnoziarnistym, ogórkiem, pomidorem, winegretem ziołowym;448.86;17.85;28.89;27.05;4.3;6.91;3.39;12.02;na zimno;2026-09-29T13:53:32.978Z
2026-10-10;Wybór menu / KETO FUSION;614;2000;Dieta Ketogeniczna;Śniadanie;530;Gofr cynamonowy, twarożek piernikowy, duszone truskawki;369.18;15.19;28.83;10.18;8.27;7.98;0.53;8.67;ciepło/zimno;2026-09-29T13:53:32.978Z
2026-10-10;Wybór menu / KETO FUSION;614;2000;Dieta Śródziemnomorska Keto;Śniadanie;552;Śródziemnomorskie muffinki z mozzarellą i oliwkami, dip czosnkowy, papryka;500.63;21.57;41.99;9.21;3.33;3.58;1.48;15.06;ciepło/zimno;2026-09-29T13:53:32.978Z
2026-10-10;Wybór menu / KETO FUSION;614;2000;Dieta Ketogeniczna;Obiad;531;Stek Salisbury w sosie pieczarkowym, puree pietruszkowo-czosnkowe, surówka z czerwonej kapusty;669.77;38.25;52.1;12;5.72;3.96;1.04;10.67;na ciepło;2026-09-29T13:53:32.978Z
2026-10-10;Wybór menu / KETO FUSION;614;2000;Dieta Śródziemnomorska Keto;Obiad;553;Pieczone udko z kurczaka z orientalnym sosem pomidorowym, pieczone warzywa korzeniowe, surówka wiosenna;579.31;38.7;40.96;12.38;6.26;4.4;0.89;3.03;na ciepło;2026-09-29T13:53:32.978Z
2026-10-10;Wybór menu / KETO FUSION;614;2000;Dieta Ketogeniczna;Podwieczorek;532;Krem z kalafiora z cheddarem i pestkami słonecznika;358.75;10.27;31.9;7.59;3.47;5.27;1.39;17.04;na ciepło;2026-09-29T13:53:32.978Z
2026-10-10;Wybór menu / KETO FUSION;614;2000;Dieta Śródziemnomorska Keto;Podwieczorek;554;Ciasto czekoladowo-kokosowe keto;434.22;8.65;41.13;7.88;5.96;2.74;0.28;26.23;na zimno;2026-09-29T13:53:32.978Z
2026-10-10;Wybór menu / KETO FUSION;614;2000;Dieta Ketogeniczna;Kolacja;533;Sałatka Grecka z serem typu bałkańskiego, prażony boczek;588.3;17.12;54.34;7.53;1.64;5.08;2.75;17.22;na zimno;2026-09-29T13:53:32.978Z
2026-10-10;Wybór menu / KETO FUSION;614;2000;Dieta Śródziemnomorska Keto;Kolacja;555;Pancakes prowansalskie z pastą pomidorową z tuńczyka i ogórkiem;543.88;27.06;44.03;8.5;8.45;4.88;1.7;8.68;ciepło/zimno;2026-09-29T13:53:32.978Z
2026-10-10;Wybór menu / LADIES VIBES;614;2000;BASIC;Śniadanie;514;Pancakes prowansalskie, twarożek szczypiorkowy, ogórek;526.68;27.41;27.52;41.21;1.76;7.4;1.52;5.56;ciepło/zimno;2026-09-29T13:53:32.978Z
2026-10-10;Wybór menu / LADIES VIBES;614;2000;Dieta Active Pro;Śniadanie;509;Bułeczka z dynią i słonecznikiem, pieczony indyk, smarowidło truflowe, papryka;520.61;34.38;27.05;35.29;0.91;3.8;1.44;9.39;na zimno;2026-09-29T13:53:32.978Z
2026-10-10;Wybór menu / LADIES VIBES;614;2000;Dieta Light;Śniadanie;534;Naleśnik pomidorowy z kurczakiem i mozzarellą, pomidorki;299.82;16.05;12.05;30.57;2.28;9.61;0.74;3.32;na ciepło;2026-09-29T13:53:32.978Z
2026-10-10;Wybór menu / LADIES VIBES;614;2000;BASIC;II śniadanie;369;Egzotyczny shake proteinowy;187.89;6.93;3.5;31.6;1.29;25.42;0.24;2.23;na zimno;2026-09-29T13:53:32.978Z
2026-10-10;Wybór menu / LADIES VIBES;614;2000;Dieta Active Pro;II śniadanie;510;Zupa krem z soczewicy i pieczonej papryki z harissą, grzanka czosnkowo-serowa;319.74;17.53;8.55;40.37;6.15;7.08;2.64;2.25;na ciepło;2026-09-29T13:53:32.978Z
2026-10-10;Wybór menu / LADIES VIBES;614;2000;Dieta Light;II śniadanie;535;Jogurt brzoskwiniowy z kruszonką orzechową z płatkami owsianymi;402.26;9.33;16.36;52.17;2.14;40.37;0.19;9.53;na zimno;2026-09-29T13:53:32.978Z
2026-10-10;Wybór menu / LADIES VIBES;614;2000;BASIC;Obiad;515;Filet z indyka, sos pieczarkowy ze szpinakiem, kasza bulgur z warzywami, marchewka baby z masłem i koperkiem;510.55;44.4;13.53;52.97;19.56;5.07;1.17;5.19;na ciepło;2026-09-29T13:53:32.978Z
2026-10-10;Wybór menu / LADIES VIBES;614;2000;Dieta Active Pro;Obiad;511;Farfalle w sosie śmietanowo-serowym z kurczakiem, cukinią i pieczarkami;584.36;47.62;21.48;49.9;1.55;2.23;0.82;5.93;na ciepło;2026-09-29T13:53:32.978Z
2026-10-10;Wybór menu / LADIES VIBES;614;2000;Dieta Light;Obiad;536;Polędwiczka wieprzowa w sosie paprykowym z pieczonymi ziemniakami, colesław;428.65;38.9;14.05;34.97;6.21;5.37;0.91;3.3;na ciepło;2026-09-29T13:53:32.978Z
2026-10-10;Wybór menu / LADIES VIBES;614;2000;BASIC;Podwieczorek;56;Czekoladowe ciasto z gruszką;308.94;4.88;17.77;31.34;1.8;19.16;0.72;2.65;na zimno;2026-09-29T13:53:32.978Z
2026-10-10;Wybór menu / LADIES VIBES;614;2000;Dieta Active Pro;Podwieczorek;512;Ciasto egzotyczne na zimno;229.38;24.37;4.86;21.71;0.63;15.82;0.24;3.03;na zimno;2026-09-29T13:53:32.978Z
2026-10-10;Wybór menu / LADIES VIBES;614;2000;Dieta Light;Podwieczorek;537;Tapioka z wanilią i truskawkami;283.86;10.81;6.23;45.28;3.4;32.12;0.47;1.02;na zimno;2026-09-29T13:53:32.978Z
2026-10-10;Wybór menu / LADIES VIBES;614;2000;BASIC;Kolacja;546;Tacos z szarpaną wieprzowiną z chili, salsa pomidorowa z kolendrą;446.5;27.05;16.09;47.46;1.62;9.64;1.7;3.48;na ciepło;2026-09-29T13:53:32.978Z
2026-10-10;Wybór menu / LADIES VIBES;614;2000;Dieta Active Pro;Kolacja;513;Sałatka z edamame, czerwoną cebulą, papryką, mozzarellą i pomidorkami, dip czosnkowy;343.78;24.42;20.79;16.06;4.61;6.47;0.91;7.65;na zimno;2026-09-29T13:53:32.978Z
2026-10-10;Wybór menu / LADIES VIBES;614;2000;Dieta Light;Kolacja;538;Kanapka z pieczonym schabem, pastą z suszonymi pomidorami, bułka graham, sałata i pomidor;500.73;36.4;15;54.29;13.03;7.43;1.66;2.57;na zimno;2026-09-29T13:53:32.978Z
2026-10-10;Wybór menu / SUPREME;614;2000;Dieta Active Pro;Śniadanie;509;Bułeczka z dynią i słonecznikiem, pieczony indyk, smarowidło truflowe, papryka;520.61;34.38;27.05;35.29;0.91;3.8;1.44;9.39;na zimno;2026-09-29T13:53:32.978Z
2026-10-10;Wybór menu / SUPREME;614;2000;Dieta Fish Low Carb & IG;Śniadanie;516;Śródziemnomorskie muffinki z mozzarellą i oliwkami, dip czosnkowy, pomidorki;462.72;22.01;37.18;9.98;3.7;6.3;1.6;14.06;ciepło/zimno;2026-09-29T13:53:32.978Z
2026-10-10;Wybór menu / SUPREME;614;2000;Dieta Kuchnie Świata;Śniadanie;556;Naleśnik kakaowy z twarożkiem waniliowym z chia, cząstki melona;310.32;23.44;9.28;32.14;2.52;16.84;0.51;1.38;ciepło/zimno;2026-09-29T13:53:32.978Z
2026-10-10;Wybór menu / SUPREME;614;2000;Dieta Light;Śniadanie;534;Naleśnik pomidorowy z kurczakiem i mozzarellą, pomidorki;299.82;16.05;12.05;30.57;2.28;9.61;0.74;3.32;na ciepło;2026-09-29T13:53:32.978Z
2026-10-10;Wybór menu / SUPREME;614;2000;Dieta Low Carb & IG;Śniadanie;539;Gofr, twarożek czekoladowo-orzechowy, polewa malinowa;340.27;14.92;20.08;25.32;4.79;5.78;0.45;5.99;ciepło/zimno;2026-09-29T13:53:32.978Z
2026-10-10;Wybór menu / SUPREME;614;2000;Dieta Top Taste;Śniadanie;114;Croissant z serem camembert, smarowidło truflowe, żurawina, rukola;449.04;11.69;32.45;27.66;0.44;5.35;0.82;21.72;na zimno;2026-09-29T13:53:32.978Z
2026-10-10;Wybór menu / SUPREME;614;2000;Dieta Śródziemnomorska;Śniadanie;547;Kanapka z polędwicą sopocką, twarożek z czosnkiem niedźwiedzim, szpinak, ogórek;393.58;40.56;10.61;34.02;4.23;6.4;1.71;1.68;na zimno;2026-09-29T13:53:32.978Z
2026-10-10;Wybór menu / SUPREME;614;2000;SUPREME;Śniadanie;514;Pancakes prowansalskie, twarożek szczypiorkowy, ogórek;526.68;27.41;27.52;41.21;1.76;7.4;1.52;5.56;ciepło/zimno;2026-09-29T13:53:32.978Z
2026-10-10;Wybór menu / SUPREME;614;2000;Dieta Active Pro;II śniadanie;510;Zupa krem z soczewicy i pieczonej papryki z harissą, grzanka czosnkowo-serowa;319.74;17.53;8.55;40.37;6.15;7.08;2.64;2.25;na ciepło;2026-09-29T13:53:32.978Z
2026-10-10;Wybór menu / SUPREME;614;2000;Dieta Fish Low Carb & IG;II śniadanie;2;Owoce leśne - shake proteinowy;189.59;14.26;3.96;22.94;4.24;17.01;0.26;2.43;na zimno;2026-09-29T13:53:32.978Z
2026-10-10;Wybór menu / SUPREME;614;2000;Dieta Kuchnie Świata;II śniadanie;544;Tosty francuskie z farszem serowo-pieczarkowym, dip sriracha-mayo, papryka;451.04;18.44;17.87;54.17;1.23;5.99;0.94;5.88;ciepło/zimno;2026-09-29T13:53:32.978Z
2026-10-10;Wybór menu / SUPREME;614;2000;Dieta Light;II śniadanie;535;Jogurt brzoskwiniowy z kruszonką orzechową z płatkami owsianymi;402.26;9.33;16.36;52.17;2.14;40.37;0.19;9.53;na zimno;2026-09-29T13:53:32.978Z
2026-10-10;Wybór menu / SUPREME;614;2000;Dieta Low Carb & IG;II śniadanie;540;Pasztet pomidorowy wieprzowo-drobiowy, chleb czystoziarnisty, ogórek kiszony, dip pietruszkowy;363.76;21.81;23.22;14.49;6.87;4.34;0.94;5.52;na zimno;2026-09-29T13:53:32.978Z
2026-10-10;Wybór menu / SUPREME;614;2000;Dieta Top Taste;II śniadanie;116;Pudding chia z malinami;346.63;4.56;27.44;19.61;5.6;13.93;0.07;20.95;na zimno;2026-09-29T13:53:32.978Z
2026-10-10;Wybór menu / SUPREME;614;2000;Dieta Śródziemnomorska;II śniadanie;548;Sałatka z tuńczykiem, jajkiem na twardo, pomidorkami i kukurydzą, winegret ziołowy;355.27;29.24;22.85;8.13;1.5;2.63;1.33;4.12;na zimno;2026-09-29T13:53:32.978Z
2026-10-10;Wybór menu / SUPREME;614;2000;SUPREME;II śniadanie;369;Egzotyczny shake proteinowy;187.89;6.93;3.5;31.6;1.29;25.42;0.24;2.23;na zimno;2026-09-29T13:53:32.978Z
2026-10-10;Wybór menu / SUPREME;614;2000;Dieta Active Pro;Obiad;511;Farfalle w sosie śmietanowo-serowym z kurczakiem, cukinią i pieczarkami;584.36;47.62;21.48;49.9;1.55;2.23;0.82;5.93;na ciepło;2026-09-29T13:53:32.978Z
2026-10-10;Wybór menu / SUPREME;614;2000;Dieta Fish Low Carb & IG;Obiad;517;Morszczuk w cieście kokosowym na risotto pomidorowym z mozzarellą i grillowaną cukinią;591.21;40.87;31.29;34.85;8.56;8.53;3.19;12.86;na ciepło;2026-09-29T13:53:32.978Z
2026-10-10;Wybór menu / SUPREME;614;2000;Dieta Kuchnie Świata;Obiad;557;Pizza pepperoni, dip chipotle;531.15;24.46;25.43;49.91;2.08;8.11;1.92;12.07;na ciepło;2026-09-29T13:53:32.978Z
2026-10-10;Wybór menu / SUPREME;614;2000;Dieta Light;Obiad;536;Polędwiczka wieprzowa w sosie paprykowym z pieczonymi ziemniakami, colesław;428.65;38.9;14.05;34.97;6.21;5.37;0.91;3.3;na ciepło;2026-09-29T13:53:32.978Z
2026-10-10;Wybór menu / SUPREME;614;2000;Dieta Low Carb & IG;Obiad;541;Rostbef wołowy w sosie musztardowym, kasza pęczak z pieczarkami i natką, surówka z kiszonego ogórka z papryką;456.34;39.53;17.87;29.98;3.54;3.31;1.04;3.52;na ciepło;2026-09-29T13:53:32.978Z
2026-10-10;Wybór menu / SUPREME;614;2000;Dieta Top Taste;Obiad;118;Lasagne bolognese z serem, szpinak, pomidorki, dip czosnkowy;502.47;32.01;28.32;29.76;3.56;9.22;2.19;13.58;na ciepło;2026-09-29T13:53:32.978Z
2026-10-10;Wybór menu / SUPREME;614;2000;Dieta Śródziemnomorska;Obiad;549;Penne all'Arrabbiata, grillowana cukinia, mozzarella w pesto, prażone płatki migdałów;642.97;27.66;26.75;72.18;13.68;11.45;1.94;6.69;na ciepło;2026-09-29T13:53:32.978Z
2026-10-10;Wybór menu / SUPREME;614;2000;SUPREME;Obiad;515;Filet z indyka, sos pieczarkowy ze szpinakiem, kasza bulgur z warzywami, marchewka baby z masłem i koperkiem;510.55;44.4;13.53;52.97;19.56;5.07;1.17;5.19;na ciepło;2026-09-29T13:53:32.978Z
2026-10-10;Wybór menu / SUPREME;614;2000;Dieta Active Pro;Podwieczorek;512;Ciasto egzotyczne na zimno;229.38;24.37;4.86;21.71;0.63;15.82;0.24;3.03;na zimno;2026-09-29T13:53:32.978Z
2026-10-10;Wybór menu / SUPREME;614;2000;Dieta Fish Low Carb & IG;Podwieczorek;518;Sernik królewski;331.23;13.4;28.35;5.18;2.39;4.13;0.21;12.68;na zimno;2026-09-29T13:53:32.978Z
2026-10-10;Wybór menu / SUPREME;614;2000;Dieta Kuchnie Świata;Podwieczorek;558;Deser czereśniowy z wiórkami białej czekolady;282.86;6.17;15.02;28.15;0;13.19;0.17;9.83;na zimno;2026-09-29T13:53:32.978Z
2026-10-10;Wybór menu / SUPREME;614;2000;Dieta Light;Podwieczorek;537;Tapioka z wanilią i truskawkami;283.86;10.81;6.23;45.28;3.4;32.12;0.47;1.02;na zimno;2026-09-29T13:53:32.978Z
2026-10-10;Wybór menu / SUPREME;614;2000;Dieta Low Carb & IG;Podwieczorek;542;Muffinki amerykańskie bekonowo-serowe z papryką, dip 1000 wysp, pomidorki;346.96;18.8;25.98;8.85;3.19;5.22;1.16;11.09;ciepło/zimno;2026-09-29T13:53:32.978Z
2026-10-10;Wybór menu / SUPREME;614;2000;Dieta Top Taste;Podwieczorek;120;Sernik cookies & cream;277.03;7.32;16.67;24.04;0.65;15.45;0.25;8.07;na zimno;2026-09-29T13:53:32.978Z
2026-10-10;Wybór menu / SUPREME;614;2000;Dieta Śródziemnomorska;Podwieczorek;550;Deser malinowo-jagodowy;251.49;11.73;13.46;25.6;2.46;7.53;0.15;8.81;na zimno;2026-09-29T13:53:32.978Z
2026-10-10;Wybór menu / SUPREME;614;2000;SUPREME;Podwieczorek;56;Czekoladowe ciasto z gruszką;308.94;4.88;17.77;31.34;1.8;19.16;0.72;2.65;na zimno;2026-09-29T13:53:32.978Z
2026-10-10;Wybór menu / SUPREME;614;2000;Dieta Active Pro;Kolacja;513;Sałatka z edamame, czerwoną cebulą, papryką, mozzarellą i pomidorkami, dip czosnkowy;343.78;24.42;20.79;16.06;4.61;6.47;0.91;7.65;na zimno;2026-09-29T13:53:32.978Z
2026-10-10;Wybór menu / SUPREME;614;2000;Dieta Fish Low Carb & IG;Kolacja;519;Meksykańska quesadilla z tofu, dip serowy z jalapeno;411.28;19.58;19.49;39.3;5.05;6.24;2.4;8.43;na ciepło;2026-09-29T13:53:32.978Z
2026-10-10;Wybór menu / SUPREME;614;2000;Dieta Kuchnie Świata;Kolacja;559;Makaron z krewetkami w sosie sojowym, warzywa stir fry z kardamonem;406.51;24.35;7.74;58.81;3.19;18.47;2.82;0.98;na ciepło;2026-09-29T13:53:32.978Z
2026-10-10;Wybór menu / SUPREME;614;2000;Dieta Light;Kolacja;538;Kanapka z pieczonym schabem, pastą z suszonymi pomidorami, bułka graham, sałata i pomidor;500.73;36.4;15;54.29;13.03;7.43;1.66;2.57;na zimno;2026-09-29T13:53:32.978Z
2026-10-10;Wybór menu / SUPREME;614;2000;Dieta Low Carb & IG;Kolacja;543;Sałatka z serem podpuszczkowym z suszonym pomidorem, makaronem pełnoziarnistym, ogórkiem, pomidorem, winegretem ziołowym;448.86;17.85;28.89;27.05;4.3;6.91;3.39;12.02;na zimno;2026-09-29T13:53:32.978Z
2026-10-10;Wybór menu / SUPREME;614;2000;Dieta Top Taste;Kolacja;122;Futomaki z pieczonym łososiem;558.26;18.88;9.44;84.84;1.86;15.32;5.27;2.24;na zimno;2026-09-29T13:53:32.978Z
2026-10-10;Wybór menu / SUPREME;614;2000;Dieta Śródziemnomorska;Kolacja;551;Pancakes serowe z brokułem, dip pomidorowy, papryka;450.6;16.35;24.75;40.46;4.02;3.82;0.81;5.11;ciepło/zimno;2026-09-29T13:53:32.978Z
2026-10-10;Wybór menu / SUPREME;614;2000;SUPREME;Kolacja;546;Tacos z szarpaną wieprzowiną z chili, salsa pomidorowa z kolendrą;446.5;27.05;16.09;47.46;1.62;9.64;1.7;3.48;na ciepło;2026-09-29T13:53:32.978Z
2026-10-10;Wybór menu / TYPES OF VEGE;614;2000;Dieta Fish Low Carb & IG;Śniadanie;516;Śródziemnomorskie muffinki z mozzarellą i oliwkami, dip czosnkowy, pomidorki;462.72;22.01;37.18;9.98;3.7;6.3;1.6;14.06;ciepło/zimno;2026-09-29T13:53:32.978Z
2026-10-10;Wybór menu / TYPES OF VEGE;614;2000;Dieta Wegańska;Śniadanie;560;Tacos z roślinnym kurczakiem z warzywami, dip 1000 wysp;535.92;24.89;25.98;49.05;4.27;5.76;3.06;4.2;ciepło/zimno;2026-09-29T13:53:32.978Z
2026-10-10;Wybór menu / TYPES OF VEGE;614;2000;Dieta Wegetariańska;Śniadanie;561;Placki z tofu, szpinakiem i suszonymi pomidorami, dip szczypiorkowy, ogórek;453.06;23.51;32;17.31;2.34;6.35;2.17;11.29;ciepło/zimno;2026-09-29T13:53:32.978Z
2026-10-10;Wybór menu / TYPES OF VEGE;614;2000;Dieta Fish Low Carb & IG;II śniadanie;2;Owoce leśne - shake proteinowy;189.59;14.26;3.96;22.94;4.24;17.01;0.26;2.43;na zimno;2026-09-29T13:53:32.978Z
2026-10-10;Wybór menu / TYPES OF VEGE;614;2000;Dieta Wegańska;II śniadanie;562;Bułeczka musli z hummusem paprykowym, pomidorki;338.16;12.32;15.92;35.73;8.14;4.88;1.39;1.57;na zimno;2026-09-29T13:53:32.978Z
2026-10-10;Wybór menu / TYPES OF VEGE;614;2000;Dieta Wegetariańska;II śniadanie;510;Zupa krem z soczewicy i pieczonej papryki z harissą, grzanka czosnkowo-serowa;277.26;14.19;7.68;34.56;3.09;7.41;3.26;3.61;na ciepło;2026-09-29T13:53:32.978Z
2026-10-10;Wybór menu / TYPES OF VEGE;614;2000;Dieta Fish Low Carb & IG;Obiad;517;Morszczuk w cieście kokosowym na risotto pomidorowym z mozzarellą i grillowaną cukinią;591.21;40.87;31.29;34.85;8.56;8.53;3.19;12.86;na ciepło;2026-09-29T13:53:32.978Z
2026-10-10;Wybór menu / TYPES OF VEGE;614;2000;Dieta Wegańska;Obiad;563;Curry z soczewicą i batatem na mleku kokosowym, komosa ryżowa, świeża kolendra;557.25;16.46;23.54;65.36;13.49;7.86;1.6;10.91;na ciepło;2026-09-29T13:53:32.978Z
2026-10-10;Wybór menu / TYPES OF VEGE;614;2000;Dieta Wegetariańska;Obiad;545;Pierogi z twarogiem, sos malinowy, płatki migdałów;523.06;26.06;13.02;72.79;5.36;19.68;0.21;3.25;ciepło/zimno;2026-09-29T13:53:32.978Z
2026-10-10;Wybór menu / TYPES OF VEGE;614;2000;Dieta Fish Low Carb & IG;Podwieczorek;518;Sernik królewski;331.23;13.4;28.35;5.18;2.39;4.13;0.21;12.68;na zimno;2026-09-29T13:53:32.978Z
2026-10-10;Wybór menu / TYPES OF VEGE;614;2000;Dieta Wegańska;Podwieczorek;537;Tapioka z wanilią i truskawkami;260.1;9.55;5.51;42.33;3.35;30.57;0.41;0.89;na zimno;2026-09-29T13:53:32.978Z
2026-10-10;Wybór menu / TYPES OF VEGE;614;2000;Dieta Wegetariańska;Podwieczorek;558;Deser czereśniowy z wiórkami białej czekolady;323.04;7;16.76;39.01;1.17;24.43;0.24;10.97;na zimno;2026-09-29T13:53:32.978Z
2026-10-10;Wybór menu / TYPES OF VEGE;614;2000;Dieta Fish Low Carb & IG;Kolacja;519;Meksykańska quesadilla z tofu, dip serowy z jalapeno;411.28;19.58;19.49;39.3;5.05;6.24;2.4;8.43;na ciepło;2026-09-29T13:53:32.978Z
2026-10-10;Wybór menu / TYPES OF VEGE;614;2000;Dieta Wegańska;Kolacja;564;Sałatka z roślinnym kurczakiem curry, wegańskim serem, pomidorkami, ogórkiem, czerwoną cebulą, sos czosnkowy;341.11;24.3;21.62;11.64;5.07;4.41;2.23;7.08;na zimno;2026-09-29T13:53:32.978Z
2026-10-10;Wybór menu / TYPES OF VEGE;614;2000;Dieta Wegetariańska;Kolacja;565;Pasta z suszonymi pomidorami, bułka graham, sałata i pomidorki koktajlowe;386.48;18.67;11.21;52.1;14.36;8.4;1.55;1.14;na zimno;2026-09-29T13:53:32.978Z
2026-10-11;Dieta Active Pro;586;1200;Dieta Active Pro;Śniadanie;566;Pasztet drobiowy z pistacjami, twarożek z czosnkiem niedźwiedzim, chleb graham, ogórek kiszony;292;24.17;10.07;26.14;3.41;3.28;1.35;2.79;na zimno;2026-09-29T13:53:32.978Z
2026-10-11;Dieta Active Pro;586;1200;Dieta Active Pro;II śniadanie;567;Omlet z papryką, serem i kiełbasą podwawelską, dip szczypiorkowy, pomidorki;223;14.05;15.94;5.93;1.32;3.9;0.89;5.63;na ciepło;2026-09-29T13:53:32.978Z
2026-10-11;Dieta Active Pro;586;1200;Dieta Active Pro;Obiad;568;Pierogi z serem i jagodami z jogurtem waniliowym;326;19.88;3.84;50.44;2.95;16.36;0.31;1.23;na ciepło;2026-09-29T13:53:32.978Z
2026-10-11;Dieta Active Pro;586;1200;Dieta Active Pro;Podwieczorek;569;Białkowe chia Pinacolada;211;15.41;9.94;19.08;4.62;5.86;0.15;1.94;na zimno;2026-09-29T13:53:32.978Z
2026-10-11;Dieta Active Pro;586;1200;Dieta Active Pro;Kolacja;570;Kanapka z szarpanym indykiem Teriyaki z sezamem, warzywami i dipem kolendrowym;192;15.09;3.34;25.58;3.52;5.26;0.7;0.79;ciepło/zimno;2026-09-29T13:53:32.978Z
2026-10-11;Dieta Ekonomiczna;587;1200;Dieta Ekonomiczna;Śniadanie;571;Naleśniki cynamonowe z twarożkiem bananowym, orzechami arachidowymi i musem z daktyli;395;19.27;13.29;48.17;3.03;22.47;0.26;3.19;ciepło/zimno;2026-09-29T13:53:32.978Z
2026-10-11;Dieta Ekonomiczna;587;1200;Dieta Ekonomiczna;II śniadanie;572;Krem z brokułów z pestkami słonecznika;229;8.62;16.06;12.5;4.38;2.58;0.72;6.78;na ciepło;2026-09-29T13:53:32.978Z
2026-10-11;Dieta Ekonomiczna;587;1200;Dieta Ekonomiczna;Obiad;573;Spaghetti Carbonara;712;20.75;50.5;43.25;2.46;6.71;2.15;22.48;na ciepło;2026-09-29T13:53:32.978Z
2026-10-11;Dieta Ekonomiczna Wege;605;1200;Dieta Ekonomiczna Wege;Śniadanie;574;Szakszuka z jajkiem sadzonym, grillowaną cukinią i szczypiorkiem, chleb czystoziarnisty;376;20.1;23.69;17.92;7.15;5.72;1.32;4.56;na ciepło;2026-09-29T13:53:32.978Z
2026-10-11;Dieta Ekonomiczna Wege;605;1200;Dieta Ekonomiczna Wege;II śniadanie;575;Krem z kalafiora z serkiem topionym, pestki dyni i słonecznika;205;6.53;16.75;6.98;3.15;4.94;1.1;9.68;na ciepło;2026-09-29T13:53:32.978Z
2026-10-11;Dieta Ekonomiczna Wege;605;1200;Dieta Ekonomiczna Wege;Obiad;576;Kotlety z kaszy gryczanej i twarogu, sos grzybowy, puree z konfitowanym czosnkiem, surówka wiosenna;564;23.27;39.48;27.34;11.82;8.42;1.8;14.54;na ciepło;2026-09-29T13:53:32.978Z
2026-10-11;Dieta Fish Low Carb & IG;631;1200;Dieta Fish Low Carb & IG;Śniadanie;574;Szakszuka z jajkiem sadzonym, grillowaną cukinią i szczypiorkiem, chleb czystoziarnisty;235;11.76;14.51;12.48;5.06;4.73;0.93;2.57;na ciepło;2026-09-29T13:53:32.978Z
2026-10-11;Dieta Fish Low Carb & IG;631;1200;Dieta Fish Low Carb & IG;II śniadanie;575;Krem z kalafiora z serkiem topionym, pestki dyni i słonecznika;205;6.53;16.75;6.98;3.15;4.94;1.1;9.68;na ciepło;2026-09-29T13:53:32.978Z
2026-10-11;Dieta Fish Low Carb & IG;631;1200;Dieta Fish Low Carb & IG;Obiad;576;Kotlety z kaszy gryczanej i twarogu, sos grzybowy, puree z konfitowanym czosnkiem, surówka wiosenna;406;16.32;28.67;19.5;8.46;6.28;1.41;10.73;na ciepło;2026-09-29T13:53:32.978Z
2026-10-11;Dieta Fish Low Carb & IG;631;1200;Dieta Fish Low Carb & IG;Podwieczorek;577;Chianka truskawkowa z płatkami prażonego kokosa;137;4.3;7.92;13.73;3.34;5.64;0.08;4.63;na zimno;2026-09-29T13:53:32.978Z
2026-10-11;Dieta Fish Low Carb & IG;631;1200;Dieta Fish Low Carb & IG;Kolacja;578;Makaron w sosie brokułowym z łososiem i mozzarellą;301;17.34;17.36;17.33;3.84;2.28;0.25;6.05;na ciepło;2026-09-29T13:53:32.978Z
2026-10-11;Dieta Fodmap;617;1200;Dieta Fodmap;Śniadanie;579;Placuszki z serka wiejskiego z polędwicą i warzywami, dip ziołowy, pomidorki;187;15.44;9.55;9.64;0.94;4.38;0.85;3.44;ciepło/zimno;2026-09-29T13:53:32.978Z
2026-10-11;Dieta Fodmap;617;1200;Dieta Fodmap;II śniadanie;580;Serniczki kokosowe z polewą malinową, kiwi;239;10.62;9.26;27.14;2.86;17.52;0.26;5.45;na zimno;2026-09-29T13:53:32.978Z
2026-10-11;Dieta Fodmap;617;1200;Dieta Fodmap;Obiad;581;Polędwiczka wieprzowa z sosem pieczeniowym, ziemniaki opiekane, fasolka szparagowa;315;23.61;16.15;17.72;4.9;2.39;1.05;3.12;na ciepło;2026-09-29T13:53:32.978Z
2026-10-11;Dieta Fodmap;617;1200;Dieta Fodmap;Podwieczorek;582;Ciasto z płatkami owsianymi i jogurtem;196;4.89;9.94;21.45;1.43;13.24;0.22;2.75;na zimno;2026-09-29T13:53:32.978Z
2026-10-11;Dieta Fodmap;617;1200;Dieta Fodmap;Kolacja;583;Moussaka z wołowiną, dip 1000 wysp, ogórek;307;19.92;19.52;12.88;1.79;6.34;1.36;5.06;na ciepło;2026-09-29T13:53:32.978Z
2026-10-11;Dieta Hashi Low Gluten & Lactose;629;1200;Dieta Hashi Low Gluten & Lactose;Śniadanie;584;Pasta z tuńczyka z suszonymi pomidorami, bułeczka samo ziarno, papryka;291;15.55;17.58;14.95;3.04;3.32;1.14;2.21;na zimno;2026-09-29T13:53:32.978Z
2026-10-11;Dieta Hashi Low Gluten & Lactose;629;1200;Dieta Hashi Low Gluten & Lactose;II śniadanie;585;Tosty francuskie z pieczarkami i serem, dip pietruszkowy, pomidorki;200;7.2;7.7;24.3;2.56;5.15;1.2;2.15;ciepło/zimno;2026-09-29T13:53:32.978Z
2026-10-11;Dieta Hashi Low Gluten & Lactose;629;1200;Dieta Hashi Low Gluten & Lactose;Obiad;586;Shoarma z kurczaka, ziemniaki opiekane, colesław, dip sriracha-mayo;301;26.29;11.35;23.29;4.63;4.02;0.74;1.71;na ciepło;2026-09-29T13:53:32.978Z
2026-10-11;Dieta Hashi Low Gluten & Lactose;629;1200;Dieta Hashi Low Gluten & Lactose;Podwieczorek;587;Deser mango z płatkami migdałów;136;8.49;6.62;12.09;0.49;7.21;0.07;2.58;na zimno;2026-09-29T13:53:32.978Z
2026-10-11;Dieta Hashi Low Gluten & Lactose;629;1200;Dieta Hashi Low Gluten & Lactose;Kolacja;588;Gofr wytrawny, twarożek serowy, filet z kurczaka, ogórek, pomidor, cebula;296;22.26;14.56;18.85;1.42;3.78;0.84;4.78;ciepło/zimno;2026-09-29T13:53:32.978Z
2026-10-11;Dieta Ketogeniczna;610;1500;Dieta Ketogeniczna;Śniadanie;589;Pancakes czekoladowe z twarożkiem orzechowym i sosem malinowym;381;11.93;33.03;7.57;6.9;5.45;0.52;9.9;ciepło/zimno;2026-09-29T13:53:32.978Z
2026-10-11;Dieta Ketogeniczna;610;1500;Dieta Ketogeniczna;Obiad;590;Bifteki wieprzowe z serem w sosie śmietanowo-ziołowym, ryż z brokuła, pomidor w oliwie bazyliowej;566;19.5;49.08;6.2;3.48;3.52;0.83;15.26;na ciepło;2026-09-29T13:53:32.978Z
2026-10-11;Dieta Ketogeniczna;610;1500;Dieta Ketogeniczna;Podwieczorek;591;Zupa ogórkowa;275;3.45;26.55;5.75;2.42;3.63;1.89;7.08;na ciepło;2026-09-29T13:53:32.978Z
2026-10-11;Dieta Ketogeniczna;610;1500;Dieta Ketogeniczna;Kolacja;592;Zapiekanka jajeczna ala carbonara z boczkiem, cebulą i pieczarkami, dip szczypiorkowy;385;15.29;34.44;2.88;2.3;1.92;1.09;11.4;na ciepło;2026-09-29T13:53:32.978Z
2026-10-11;Dieta Light;612;1500;Dieta Light;Śniadanie;593;Pasta jajeczna z suszonym pomidorem, bułka kukurydziana z sezamem, papryka;280;12.15;14.54;24.63;1.95;1.66;1.15;2.21;na zimno;2026-09-29T13:53:32.978Z
2026-10-11;Dieta Light;612;1500;Dieta Light;II śniadanie;594;Kluski leniwe z sosem cynamonowym i musem truskawkowym;281;16.38;3.61;44.63;1.88;16.52;0.18;0.61;ciepło/zimno;2026-09-29T13:53:32.978Z
2026-10-11;Dieta Light;612;1500;Dieta Light;Obiad;595;Indyk w sosie własnym z limonką, ryż z płatkami suszonego pomidora, buraczki;386;28.03;13.97;36.92;4.11;11.98;0.89;4.34;na ciepło;2026-09-29T13:53:32.978Z
2026-10-11;Dieta Light;612;1500;Dieta Light;Podwieczorek;596;Zielone bułeczki z dyniowo-pomarańczową konfiturą;218;4.85;5.13;37.2;1.26;10.32;0.13;2.1;na zimno;2026-09-29T13:53:32.978Z
2026-10-11;Dieta Light;612;1500;Dieta Light;Kolacja;597;Penne w bazyliowym pesto z mini mozzarellą, cukinią, pomidorkami i pestkami dyni;313;12.49;17.19;26.61;5.42;4.62;0.96;4.46;na ciepło;2026-09-29T13:53:32.978Z
2026-10-11;Dieta Low Carb & IG;628;1200;Dieta Low Carb & IG;Śniadanie;598;Serniczki kokosowe, waniliowy jogurt grecki, konfitura truskawkowa;238;17.98;13.12;14.79;1.38;6.97;0.3;8.13;ciepło/zimno;2026-09-29T13:53:32.978Z
2026-10-11;Dieta Low Carb & IG;628;1200;Dieta Low Carb & IG;II śniadanie;599;Sałatka z serem typu bałkańskiego, szpinakiem, komosą ryżową, brokułem i pomidorkami, winegret;186;7.03;11.89;12.46;3.13;2.25;1.02;2.95;na zimno;2026-09-29T13:53:32.978Z
2026-10-11;Dieta Low Carb & IG;628;1200;Dieta Low Carb & IG;Obiad;600;Kurczak caprese z sosem pomidorowym z bazylią, puree z batata i pietruszki, colesław;376;25.71;22.07;18.63;6.16;5.28;0.95;5;na ciepło;2026-09-29T13:53:32.978Z
2026-10-11;Dieta Low Carb & IG;628;1200;Dieta Low Carb & IG;Podwieczorek;601;Pikantna zupa gulaszowa z łopatką wieprzową;234;13;16.45;8.56;4.29;3.57;0.63;6.84;na ciepło;2026-09-29T13:53:32.978Z
2026-10-11;Dieta Low Carb & IG;628;1200;Dieta Low Carb & IG;Kolacja;602;Pełnoziarnista quesadilla z kurczakiem, szpinakiem i serem, dip duński;255;15.94;10.3;24.77;3.77;3.91;1.16;4.88;ciepło/zimno;2026-09-29T13:53:32.978Z
2026-10-11;Dieta START;634;1500;Dieta START;Śniadanie;571;Naleśniki cynamonowe z twarożkiem bananowym, orzechami arachidowymi i musem z daktyli;395;19.27;13.29;48.17;3.03;22.47;0.26;3.19;ciepło/zimno;2026-09-29T13:53:32.978Z
2026-10-11;Dieta START;634;1500;Dieta START;Obiad;573;Spaghetti Carbonara;800;24.16;56.83;47.58;2.7;7.39;2.44;25.46;na ciepło;2026-09-29T13:53:32.978Z
2026-10-11;Dieta START;634;1500;Dieta START;Kolacja;167;Pinsa z salami, papryką i pieczarkami, dip czosnkowy;390;16.23;19.17;37.22;2.24;7.14;1.9;7.48;na zimno;2026-09-29T13:53:32.978Z
2026-10-11;Dieta Standard;583;1200;Dieta Standard;Śniadanie;571;Naleśniki cynamonowe z twarożkiem bananowym, orzechami arachidowymi i musem z daktyli;211;9.84;6.9;26.74;1.82;13.81;0.14;1.63;ciepło/zimno;2026-09-29T13:53:32.978Z
2026-10-11;Dieta Standard;583;1200;Dieta Standard;II śniadanie;572;Krem z brokułów z pestkami słonecznika;210;7.81;14.6;11.88;4.18;2.58;0.72;6.64;na ciepło;2026-09-29T13:53:32.978Z
2026-10-11;Dieta Standard;583;1200;Dieta Standard;Obiad;573;Spaghetti Carbonara;456;14.13;32.76;25.96;1.49;4.03;1.4;14.61;na ciepło;2026-09-29T13:53:32.978Z
2026-10-11;Dieta Standard;583;1200;Dieta Standard;Podwieczorek;603;Sernik jagodowy na zimno;150;8.94;6.31;15.28;1.04;6.19;0.15;2.15;na zimno;2026-09-29T13:53:32.978Z
2026-10-11;Dieta Standard;583;1200;Dieta Standard;Kolacja;604;Bułeczka z farszem z papryką, szpinakiem, polędwicą wieprzową i serem, dip 1000 wysp, ogórek;254;12.24;11.51;24.78;1.63;3.72;0.74;3.29;ciepło/zimno;2026-09-29T13:53:32.978Z
2026-10-11;Dieta Śródziemnomorska;630;1200;Dieta Śródziemnomorska;Śniadanie;605;Wrap pełnoziarnisty z indykiem i warzywami, dip ziołowy, pomidorki;249;11.58;9.31;28.83;1.33;5.22;0.96;1.72;ciepło/zimno;2026-09-29T13:53:32.978Z
2026-10-11;Dieta Śródziemnomorska;630;1200;Dieta Śródziemnomorska;II śniadanie;606;Kanapka z wędzonym kurczakiem, smarowidłem truflowym z żurawiną, rukola;232;17.43;7.24;24.35;4.38;3.6;2.35;4.57;na zimno;2026-09-29T13:53:32.978Z
2026-10-11;Dieta Śródziemnomorska;630;1200;Dieta Śródziemnomorska;Obiad;607;Łosoś pieczony z sosem cytrynowym, puree ziemniaczane, surówka z białej kapusty z kukurydzą;389;23.38;20.94;26.89;5.03;3.57;0.63;6.97;na ciepło;2026-09-29T13:53:32.978Z
2026-10-11;Dieta Śródziemnomorska;630;1200;Dieta Śródziemnomorska;Podwieczorek;608;Baton daktylowy z borówkową galaretką;177;3.79;8.08;22.06;3.06;16.88;0.1;3.56;na zimno;2026-09-29T13:53:32.978Z
2026-10-11;Dieta Śródziemnomorska;630;1200;Dieta Śródziemnomorska;Kolacja;609;Muffinki brokułowe z serem, dip czosnkowy, papryka;237;14.04;14.24;13.1;2.16;2.73;0.69;6.09;ciepło/zimno;2026-09-29T13:53:32.978Z
2026-10-11;Wybór menu / BASIC;614;2000;BASIC;Śniadanie;571;Naleśniki cynamonowe z twarożkiem bananowym, orzechami arachidowymi i musem z daktyli;395.14;19.27;13.29;48.17;3.03;22.47;0.26;3.19;ciepło/zimno;2026-09-29T13:53:32.978Z
2026-10-11;Wybór menu / BASIC;614;2000;Dieta Active Pro;Śniadanie;566;Pasztet drobiowy z pistacjami, twarożek z czosnkiem niedźwiedzim, chleb graham, ogórek kiszony;483.36;40.8;17.98;39.52;5.1;5.06;1.88;5.04;na zimno;2026-09-29T13:53:32.978Z
2026-10-11;Wybór menu / BASIC;614;2000;Dieta Light;Śniadanie;593;Pasta jajeczna z suszonym pomidorem, bułka kukurydziana z sezamem, papryka;404.26;17.66;21.59;33.98;2.58;2.38;1.69;3.3;na zimno;2026-09-29T13:53:32.978Z
2026-10-11;Wybór menu / BASIC;614;2000;BASIC;II śniadanie;572;Krem z brokułów z pestkami słonecznika;228.59;8.62;16.06;12.5;4.38;2.58;0.72;6.78;na ciepło;2026-09-29T13:53:32.978Z
2026-10-11;Wybór menu / BASIC;614;2000;Dieta Active Pro;II śniadanie;567;Omlet z papryką, serem i kiełbasą podwawelską, dip szczypiorkowy, pomidorki;384.82;24.33;28.1;8.73;1.61;5.11;1.57;10.09;na ciepło;2026-09-29T13:53:32.978Z
2026-10-11;Wybór menu / BASIC;614;2000;Dieta Light;II śniadanie;594;Kluski leniwe z sosem cynamonowym i musem truskawkowym;383.31;21.9;4.85;61.24;2.65;23.49;0.24;0.82;ciepło/zimno;2026-09-29T13:53:32.978Z
2026-10-11;Wybór menu / BASIC;614;2000;BASIC;Obiad;573;Spaghetti Carbonara;712.1;20.75;50.5;43.25;2.46;6.71;2.15;22.48;na ciepło;2026-09-29T13:53:32.978Z
2026-10-11;Wybór menu / BASIC;614;2000;Dieta Active Pro;Obiad;568;Pierogi z serem i jagodami z jogurtem waniliowym;488.17;26.47;6.14;78.04;4.72;24.18;0.43;1.96;na ciepło;2026-09-29T13:53:32.978Z
2026-10-11;Wybór menu / BASIC;614;2000;Dieta Light;Obiad;595;Indyk w sosie własnym z limonką, ryż z płatkami suszonego pomidora, buraczki;518.38;38.69;17.34;52;4.81;12.06;0.99;4.68;na ciepło;2026-09-29T13:53:32.978Z
2026-10-11;Wybór menu / BASIC;614;2000;BASIC;Podwieczorek;603;Sernik jagodowy na zimno;266.93;15.89;11.22;27.16;1.85;11.01;0.27;3.83;na zimno;2026-09-29T13:53:32.978Z
2026-10-11;Wybór menu / BASIC;614;2000;Dieta Active Pro;Podwieczorek;569;Białkowe chia Pinacolada;341.53;24.9;16.06;30.82;7.46;9.46;0.24;3.14;na zimno;2026-09-29T13:53:32.978Z
2026-10-11;Wybór menu / BASIC;614;2000;Dieta Light;Podwieczorek;596;Zielone bułeczki z dyniowo-pomarańczową konfiturą;217.89;4.85;5.13;37.2;1.26;10.32;0.13;2.1;na zimno;2026-09-29T13:53:32.978Z
2026-10-11;Wybór menu / BASIC;614;2000;BASIC;Kolacja;604;Bułeczka z farszem z papryką, szpinakiem, polędwicą wieprzową i serem, dip 1000 wysp, ogórek;384.88;18.21;17.85;36.81;2.25;5.16;1.15;5.04;ciepło/zimno;2026-09-29T13:53:32.978Z
2026-10-11;Wybór menu / BASIC;614;2000;Dieta Active Pro;Kolacja;570;Kanapka z szarpanym indykiem Teriyaki z sezamem, warzywami i dipem kolendrowym;306.92;26.66;5.98;36.77;4.42;8.02;1.06;1.38;ciepło/zimno;2026-09-29T13:53:32.978Z
2026-10-11;Wybór menu / BASIC;614;2000;Dieta Light;Kolacja;597;Penne w bazyliowym pesto z mini mozzarellą, cukinią, pomidorkami i pestkami dyni;414.22;16.54;22.76;35.26;6.88;4.96;1.23;5.99;na ciepło;2026-09-29T13:53:32.978Z
2026-10-11;Wybór menu / COMFORT;614;2000;COMFORT;Śniadanie;571;Naleśniki cynamonowe z twarożkiem bananowym, orzechami arachidowymi i musem z daktyli;395.14;19.27;13.29;48.17;3.03;22.47;0.26;3.19;ciepło/zimno;2026-09-29T13:53:32.978Z
2026-10-11;Wybór menu / COMFORT;614;2000;Dieta Active Pro;Śniadanie;566;Pasztet drobiowy z pistacjami, twarożek z czosnkiem niedźwiedzim, chleb graham, ogórek kiszony;483.36;40.8;17.98;39.52;5.1;5.06;1.88;5.04;na zimno;2026-09-29T13:53:32.978Z
2026-10-11;Wybór menu / COMFORT;614;2000;Dieta Fish Low Carb & IG;Śniadanie;574;Szakszuka z jajkiem sadzonym, grillowaną cukinią i szczypiorkiem, chleb czystoziarnisty;375.79;20.1;23.69;17.92;7.15;5.72;1.32;4.56;na ciepło;2026-09-29T13:53:32.978Z
2026-10-11;Wybór menu / COMFORT;614;2000;Dieta Light;Śniadanie;593;Pasta jajeczna z suszonym pomidorem, bułka kukurydziana z sezamem, papryka;404.26;17.66;21.59;33.98;2.58;2.38;1.69;3.3;na zimno;2026-09-29T13:53:32.978Z
2026-10-11;Wybór menu / COMFORT;614;2000;Dieta Low Carb & IG;Śniadanie;598;Serniczki kokosowe, waniliowy jogurt grecki, konfitura truskawkowa;424.06;34.53;22.41;25.6;2.61;11.64;0.56;13.79;ciepło/zimno;2026-09-29T13:53:32.978Z
2026-10-11;Wybór menu / COMFORT;614;2000;COMFORT;II śniadanie;572;Krem z brokułów z pestkami słonecznika;228.59;8.62;16.06;12.5;4.38;2.58;0.72;6.78;na ciepło;2026-09-29T13:53:32.978Z
2026-10-11;Wybór menu / COMFORT;614;2000;Dieta Active Pro;II śniadanie;567;Omlet z papryką, serem i kiełbasą podwawelską, dip szczypiorkowy, pomidorki;384.82;24.33;28.1;8.73;1.61;5.11;1.57;10.09;na ciepło;2026-09-29T13:53:32.978Z
2026-10-11;Wybór menu / COMFORT;614;2000;Dieta Fish Low Carb & IG;II śniadanie;575;Krem z kalafiora z serkiem topionym, pestki dyni i słonecznika;205.33;6.53;16.75;6.98;3.15;4.94;1.1;9.68;na ciepło;2026-09-29T13:53:32.978Z
2026-10-11;Wybór menu / COMFORT;614;2000;Dieta Light;II śniadanie;594;Kluski leniwe z sosem cynamonowym i musem truskawkowym;383.31;21.9;4.85;61.24;2.65;23.49;0.24;0.82;ciepło/zimno;2026-09-29T13:53:32.978Z
2026-10-11;Wybór menu / COMFORT;614;2000;Dieta Low Carb & IG;II śniadanie;599;Sałatka z serem typu bałkańskiego, szpinakiem, komosą ryżową, brokułem i pomidorkami, winegret;322.55;12.36;20.88;20.95;4.8;4.04;1.99;5.68;na zimno;2026-09-29T13:53:32.978Z
2026-10-11;Wybór menu / COMFORT;614;2000;COMFORT;Obiad;573;Spaghetti Carbonara;712.1;20.75;50.5;43.25;2.46;6.71;2.15;22.48;na ciepło;2026-09-29T13:53:32.978Z
2026-10-11;Wybór menu / COMFORT;614;2000;Dieta Active Pro;Obiad;568;Pierogi z serem i jagodami z jogurtem waniliowym;488.17;26.47;6.14;78.04;4.72;24.18;0.43;1.96;na ciepło;2026-09-29T13:53:32.978Z
2026-10-11;Wybór menu / COMFORT;614;2000;Dieta Fish Low Carb & IG;Obiad;576;Kotlety z kaszy gryczanej i twarogu, sos grzybowy, puree z konfitowanym czosnkiem, surówka wiosenna;564.32;23.27;39.48;27.34;11.82;8.42;1.8;14.54;na ciepło;2026-09-29T13:53:32.978Z
2026-10-11;Wybór menu / COMFORT;614;2000;Dieta Light;Obiad;595;Indyk w sosie własnym z limonką, ryż z płatkami suszonego pomidora, buraczki;518.38;38.69;17.34;52;4.81;12.06;0.99;4.68;na ciepło;2026-09-29T13:53:32.978Z
2026-10-11;Wybór menu / COMFORT;614;2000;Dieta Low Carb & IG;Obiad;600;Kurczak caprese z sosem pomidorowym z bazylią, puree z batata i pietruszki, colesław;513.61;41.08;28.18;23.85;7.58;6.81;1.27;7.66;na ciepło;2026-09-29T13:53:32.978Z
2026-10-11;Wybór menu / COMFORT;614;2000;COMFORT;Podwieczorek;603;Sernik jagodowy na zimno;266.93;15.89;11.22;27.16;1.85;11.01;0.27;3.83;na zimno;2026-09-29T13:53:32.978Z
2026-10-11;Wybór menu / COMFORT;614;2000;Dieta Active Pro;Podwieczorek;569;Białkowe chia Pinacolada;341.53;24.9;16.06;30.82;7.46;9.46;0.24;3.14;na zimno;2026-09-29T13:53:32.978Z
2026-10-11;Wybór menu / COMFORT;614;2000;Dieta Fish Low Carb & IG;Podwieczorek;577;Chianka truskawkowa z płatkami prażonego kokosa;287.72;9.27;16.27;29.74;7.02;12.2;0.17;9.22;na zimno;2026-09-29T13:53:32.978Z
2026-10-11;Wybór menu / COMFORT;614;2000;Dieta Light;Podwieczorek;596;Zielone bułeczki z dyniowo-pomarańczową konfiturą;217.89;4.85;5.13;37.2;1.26;10.32;0.13;2.1;na zimno;2026-09-29T13:53:32.978Z
2026-10-11;Wybór menu / COMFORT;614;2000;Dieta Low Carb & IG;Podwieczorek;601;Pikantna zupa gulaszowa z łopatką wieprzową;284.96;19.19;19.33;8.65;4.34;3.58;0.69;7.66;na ciepło;2026-09-29T13:53:32.978Z
2026-10-11;Wybór menu / COMFORT;614;2000;COMFORT;Kolacja;604;Bułeczka z farszem z papryką, szpinakiem, polędwicą wieprzową i serem, dip 1000 wysp, ogórek;384.88;18.21;17.85;36.81;2.25;5.16;1.15;5.04;ciepło/zimno;2026-09-29T13:53:32.978Z
2026-10-11;Wybór menu / COMFORT;614;2000;Dieta Active Pro;Kolacja;570;Kanapka z szarpanym indykiem Teriyaki z sezamem, warzywami i dipem kolendrowym;306.92;26.66;5.98;36.77;4.42;8.02;1.06;1.38;ciepło/zimno;2026-09-29T13:53:32.978Z
2026-10-11;Wybór menu / COMFORT;614;2000;Dieta Fish Low Carb & IG;Kolacja;578;Makaron w sosie brokułowym z łososiem i mozzarellą;516.14;30.15;29.93;29.08;6.39;3.87;0.48;10.74;na ciepło;2026-09-29T13:53:32.978Z
2026-10-11;Wybór menu / COMFORT;614;2000;Dieta Light;Kolacja;597;Penne w bazyliowym pesto z mini mozzarellą, cukinią, pomidorkami i pestkami dyni;414.22;16.54;22.76;35.26;6.88;4.96;1.23;5.99;na ciepło;2026-09-29T13:53:32.978Z
2026-10-11;Wybór menu / COMFORT;614;2000;Dieta Low Carb & IG;Kolacja;602;Pełnoziarnista quesadilla z kurczakiem, szpinakiem i serem, dip duński;390.68;24.04;16.08;37.46;5.68;6.1;1.77;7.42;ciepło/zimno;2026-09-29T13:53:32.978Z
2026-10-11;Wybór menu / KETO FUSION;614;2000;Dieta Ketogeniczna;Śniadanie;589;Pancakes czekoladowe z twarożkiem orzechowym i sosem malinowym;510.33;16.02;44.06;10.59;9.72;7.67;0.7;13.2;ciepło/zimno;2026-09-29T13:53:32.978Z
2026-10-11;Wybór menu / KETO FUSION;614;2000;Dieta Śródziemnomorska Keto;Śniadanie;610;Szakszuka z jajkiem sadzonym, grillowaną cukinią i szczypiorkiem, chleb keto, masło ziołowo-czosnkowe;567.11;21.8;48.41;9.36;5.89;4.09;1.52;15.7;na ciepło;2026-09-29T13:53:32.978Z
2026-10-11;Wybór menu / KETO FUSION;614;2000;Dieta Ketogeniczna;Obiad;590;Bifteki wieprzowe z serem w sosie śmietanowo-ziołowym, ryż z brokuła, pomidor w oliwie bazyliowej;712.9;27.64;60.21;7.17;4.14;3.67;1.11;19.01;na ciepło;2026-09-29T13:53:32.978Z
2026-10-11;Wybór menu / KETO FUSION;614;2000;Dieta Śródziemnomorska Keto;Obiad;611;Pulpeciki drobiowe z sosem musztardowym, puree sezamowe, fasolka szparagowa w oliwie czosnkowej;714.26;33.14;58.98;10.57;9.23;6.45;0.94;17.01;na ciepło;2026-09-29T13:53:32.978Z
2026-10-11;Wybór menu / KETO FUSION;614;2000;Dieta Ketogeniczna;Podwieczorek;591;Zupa ogórkowa;275.31;3.45;26.55;5.75;2.42;3.63;1.89;7.08;na ciepło;2026-09-29T13:53:32.978Z
2026-10-11;Wybór menu / KETO FUSION;614;2000;Dieta Śródziemnomorska Keto;Podwieczorek;612;Truskawkowa pianka a'la marshmallow keto;259.22;4.61;25.66;2.69;0.16;2.64;0.07;16.08;na zimno;2026-09-29T13:53:32.978Z
2026-10-11;Wybór menu / KETO FUSION;614;2000;Dieta Ketogeniczna;Kolacja;592;Zapiekanka jajeczna ala carbonara z boczkiem, cebulą i pieczarkami, dip szczypiorkowy;628.3;24.8;56.22;4.73;3.73;3.16;1.78;18.54;na ciepło;2026-09-29T13:53:32.978Z
2026-10-11;Wybór menu / KETO FUSION;614;2000;Dieta Śródziemnomorska Keto;Kolacja;613;Muffinki jajeczne z salami, czarnuszką i serem, dip sriracha-mayo, papryka;548.5;28.43;44.24;8.49;3.59;3.18;2.16;16.15;ciepło/zimno;2026-09-29T13:53:32.978Z
2026-10-11;Wybór menu / LADIES VIBES;614;2000;BASIC;Śniadanie;571;Naleśniki cynamonowe z twarożkiem bananowym, orzechami arachidowymi i musem z daktyli;395.14;19.27;13.29;48.17;3.03;22.47;0.26;3.19;ciepło/zimno;2026-09-29T13:53:32.978Z
2026-10-11;Wybór menu / LADIES VIBES;614;2000;Dieta Active Pro;Śniadanie;566;Pasztet drobiowy z pistacjami, twarożek z czosnkiem niedźwiedzim, chleb graham, ogórek kiszony;483.36;40.8;17.98;39.52;5.1;5.06;1.88;5.04;na zimno;2026-09-29T13:53:32.978Z
2026-10-11;Wybór menu / LADIES VIBES;614;2000;Dieta Light;Śniadanie;593;Pasta jajeczna z suszonym pomidorem, bułka kukurydziana z sezamem, papryka;404.26;17.66;21.59;33.98;2.58;2.38;1.69;3.3;na zimno;2026-09-29T13:53:32.978Z
2026-10-11;Wybór menu / LADIES VIBES;614;2000;BASIC;II śniadanie;572;Krem z brokułów z pestkami słonecznika;228.59;8.62;16.06;12.5;4.38;2.58;0.72;6.78;na ciepło;2026-09-29T13:53:32.978Z
2026-10-11;Wybór menu / LADIES VIBES;614;2000;Dieta Active Pro;II śniadanie;567;Omlet z papryką, serem i kiełbasą podwawelską, dip szczypiorkowy, pomidorki;384.82;24.33;28.1;8.73;1.61;5.11;1.57;10.09;na ciepło;2026-09-29T13:53:32.978Z
2026-10-11;Wybór menu / LADIES VIBES;614;2000;Dieta Light;II śniadanie;594;Kluski leniwe z sosem cynamonowym i musem truskawkowym;383.31;21.9;4.85;61.24;2.65;23.49;0.24;0.82;ciepło/zimno;2026-09-29T13:53:32.978Z
2026-10-11;Wybór menu / LADIES VIBES;614;2000;BASIC;Obiad;573;Spaghetti Carbonara;712.1;20.75;50.5;43.25;2.46;6.71;2.15;22.48;na ciepło;2026-09-29T13:53:32.978Z
2026-10-11;Wybór menu / LADIES VIBES;614;2000;Dieta Active Pro;Obiad;568;Pierogi z serem i jagodami z jogurtem waniliowym;488.17;26.47;6.14;78.04;4.72;24.18;0.43;1.96;na ciepło;2026-09-29T13:53:32.978Z
2026-10-11;Wybór menu / LADIES VIBES;614;2000;Dieta Light;Obiad;595;Indyk w sosie własnym z limonką, ryż z płatkami suszonego pomidora, buraczki;518.38;38.69;17.34;52;4.81;12.06;0.99;4.68;na ciepło;2026-09-29T13:53:32.978Z
2026-10-11;Wybór menu / LADIES VIBES;614;2000;BASIC;Podwieczorek;603;Sernik jagodowy na zimno;266.93;15.89;11.22;27.16;1.85;11.01;0.27;3.83;na zimno;2026-09-29T13:53:32.978Z
2026-10-11;Wybór menu / LADIES VIBES;614;2000;Dieta Active Pro;Podwieczorek;569;Białkowe chia Pinacolada;341.53;24.9;16.06;30.82;7.46;9.46;0.24;3.14;na zimno;2026-09-29T13:53:32.978Z
2026-10-11;Wybór menu / LADIES VIBES;614;2000;Dieta Light;Podwieczorek;596;Zielone bułeczki z dyniowo-pomarańczową konfiturą;217.89;4.85;5.13;37.2;1.26;10.32;0.13;2.1;na zimno;2026-09-29T13:53:32.978Z
2026-10-11;Wybór menu / LADIES VIBES;614;2000;BASIC;Kolacja;604;Bułeczka z farszem z papryką, szpinakiem, polędwicą wieprzową i serem, dip 1000 wysp, ogórek;384.88;18.21;17.85;36.81;2.25;5.16;1.15;5.04;ciepło/zimno;2026-09-29T13:53:32.978Z
2026-10-11;Wybór menu / LADIES VIBES;614;2000;Dieta Active Pro;Kolacja;570;Kanapka z szarpanym indykiem Teriyaki z sezamem, warzywami i dipem kolendrowym;306.92;26.66;5.98;36.77;4.42;8.02;1.06;1.38;ciepło/zimno;2026-09-29T13:53:32.978Z
2026-10-11;Wybór menu / LADIES VIBES;614;2000;Dieta Light;Kolacja;597;Penne w bazyliowym pesto z mini mozzarellą, cukinią, pomidorkami i pestkami dyni;414.22;16.54;22.76;35.26;6.88;4.96;1.23;5.99;na ciepło;2026-09-29T13:53:32.978Z
2026-10-11;Wybór menu / SUPREME;614;2000;Dieta Active Pro;Śniadanie;566;Pasztet drobiowy z pistacjami, twarożek z czosnkiem niedźwiedzim, chleb graham, ogórek kiszony;483.36;40.8;17.98;39.52;5.1;5.06;1.88;5.04;na zimno;2026-09-29T13:53:32.978Z
2026-10-11;Wybór menu / SUPREME;614;2000;Dieta Fish Low Carb & IG;Śniadanie;574;Szakszuka z jajkiem sadzonym, grillowaną cukinią i szczypiorkiem, chleb czystoziarnisty;375.79;20.1;23.69;17.92;7.15;5.72;1.32;4.56;na ciepło;2026-09-29T13:53:32.978Z
2026-10-11;Wybór menu / SUPREME;614;2000;Dieta Kuchnie Świata;Śniadanie;614;Frankfurterki wieprzowo-drobiowe, chleb z ziarnami, dip curry, pomidorki;465.64;24.9;20.9;43.57;1.18;6.02;1.49;4.74;na zimno;2026-09-29T13:53:32.978Z
2026-10-11;Wybór menu / SUPREME;614;2000;Dieta Light;Śniadanie;593;Pasta jajeczna z suszonym pomidorem, bułka kukurydziana z sezamem, papryka;404.26;17.66;21.59;33.98;2.58;2.38;1.69;3.3;na zimno;2026-09-29T13:53:32.978Z
2026-10-11;Wybór menu / SUPREME;614;2000;Dieta Low Carb & IG;Śniadanie;598;Serniczki kokosowe, waniliowy jogurt grecki, konfitura truskawkowa;424.06;34.53;22.41;25.6;2.61;11.64;0.56;13.79;ciepło/zimno;2026-09-29T13:53:32.978Z
2026-10-11;Wybór menu / SUPREME;614;2000;Dieta Top Taste;Śniadanie;179;Burger Truflon Vikinga;581.56;23.18;31.21;51.23;3.29;11.6;1.53;10.53;na ciepło;2026-09-29T13:53:32.978Z
2026-10-11;Wybór menu / SUPREME;614;2000;Dieta Śródziemnomorska;Śniadanie;605;Wrap pełnoziarnisty z indykiem i warzywami, dip ziołowy, pomidorki;472.71;22.12;17.35;54.92;1.71;7.79;1.89;3.22;ciepło/zimno;2026-09-29T13:53:32.978Z
2026-10-11;Wybór menu / SUPREME;614;2000;SUPREME;Śniadanie;571;Naleśniki cynamonowe z twarożkiem bananowym, orzechami arachidowymi i musem z daktyli;395.14;19.27;13.29;48.17;3.03;22.47;0.26;3.19;ciepło/zimno;2026-09-29T13:53:32.978Z
2026-10-11;Wybór menu / SUPREME;614;2000;Dieta Active Pro;II śniadanie;567;Omlet z papryką, serem i kiełbasą podwawelską, dip szczypiorkowy, pomidorki;384.82;24.33;28.1;8.73;1.61;5.11;1.57;10.09;na ciepło;2026-09-29T13:53:32.978Z
2026-10-11;Wybór menu / SUPREME;614;2000;Dieta Fish Low Carb & IG;II śniadanie;575;Krem z kalafiora z serkiem topionym, pestki dyni i słonecznika;205.33;6.53;16.75;6.98;3.15;4.94;1.1;9.68;na ciepło;2026-09-29T13:53:32.978Z
2026-10-11;Wybór menu / SUPREME;614;2000;Dieta Kuchnie Świata;II śniadanie;615;Pancakes z twarożkiem straciatella z orzechami i musem truskawkowym;431.22;15.58;14.87;57.41;2.31;24.02;0.44;2.83;na zimno;2026-09-29T13:53:32.978Z
2026-10-11;Wybór menu / SUPREME;614;2000;Dieta Light;II śniadanie;594;Kluski leniwe z sosem cynamonowym i musem truskawkowym;383.31;21.9;4.85;61.24;2.65;23.49;0.24;0.82;ciepło/zimno;2026-09-29T13:53:32.978Z
2026-10-11;Wybór menu / SUPREME;614;2000;Dieta Low Carb & IG;II śniadanie;599;Sałatka z serem typu bałkańskiego, szpinakiem, komosą ryżową, brokułem i pomidorkami, winegret;322.55;12.36;20.88;20.95;4.8;4.04;1.99;5.68;na zimno;2026-09-29T13:53:32.978Z
2026-10-11;Wybór menu / SUPREME;614;2000;Dieta Top Taste;II śniadanie;181;Kasza manna z konfiturą jagodową;205.04;8.36;3.48;40.37;0.88;10.74;0.22;2.19;ciepło/zimno;2026-09-29T13:53:32.978Z
2026-10-11;Wybór menu / SUPREME;614;2000;Dieta Śródziemnomorska;II śniadanie;606;Kanapka z wędzonym kurczakiem, smarowidłem truflowym z żurawiną, rukola;324.11;23.57;11.38;31.96;5.78;4.31;3.19;6.88;na zimno;2026-09-29T13:53:32.978Z
2026-10-11;Wybór menu / SUPREME;614;2000;SUPREME;II śniadanie;572;Krem z brokułów z pestkami słonecznika;228.59;8.62;16.06;12.5;4.38;2.58;0.72;6.78;na ciepło;2026-09-29T13:53:32.978Z
2026-10-11;Wybór menu / SUPREME;614;2000;Dieta Active Pro;Obiad;568;Pierogi z serem i jagodami z jogurtem waniliowym;488.17;26.47;6.14;78.04;4.72;24.18;0.43;1.96;na ciepło;2026-09-29T13:53:32.978Z
2026-10-11;Wybór menu / SUPREME;614;2000;Dieta Fish Low Carb & IG;Obiad;576;Kotlety z kaszy gryczanej i twarogu, sos grzybowy, puree z konfitowanym czosnkiem, surówka wiosenna;564.32;23.27;39.48;27.34;11.82;8.42;1.8;14.54;na ciepło;2026-09-29T13:53:32.978Z
2026-10-11;Wybór menu / SUPREME;614;2000;Dieta Kuchnie Świata;Obiad;616;Wołowina po meksykańsku z fasolą czerwoną i cheddarem, ryż basmati, salsa pomidorowa z kolendrą;524.68;22.64;20.7;58.67;4.54;10.19;2.22;6.91;na ciepło;2026-09-29T13:53:32.978Z
2026-10-11;Wybór menu / SUPREME;614;2000;Dieta Light;Obiad;595;Indyk w sosie własnym z limonką, ryż z płatkami suszonego pomidora, buraczki;518.38;38.69;17.34;52;4.81;12.06;0.99;4.68;na ciepło;2026-09-29T13:53:32.978Z
2026-10-11;Wybór menu / SUPREME;614;2000;Dieta Low Carb & IG;Obiad;600;Kurczak caprese z sosem pomidorowym z bazylią, puree z batata i pietruszki, colesław;513.61;41.08;28.18;23.85;7.58;6.81;1.27;7.66;na ciepło;2026-09-29T13:53:32.978Z
2026-10-11;Wybór menu / SUPREME;614;2000;Dieta Top Taste;Obiad;166;Tikka masala z kurczakiem, ryżem basmati i orzechami nerkowca;569.2;40.97;19.76;56.61;4.41;8.79;1.15;5.99;na ciepło;2026-09-29T13:53:32.978Z
2026-10-11;Wybór menu / SUPREME;614;2000;Dieta Śródziemnomorska;Obiad;607;Łosoś pieczony z sosem cytrynowym, puree ziemniaczane, surówka z białej kapusty z kukurydzą;521.32;32.54;27.51;35.88;5.8;4.34;0.78;8.84;na ciepło;2026-09-29T13:53:32.978Z
2026-10-11;Wybór menu / SUPREME;614;2000;SUPREME;Obiad;573;Spaghetti Carbonara;712.1;20.75;50.5;43.25;2.46;6.71;2.15;22.48;na ciepło;2026-09-29T13:53:32.978Z
2026-10-11;Wybór menu / SUPREME;614;2000;Dieta Active Pro;Podwieczorek;569;Białkowe chia Pinacolada;341.53;24.9;16.06;30.82;7.46;9.46;0.24;3.14;na zimno;2026-09-29T13:53:32.978Z
2026-10-11;Wybór menu / SUPREME;614;2000;Dieta Fish Low Carb & IG;Podwieczorek;577;Chianka truskawkowa z płatkami prażonego kokosa;287.72;9.27;16.27;29.74;7.02;12.2;0.17;9.22;na zimno;2026-09-29T13:53:32.978Z
2026-10-11;Wybór menu / SUPREME;614;2000;Dieta Kuchnie Świata;Podwieczorek;617;Waniliowa panna cotta;301.12;14.17;23.3;8.71;0;8.13;0.19;15.53;na zimno;2026-09-29T13:53:32.978Z
2026-10-11;Wybór menu / SUPREME;614;2000;Dieta Light;Podwieczorek;596;Zielone bułeczki z dyniowo-pomarańczową konfiturą;217.89;4.85;5.13;37.2;1.26;10.32;0.13;2.1;na zimno;2026-09-29T13:53:32.978Z
2026-10-11;Wybór menu / SUPREME;614;2000;Dieta Low Carb & IG;Podwieczorek;601;Pikantna zupa gulaszowa z łopatką wieprzową;284.96;19.19;19.33;8.65;4.34;3.58;0.69;7.66;na ciepło;2026-09-29T13:53:32.978Z
2026-10-11;Wybór menu / SUPREME;614;2000;Dieta Top Taste;Podwieczorek;4;Batonik owsiany z czekoladą;326.87;9.6;16.36;35.31;3.07;20.03;0.2;3.96;na zimno;2026-09-29T13:53:32.978Z
2026-10-11;Wybór menu / SUPREME;614;2000;Dieta Śródziemnomorska;Podwieczorek;608;Baton daktylowy z borówkową galaretką;412.41;8.84;18.86;51.46;7.13;39.39;0.22;8.31;na zimno;2026-09-29T13:53:32.978Z
2026-10-11;Wybór menu / SUPREME;614;2000;SUPREME;Podwieczorek;603;Sernik jagodowy na zimno;266.93;15.89;11.22;27.16;1.85;11.01;0.27;3.83;na zimno;2026-09-29T13:53:32.978Z
2026-10-11;Wybór menu / SUPREME;614;2000;Dieta Active Pro;Kolacja;570;Kanapka z szarpanym indykiem Teriyaki z sezamem, warzywami i dipem kolendrowym;306.92;26.66;5.98;36.77;4.42;8.02;1.06;1.38;ciepło/zimno;2026-09-29T13:53:32.978Z
2026-10-11;Wybór menu / SUPREME;614;2000;Dieta Fish Low Carb & IG;Kolacja;578;Makaron w sosie brokułowym z łososiem i mozzarellą;516.14;30.15;29.93;29.08;6.39;3.87;0.48;10.74;na ciepło;2026-09-29T13:53:32.978Z
2026-10-11;Wybór menu / SUPREME;614;2000;Dieta Kuchnie Świata;Kolacja;618;Smalczyk z ciecierzycy z jabłkiem, prażony słonecznik, chleb razowy, ogórek kiszony;325.62;8.89;14.44;40.14;8.31;4.2;1.73;1.19;na zimno;2026-09-29T13:53:32.978Z
2026-10-11;Wybór menu / SUPREME;614;2000;Dieta Light;Kolacja;597;Penne w bazyliowym pesto z mini mozzarellą, cukinią, pomidorkami i pestkami dyni;414.22;16.54;22.76;35.26;6.88;4.96;1.23;5.99;na ciepło;2026-09-29T13:53:32.978Z
2026-10-11;Wybór menu / SUPREME;614;2000;Dieta Low Carb & IG;Kolacja;602;Pełnoziarnista quesadilla z kurczakiem, szpinakiem i serem, dip duński;390.68;24.04;16.08;37.46;5.68;6.1;1.77;7.42;ciepło/zimno;2026-09-29T13:53:32.978Z
2026-10-11;Wybór menu / SUPREME;614;2000;Dieta Top Taste;Kolacja;167;Pinsa z salami, papryką i pieczarkami, dip czosnkowy;390.38;16.23;19.17;37.22;2.24;7.14;1.9;7.48;na zimno;2026-09-29T13:53:32.978Z
2026-10-11;Wybór menu / SUPREME;614;2000;Dieta Śródziemnomorska;Kolacja;609;Muffinki brokułowe z serem, dip czosnkowy, papryka;353.14;20.92;21.81;18.33;2.98;4.25;1.05;9.25;ciepło/zimno;2026-09-29T13:53:32.978Z
2026-10-11;Wybór menu / SUPREME;614;2000;SUPREME;Kolacja;604;Bułeczka z farszem z papryką, szpinakiem, polędwicą wieprzową i serem, dip 1000 wysp, ogórek;384.88;18.21;17.85;36.81;2.25;5.16;1.15;5.04;ciepło/zimno;2026-09-29T13:53:32.978Z
2026-10-11;Wybór menu / TYPES OF VEGE;614;2000;Dieta Fish Low Carb & IG;Śniadanie;574;Szakszuka z jajkiem sadzonym, grillowaną cukinią i szczypiorkiem, chleb czystoziarnisty;375.79;20.1;23.69;17.92;7.15;5.72;1.32;4.56;na ciepło;2026-09-29T13:53:32.978Z
2026-10-11;Wybór menu / TYPES OF VEGE;614;2000;Dieta Wegańska;Śniadanie;619;Naleśnik z twarożkiem wiśniowym z wiórkami czekolady i kiwi;377.76;9.6;16.47;46.54;2.7;17.03;0.56;10.74;ciepło/zimno;2026-09-29T13:53:32.978Z
2026-10-11;Wybór menu / TYPES OF VEGE;614;2000;Dieta Wegetariańska;Śniadanie;593;Pasta jajeczna z suszonym pomidorem, bułka kukurydziana z sezamem, papryka;317.92;14.08;17.58;25.26;2.04;1.97;1.29;2.69;na zimno;2026-09-29T13:53:32.978Z
2026-10-11;Wybór menu / TYPES OF VEGE;614;2000;Dieta Fish Low Carb & IG;II śniadanie;575;Krem z kalafiora z serkiem topionym, pestki dyni i słonecznika;205.33;6.53;16.75;6.98;3.15;4.94;1.1;9.68;na ciepło;2026-09-29T13:53:32.978Z
2026-10-11;Wybór menu / TYPES OF VEGE;614;2000;Dieta Wegańska;II śniadanie;620;Sok świeżo wyciskany z jabłka, gruszki i marchewki;145.95;1.75;1.07;32.2;7.43;28.85;0.1;0;na zimno;2026-09-29T13:53:32.978Z
2026-10-11;Wybór menu / TYPES OF VEGE;614;2000;Dieta Wegetariańska;II śniadanie;114;Croissant z serem camembert, smarowidło truflowe, żurawina, rukola;354.46;9.39;26.93;18.31;1.18;6.22;0.99;14.04;na zimno;2026-09-29T13:53:32.978Z
2026-10-11;Wybór menu / TYPES OF VEGE;614;2000;Dieta Fish Low Carb & IG;Obiad;576;Kotlety z kaszy gryczanej i twarogu, sos grzybowy, puree z konfitowanym czosnkiem, surówka wiosenna;564.32;23.27;39.48;27.34;11.82;8.42;1.8;14.54;na ciepło;2026-09-29T13:53:32.978Z
2026-10-11;Wybór menu / TYPES OF VEGE;614;2000;Dieta Wegańska;Obiad;621;Stripsy roślinne z puree ziemniaczanym i buraczkami;620.93;27.8;26.28;67.39;6.63;13;2.18;8.93;na ciepło;2026-09-29T13:53:32.978Z
2026-10-11;Wybór menu / TYPES OF VEGE;614;2000;Dieta Wegetariańska;Obiad;622;Gulasz paprykowy z pieczarkami i kąskami sojowymi, kasza bulgur, surówka z białej kapusty, ogórka i rzodkiewki;460.99;18.52;19.32;51.82;15.07;13.63;1.8;4.95;na ciepło;2026-09-29T13:53:32.978Z
2026-10-11;Wybór menu / TYPES OF VEGE;614;2000;Dieta Fish Low Carb & IG;Podwieczorek;577;Chianka truskawkowa z płatkami prażonego kokosa;287.72;9.27;16.27;29.74;7.02;12.2;0.17;9.22;na zimno;2026-09-29T13:53:32.978Z
2026-10-11;Wybór menu / TYPES OF VEGE;614;2000;Dieta Wegańska;Podwieczorek;623;Wegański sernik z wiśniami;408.26;10.5;23.65;38.99;2.58;3.31;0.17;14.42;na zimno;2026-09-29T13:53:32.978Z
2026-10-11;Wybór menu / TYPES OF VEGE;614;2000;Dieta Wegetariańska;Podwieczorek;624;Biszkopt czekoladowy z kremem mlecznym;423.41;9.1;30.27;26.59;5.09;18.83;0.49;8.64;na zimno;2026-09-29T13:53:32.978Z
2026-10-11;Wybór menu / TYPES OF VEGE;614;2000;Dieta Fish Low Carb & IG;Kolacja;578;Makaron w sosie brokułowym z łososiem i mozzarellą;516.14;30.15;29.93;29.08;6.39;3.87;0.48;10.74;na ciepło;2026-09-29T13:53:32.978Z
2026-10-11;Wybór menu / TYPES OF VEGE;614;2000;Dieta Wegańska;Kolacja;625;Placki ziemniaczane z fasolką po bretońsku, natka pietruszki;424.28;12.78;13.57;58.54;5.43;8.69;1.48;2.84;na ciepło;2026-09-29T13:53:32.978Z
2026-10-11;Wybór menu / TYPES OF VEGE;614;2000;Dieta Wegetariańska;Kolacja;626;Muffinki brokułowe z serem, dip sriracha-mayo, papryka;360.24;19.43;25.69;12.89;2.54;3.54;1.27;9.61;ciepło/zimno;2026-09-29T13:53:32.978Z
2026-10-12;Dieta Active Pro;586;1200;Dieta Active Pro;Śniadanie;627;Kanapka z pieczonym schabem w tymianku, twarożek szczypiorkowy, papryka, bułka musli;262;25.9;6.62;24.23;2.09;3.15;0.68;1.34;na zimno;2026-09-29T13:53:32.978Z
2026-10-12;Dieta Active Pro;586;1200;Dieta Active Pro;II śniadanie;369;Egzotyczny shake proteinowy;215;14.34;3.87;30.18;1.17;24.5;0.27;2.51;na zimno;2026-09-29T13:53:32.978Z
2026-10-12;Dieta Active Pro;586;1200;Dieta Active Pro;Obiad;628;Siekane kotleciki drobiowe ze szpinakiem i pieczarkami, sos śmietanowo-musztardowy, biała kasza gryczana, sałatka szwedzka;386;19.49;18.25;35.39;5.32;10.13;1.66;6.99;na ciepło;2026-09-29T13:53:32.978Z
2026-10-12;Dieta Active Pro;586;1200;Dieta Active Pro;Podwieczorek;629;Brzoskwiniowy sernik na zimno na ciasteczkowym spodzie;132;6.84;5.73;13.83;0.47;6.15;0.11;1.65;na zimno;2026-09-29T13:53:32.978Z
2026-10-12;Dieta Active Pro;586;1200;Dieta Active Pro;Kolacja;630;Sałatka azjatycka z kurczakiem;271;22.92;10.82;20.56;2.48;3.42;0.75;2.13;na zimno;2026-09-29T13:53:32.978Z
2026-10-12;Dieta Ekonomiczna;587;1200;Dieta Ekonomiczna;Śniadanie;631;Gofr czekoladowy, serek waniliowy, konfitura malinowa, wiórki czekolady;581;31.07;17.45;71.8;3.93;34.28;0.93;6.06;ciepło/zimno;2026-09-29T13:53:32.978Z
2026-10-12;Dieta Ekonomiczna;587;1200;Dieta Ekonomiczna;II śniadanie;632;Pikantny krem z pomidorów, makaron z pesto, mozzarella;288;9.25;14.21;30.18;4.51;8.05;0.94;4.04;na ciepło;2026-09-29T13:53:32.978Z
2026-10-12;Dieta Ekonomiczna;587;1200;Dieta Ekonomiczna;Obiad;633;Polędwiczka wieprzowa w sosie cebulowym, puree ziemniaczane, surówka z marchewki i pora;525;39.4;25.06;33.86;6.08;10.48;1.23;11.91;na ciepło;2026-09-29T13:53:32.978Z
2026-10-12;Dieta Ekonomiczna Wege;605;1200;Dieta Ekonomiczna Wege;Śniadanie;634;Omleciki jajeczne z papryką i serem bałkańskim, pomidorki, dip duński;397;16.47;31.21;11.05;6.67;5.6;2.52;8.74;ciepło/zimno;2026-09-29T13:53:32.978Z
2026-10-12;Dieta Ekonomiczna Wege;605;1200;Dieta Ekonomiczna Wege;II śniadanie;635;Chana masala z cieciorką i pestkami dyni;299;10.68;17.26;24.91;5.53;6.18;1.35;7.11;na ciepło;2026-09-29T13:53:32.978Z
2026-10-12;Dieta Ekonomiczna Wege;605;1200;Dieta Ekonomiczna Wege;Obiad;636;Filet z miruny w sosie kokosowym curry, czarno-białym ryżem i surówką azjatycką z marchewką i kolendrą;489;32.71;18.51;49.11;6.52;3.63;1;6.62;na ciepło;2026-09-29T13:53:32.978Z
2026-10-12;Dieta Fish Low Carb & IG;631;1200;Dieta Fish Low Carb & IG;Śniadanie;634;Omleciki jajeczne z papryką i serem bałkańskim, pomidorki, dip duński;220;8.6;17.46;6.56;3.72;3.81;1.29;4.6;ciepło/zimno;2026-09-29T13:53:32.978Z
2026-10-12;Dieta Fish Low Carb & IG;631;1200;Dieta Fish Low Carb & IG;II śniadanie;635;Chana masala z cieciorką i pestkami dyni;180;6.51;10.5;14.72;3.29;3.62;0.79;4.25;na ciepło;2026-09-29T13:53:32.978Z
2026-10-12;Dieta Fish Low Carb & IG;631;1200;Dieta Fish Low Carb & IG;Obiad;636;Filet z miruny w sosie kokosowym curry, czarno-białym ryżem i surówką azjatycką z marchewką i kolendrą;347;20.86;15.25;32.31;5.66;3.55;0.93;6.4;na ciepło;2026-09-29T13:53:32.978Z
2026-10-12;Dieta Fish Low Carb & IG;631;1200;Dieta Fish Low Carb & IG;Podwieczorek;637;Pudding chia z wiśnią;204;6.11;17.3;5.93;4.38;4.9;0.04;12.35;na zimno;2026-09-29T13:53:32.978Z
2026-10-12;Dieta Fish Low Carb & IG;631;1200;Dieta Fish Low Carb & IG;Kolacja;638;Twarożek łososiowy, chleb żytni, papryka;260;9.24;13.18;26.21;4.84;2.57;1.43;2.96;na zimno;2026-09-29T13:53:32.978Z
2026-10-12;Dieta Fodmap;617;1200;Dieta Fodmap;Śniadanie;639;Wytrawny naleśnik z farszem gyros, dip bazyliowy, pomidorki;179;8.59;10.34;12.77;1.42;3.87;0.77;1.39;ciepło/zimno;2026-09-29T13:53:32.978Z
2026-10-12;Dieta Fodmap;617;1200;Dieta Fodmap;II śniadanie;640;Zupa krem z papryki i pomidorów z ryżem basmati;190;3.79;7.28;27.08;3.52;6.23;0.82;3.82;na ciepło;2026-09-29T13:53:32.978Z
2026-10-12;Dieta Fodmap;617;1200;Dieta Fodmap;Obiad;641;Polędwiczka wieprzowa w sosie śmietanowo-chrzanowym, puree ziemniaczane, marchewka baby z masłem i tymiankiem;357;23.35;18.35;23.65;5.16;4.76;0.82;10.43;na ciepło;2026-09-29T13:53:32.978Z
2026-10-12;Dieta Fodmap;617;1200;Dieta Fodmap;Podwieczorek;642;Sernik bananowy na zimno;174;4.33;7.06;23.15;0.45;7.06;0.09;2.75;na zimno;2026-09-29T13:53:32.978Z
2026-10-12;Dieta Fodmap;617;1200;Dieta Fodmap;Kolacja;643;Makaron penne w sosie szpinakowym z indykiem i mozzarellą;297;14.54;13.55;29.22;1.3;1.15;0.33;5.86;na ciepło;2026-09-29T13:53:32.978Z
2026-10-12;Dieta Hashi Low Gluten & Lactose;629;1200;Dieta Hashi Low Gluten & Lactose;Śniadanie;644;Placuszki marchewkowe z kaszą jaglaną, polędwicą wieprzową i suszonym pomidorem, papryka, dip czosnkowy;239;11.34;13.03;19.3;2.49;3.2;0.48;3.96;ciepło/zimno;2026-09-29T13:53:32.978Z
2026-10-12;Dieta Hashi Low Gluten & Lactose;629;1200;Dieta Hashi Low Gluten & Lactose;II śniadanie;645;Owsianka czekoladowa z twarożkiem wiśniowo-porzeczkowym i orzechami nerkowca;210;8.68;8.67;24.5;2.36;8.84;0.12;3.8;ciepło/zimno;2026-09-29T13:53:32.978Z
2026-10-12;Dieta Hashi Low Gluten & Lactose;629;1200;Dieta Hashi Low Gluten & Lactose;Obiad;646;Siekane kotleciki drobiowe ze szpinakiem i pieczarkami w sosie śmietanowo-musztardowym, komosa ryżowa, sałatka szwedzka z marchewką;428;23.07;12.94;53.79;7.17;11.3;1.88;4.72;na ciepło;2026-09-29T13:53:32.978Z
2026-10-12;Dieta Hashi Low Gluten & Lactose;629;1200;Dieta Hashi Low Gluten & Lactose;Podwieczorek;647;Ciasto marchewkowe;200;3.52;11.41;20.63;1.18;9.81;0.26;4.36;na zimno;2026-09-29T13:53:32.978Z
2026-10-12;Dieta Hashi Low Gluten & Lactose;629;1200;Dieta Hashi Low Gluten & Lactose;Kolacja;648;Sałatka grecka z serem typu bałkańskiego, winegret ziołowy;199;5.41;16.7;6.65;1.24;3.51;1.54;5.56;na zimno;2026-09-29T13:53:32.978Z
2026-10-12;Dieta Ketogeniczna;610;1500;Dieta Ketogeniczna;Śniadanie;213;Kiełbaski maślane własnego wyrobu, pieczywo twarogowe, ogórek kiszony, dip algierski;379;25.41;27.08;6.74;2.07;4.37;1.29;7.52;ciepło/zimno;2026-09-29T13:53:32.978Z
2026-10-12;Dieta Ketogeniczna;610;1500;Dieta Ketogeniczna;Obiad;649;Nuggetsy z kurczaka z selerem pieczonym, surówką z czerwonej kapusty i dipem 1000 wysp;485;23.3;40.06;8.08;4.39;3.26;0.88;3.9;na ciepło;2026-09-29T13:53:32.978Z
2026-10-12;Dieta Ketogeniczna;610;1500;Dieta Ketogeniczna;Podwieczorek;650;Krem z pomidorów z wołowiną, mozzarella w pesto;374;14.88;30.4;10.25;2.81;6.71;1.2;13.92;na ciepło;2026-09-29T13:53:32.978Z
2026-10-12;Dieta Ketogeniczna;610;1500;Dieta Ketogeniczna;Kolacja;651;Placki brokułowe z serem posypane prażonym boczkiem, pomidorki, dip ranczerski;370;12.19;33.53;5.07;2.94;3.09;0.91;9.55;ciepło/zimno;2026-09-29T13:53:32.978Z
2026-10-12;Dieta Light;612;1500;Dieta Light;Śniadanie;652;Marchewkowe pancakes, jogurt cynamonowy, konfitura truskawkowa;318;12.17;13.21;39.59;4.06;8.35;0.49;3.27;ciepło/zimno;2026-09-29T13:53:32.978Z
2026-10-12;Dieta Light;612;1500;Dieta Light;II śniadanie;653;Bułeczka drożdżowa z szynką drobiową, serem i kurkumą, pomidorki, dip curry;293;11.33;13.55;30.56;2.64;5.25;1.44;3.08;ciepło/zimno;2026-09-29T13:53:32.978Z
2026-10-12;Dieta Light;612;1500;Dieta Light;Obiad;654;Indyk w potrawce warzywnej, ryż czerwony i basmati, mizeria;453;26.29;18.36;45.81;5.7;5.34;0.73;7.82;na ciepło;2026-09-29T13:53:32.978Z
2026-10-12;Dieta Light;612;1500;Dieta Light;Podwieczorek;655;Kruche ciasto z wiśniami;194;2.48;9.29;24.73;0.79;13.49;0.06;5.83;na zimno;2026-09-29T13:53:32.978Z
2026-10-12;Dieta Light;612;1500;Dieta Light;Kolacja;656;Hummus klasyczny, nachosy, marchewka;287;9.02;13.75;32.43;8.27;3.35;1.2;1.44;na zimno;2026-09-29T13:53:32.978Z
2026-10-12;Dieta Low Carb & IG;628;1200;Dieta Low Carb & IG;Śniadanie;657;Chleb czystoziarnisty z kurczakiem gyros, twarożek ziołowy, ogórek kiszony;260;21.7;14.94;8.19;3.69;2.57;0.72;3.35;na zimno;2026-09-29T13:53:32.978Z
2026-10-12;Dieta Low Carb & IG;628;1200;Dieta Low Carb & IG;II śniadanie;658;Jogurt grecki truskawkowy, konfitura malinowa, orzechy arachidowe z płatkami kokosa;201;6.39;13.69;16.84;3.44;7.38;0.08;8.4;na zimno;2026-09-29T13:53:32.978Z
2026-10-12;Dieta Low Carb & IG;628;1200;Dieta Low Carb & IG;Obiad;659;Steki wołowe wolno gotowane w sosie pieprzowym, puree z kalafiora z gorczycą, colesław z czerwonej kapusty;362;24.68;25.02;9.61;4.51;3.93;0.88;12.39;na ciepło;2026-09-29T13:53:32.978Z
2026-10-12;Dieta Low Carb & IG;628;1200;Dieta Low Carb & IG;Podwieczorek;660;Leczo z warzyw i ciecierzycy z serem cheddar i chlebem keto;189;12.03;9.83;12.11;2.84;5.01;0.78;2.16;na ciepło;2026-09-29T13:53:32.978Z
2026-10-12;Dieta Low Carb & IG;628;1200;Dieta Low Carb & IG;Kolacja;661;Zielone curry z kurczakiem, ryż brązowy, brokuł;275;19.92;13.32;18.83;5.15;1.86;0.51;6.54;na ciepło;2026-09-29T13:53:32.978Z
2026-10-12;Dieta START;634;1500;Dieta START;Śniadanie;627;Kanapka z pieczonym schabem w tymianku, twarożek szczypiorkowy, papryka, bułka musli;455;51.62;11.64;35.08;2.86;5.77;1.08;2.57;na zimno;2026-09-29T13:53:32.978Z
2026-10-12;Dieta START;634;1500;Dieta START;Obiad;661;Zielone curry z kurczakiem, ryż brązowy, brokuł;501;35.37;24.11;35.58;8.57;3.41;0.89;11.94;na ciepło;2026-09-29T13:53:32.978Z
2026-10-12;Dieta START;634;1500;Dieta START;Kolacja;662;Pierogi ze szpinakiem i twarogiem, sos śmietanowy z suszonymi pomidorami, surówka z buraków;493;12.68;19.76;63.2;7.36;10.38;1.33;6.6;na ciepło;2026-09-29T13:53:32.978Z
2026-10-12;Dieta Standard;583;1200;Dieta Standard;Śniadanie;631;Gofr czekoladowy, serek waniliowy, konfitura malinowa, wiórki czekolady;291;15.13;8.51;36.86;2.09;18.02;0.47;2.89;ciepło/zimno;2026-09-29T13:53:32.978Z
2026-10-12;Dieta Standard;583;1200;Dieta Standard;II śniadanie;632;Pikantny krem z pomidorów, makaron z pesto, mozzarella;197;5.97;9.58;21.38;4.08;7.53;0.75;2.95;na ciepło;2026-09-29T13:53:32.978Z
2026-10-12;Dieta Standard;583;1200;Dieta Standard;Obiad;633;Polędwiczka wieprzowa w sosie cebulowym, puree ziemniaczane, surówka z marchewki i pora;373;24.55;18.88;25.26;5.28;9.55;1.03;8.75;na ciepło;2026-09-29T13:53:32.978Z
2026-10-12;Dieta Standard;583;1200;Dieta Standard;Podwieczorek;663;Ciasto malinowa chmurka;126;3.58;6.32;13.48;1.41;7.86;0.05;4.02;na zimno;2026-09-29T13:53:32.978Z
2026-10-12;Dieta Standard;583;1200;Dieta Standard;Kolacja;662;Pierogi ze szpinakiem i twarogiem, sos śmietanowy z suszonymi pomidorami, surówka z buraków;302;7.31;13.27;36.66;4.62;9.47;0.85;4.83;na ciepło;2026-09-29T13:53:32.978Z
2026-10-12;Dieta Śródziemnomorska;630;1200;Dieta Śródziemnomorska;Śniadanie;664;Hummus paprykowy z plastrami kurczaka, bułka musli, ogórek z oliwkami;347;20.72;15.14;31.23;6.38;3.81;1.42;1.6;na zimno;2026-09-29T13:53:32.978Z
2026-10-12;Dieta Śródziemnomorska;630;1200;Dieta Śródziemnomorska;II śniadanie;72;Truskawkowy shake proteinowy;165;11.54;3.63;21.12;2.79;15.73;0.2;2.42;na zimno;2026-09-29T13:53:32.978Z
2026-10-12;Dieta Śródziemnomorska;630;1200;Dieta Śródziemnomorska;Obiad;665;Pełnoziarniste penne w sosie pomidorowym z tuńczykiem i mozzarellą;391;30.68;14.63;34.14;6.04;4.95;1.55;3.78;na ciepło;2026-09-29T13:53:32.978Z
2026-10-12;Dieta Śródziemnomorska;630;1200;Dieta Śródziemnomorska;Podwieczorek;507;Brzoskwiniowe chia;119;10.37;3.32;14.63;1.83;5.62;0.11;1.51;na zimno;2026-09-29T13:53:32.978Z
2026-10-12;Dieta Śródziemnomorska;630;1200;Dieta Śródziemnomorska;Kolacja;666;Futomaki z tatarem z krewetek;262;7.33;3;48.28;0.69;11.37;3.39;0.73;na zimno;2026-09-29T13:53:32.978Z
2026-10-12;Wybór menu / BASIC;614;2000;BASIC;Śniadanie;631;Gofr czekoladowy, serek waniliowy, konfitura malinowa, wiórki czekolady;580.89;31.07;17.45;71.8;3.93;34.28;0.93;6.06;ciepło/zimno;2026-09-29T13:53:32.978Z
2026-10-12;Wybór menu / BASIC;614;2000;Dieta Active Pro;Śniadanie;627;Kanapka z pieczonym schabem w tymianku, twarożek szczypiorkowy, papryka, bułka musli;432.36;47.64;11.23;34.39;2.83;5.26;1.05;2.46;na zimno;2026-09-29T13:53:32.978Z
2026-10-12;Wybór menu / BASIC;614;2000;Dieta Light;Śniadanie;652;Marchewkowe pancakes, jogurt cynamonowy, konfitura truskawkowa;416.9;16.01;17.09;53.18;5.45;11.92;0.63;4.46;ciepło/zimno;2026-09-29T13:53:32.978Z
2026-10-12;Wybór menu / BASIC;614;2000;BASIC;II śniadanie;632;Pikantny krem z pomidorów, makaron z pesto, mozzarella;288.17;9.25;14.21;30.18;4.51;8.05;0.94;4.04;na ciepło;2026-09-29T13:53:32.978Z
2026-10-12;Wybór menu / BASIC;614;2000;Dieta Active Pro;II śniadanie;369;Egzotyczny shake proteinowy;215;14.34;3.87;30.18;1.17;24.5;0.27;2.51;na zimno;2026-09-29T13:53:32.978Z
2026-10-12;Wybór menu / BASIC;614;2000;Dieta Light;II śniadanie;653;Bułeczka drożdżowa z szynką drobiową, serem i kurkumą, pomidorki, dip curry;440.89;16.78;20.94;45.09;3.5;7.05;2.19;4.74;ciepło/zimno;2026-09-29T13:53:32.978Z
2026-10-12;Wybór menu / BASIC;614;2000;BASIC;Obiad;633;Polędwiczka wieprzowa w sosie cebulowym, puree ziemniaczane, surówka z marchewki i pora;525.44;39.4;25.06;33.86;6.08;10.48;1.23;11.91;na ciepło;2026-09-29T13:53:32.978Z
2026-10-12;Wybór menu / BASIC;614;2000;Dieta Active Pro;Obiad;628;Siekane kotleciki drobiowe ze szpinakiem i pieczarkami, sos śmietanowo-musztardowy, biała kasza gryczana, sałatka szwedzka;582.4;35.51;24.73;53.91;8.77;11.03;2.3;9.36;na ciepło;2026-09-29T13:53:32.978Z
2026-10-12;Wybór menu / BASIC;614;2000;Dieta Light;Obiad;654;Indyk w potrawce warzywnej, ryż czerwony i basmati, mizeria;589.12;34.7;23.28;60.32;7.46;6.39;0.96;9.64;na ciepło;2026-09-29T13:53:32.978Z
2026-10-12;Wybór menu / BASIC;614;2000;BASIC;Podwieczorek;663;Ciasto malinowa chmurka;188.85;5.37;9.48;20.22;2.12;11.8;0.08;6.04;na zimno;2026-09-29T13:53:32.978Z
2026-10-12;Wybór menu / BASIC;614;2000;Dieta Active Pro;Podwieczorek;629;Brzoskwiniowy sernik na zimno na ciasteczkowym spodzie;225.55;11.72;9.83;23.71;0.8;10.54;0.2;2.84;na zimno;2026-09-29T13:53:32.978Z
2026-10-12;Wybór menu / BASIC;614;2000;Dieta Light;Podwieczorek;655;Kruche ciasto z wiśniami;315.39;4.02;15.1;40.19;1.29;21.92;0.1;9.47;na zimno;2026-09-29T13:53:32.978Z
2026-10-12;Wybór menu / BASIC;614;2000;BASIC;Kolacja;662;Pierogi ze szpinakiem i twarogiem, sos śmietanowy z suszonymi pomidorami, surówka z buraków;445.33;11.34;18.14;56.56;6.67;10.15;1.21;6.16;na ciepło;2026-09-29T13:53:32.978Z
2026-10-12;Wybór menu / BASIC;614;2000;Dieta Active Pro;Kolacja;630;Sałatka azjatycka z kurczakiem;470.78;41.85;15.9;40.6;4.57;6.09;1.18;2.67;na zimno;2026-09-29T13:53:32.978Z
2026-10-12;Wybór menu / BASIC;614;2000;Dieta Light;Kolacja;656;Hummus klasyczny, nachosy, marchewka;343.87;10.81;16.64;38.38;9.46;3.73;1.43;1.75;na zimno;2026-09-29T13:53:32.978Z
2026-10-12;Wybór menu / COMFORT;614;2000;COMFORT;Śniadanie;631;Gofr czekoladowy, serek waniliowy, konfitura malinowa, wiórki czekolady;580.89;31.07;17.45;71.8;3.93;34.28;0.93;6.06;ciepło/zimno;2026-09-29T13:53:32.978Z
2026-10-12;Wybór menu / COMFORT;614;2000;Dieta Active Pro;Śniadanie;627;Kanapka z pieczonym schabem w tymianku, twarożek szczypiorkowy, papryka, bułka musli;432.36;47.64;11.23;34.39;2.83;5.26;1.05;2.46;na zimno;2026-09-29T13:53:32.978Z
2026-10-12;Wybór menu / COMFORT;614;2000;Dieta Fish Low Carb & IG;Śniadanie;634;Omleciki jajeczne z papryką i serem bałkańskim, pomidorki, dip duński;396.51;16.47;31.21;11.05;6.67;5.6;2.52;8.74;ciepło/zimno;2026-09-29T13:53:32.978Z
2026-10-12;Wybór menu / COMFORT;614;2000;Dieta Light;Śniadanie;652;Marchewkowe pancakes, jogurt cynamonowy, konfitura truskawkowa;416.9;16.01;17.09;53.18;5.45;11.92;0.63;4.46;ciepło/zimno;2026-09-29T13:53:32.978Z
2026-10-12;Wybór menu / COMFORT;614;2000;Dieta Low Carb & IG;Śniadanie;657;Chleb czystoziarnisty z kurczakiem gyros, twarożek ziołowy, ogórek kiszony;416.61;35.12;24.2;12.32;5.43;3.92;0.91;5.6;na zimno;2026-09-29T13:53:32.978Z
2026-10-12;Wybór menu / COMFORT;614;2000;COMFORT;II śniadanie;632;Pikantny krem z pomidorów, makaron z pesto, mozzarella;288.17;9.25;14.21;30.18;4.51;8.05;0.94;4.04;na ciepło;2026-09-29T13:53:32.978Z
2026-10-12;Wybór menu / COMFORT;614;2000;Dieta Active Pro;II śniadanie;369;Egzotyczny shake proteinowy;215;14.34;3.87;30.18;1.17;24.5;0.27;2.51;na zimno;2026-09-29T13:53:32.978Z
2026-10-12;Wybór menu / COMFORT;614;2000;Dieta Fish Low Carb & IG;II śniadanie;635;Chana masala z cieciorką i pestkami dyni;299.18;10.68;17.26;24.91;5.53;6.18;1.35;7.11;na ciepło;2026-09-29T13:53:32.978Z
2026-10-12;Wybór menu / COMFORT;614;2000;Dieta Light;II śniadanie;653;Bułeczka drożdżowa z szynką drobiową, serem i kurkumą, pomidorki, dip curry;440.89;16.78;20.94;45.09;3.5;7.05;2.19;4.74;ciepło/zimno;2026-09-29T13:53:32.978Z
2026-10-12;Wybór menu / COMFORT;614;2000;Dieta Low Carb & IG;II śniadanie;658;Jogurt grecki truskawkowy, konfitura malinowa, orzechy arachidowe z płatkami kokosa;367.13;11.52;25.78;28.75;6.38;12.62;0.14;15.68;na zimno;2026-09-29T13:53:32.978Z
2026-10-12;Wybór menu / COMFORT;614;2000;COMFORT;Obiad;633;Polędwiczka wieprzowa w sosie cebulowym, puree ziemniaczane, surówka z marchewki i pora;525.44;39.4;25.06;33.86;6.08;10.48;1.23;11.91;na ciepło;2026-09-29T13:53:32.978Z
2026-10-12;Wybór menu / COMFORT;614;2000;Dieta Active Pro;Obiad;628;Siekane kotleciki drobiowe ze szpinakiem i pieczarkami, sos śmietanowo-musztardowy, biała kasza gryczana, sałatka szwedzka;582.4;35.51;24.73;53.91;8.77;11.03;2.3;9.36;na ciepło;2026-09-29T13:53:32.978Z
2026-10-12;Wybór menu / COMFORT;614;2000;Dieta Fish Low Carb & IG;Obiad;636;Filet z miruny w sosie kokosowym curry, czarno-białym ryżem i surówką azjatycką z marchewką i kolendrą;489.11;32.71;18.51;49.11;6.52;3.63;1;6.62;na ciepło;2026-09-29T13:53:32.978Z
2026-10-12;Wybór menu / COMFORT;614;2000;Dieta Light;Obiad;654;Indyk w potrawce warzywnej, ryż czerwony i basmati, mizeria;589.12;34.7;23.28;60.32;7.46;6.39;0.96;9.64;na ciepło;2026-09-29T13:53:32.978Z
2026-10-12;Wybór menu / COMFORT;614;2000;Dieta Low Carb & IG;Obiad;659;Steki wołowe wolno gotowane w sosie pieprzowym, puree z kalafiora z gorczycą, colesław z czerwonej kapusty;518.25;39.4;35.03;11.44;5.63;5.04;1.17;17.49;na ciepło;2026-09-29T13:53:32.978Z
2026-10-12;Wybór menu / COMFORT;614;2000;COMFORT;Podwieczorek;663;Ciasto malinowa chmurka;188.85;5.37;9.48;20.22;2.12;11.8;0.08;6.04;na zimno;2026-09-29T13:53:32.978Z
2026-10-12;Wybór menu / COMFORT;614;2000;Dieta Active Pro;Podwieczorek;629;Brzoskwiniowy sernik na zimno na ciasteczkowym spodzie;225.55;11.72;9.83;23.71;0.8;10.54;0.2;2.84;na zimno;2026-09-29T13:53:32.978Z
2026-10-12;Wybór menu / COMFORT;614;2000;Dieta Fish Low Carb & IG;Podwieczorek;637;Pudding chia z wiśnią;378.43;11.35;32.13;11.02;8.13;9.11;0.07;22.93;na zimno;2026-09-29T13:53:32.978Z
2026-10-12;Wybór menu / COMFORT;614;2000;Dieta Light;Podwieczorek;655;Kruche ciasto z wiśniami;315.39;4.02;15.1;40.19;1.29;21.92;0.1;9.47;na zimno;2026-09-29T13:53:32.978Z
2026-10-12;Wybór menu / COMFORT;614;2000;Dieta Low Carb & IG;Podwieczorek;660;Leczo z warzyw i ciecierzycy z serem cheddar i chlebem keto;284.61;17.79;14.56;19.27;4.65;7.59;1.22;3.58;na ciepło;2026-09-29T13:53:32.978Z
2026-10-12;Wybór menu / COMFORT;614;2000;COMFORT;Kolacja;662;Pierogi ze szpinakiem i twarogiem, sos śmietanowy z suszonymi pomidorami, surówka z buraków;445.33;11.34;18.14;56.56;6.67;10.15;1.21;6.16;na ciepło;2026-09-29T13:53:32.978Z
2026-10-12;Wybór menu / COMFORT;614;2000;Dieta Active Pro;Kolacja;630;Sałatka azjatycka z kurczakiem;470.78;41.85;15.9;40.6;4.57;6.09;1.18;2.67;na zimno;2026-09-29T13:53:32.978Z
2026-10-12;Wybór menu / COMFORT;614;2000;Dieta Fish Low Carb & IG;Kolacja;638;Twarożek łososiowy, chleb żytni, papryka;388.54;14.03;21.64;34.51;6.36;3.92;2.16;4.89;na zimno;2026-09-29T13:53:32.978Z
2026-10-12;Wybór menu / COMFORT;614;2000;Dieta Light;Kolacja;656;Hummus klasyczny, nachosy, marchewka;343.87;10.81;16.64;38.38;9.46;3.73;1.43;1.75;na zimno;2026-09-29T13:53:32.978Z
2026-10-12;Wybór menu / COMFORT;614;2000;Dieta Low Carb & IG;Kolacja;661;Zielone curry z kurczakiem, ryż brązowy, brokuł;458.28;32.43;22.04;32.59;8.02;3.1;0.82;10.87;na ciepło;2026-09-29T13:53:32.978Z
2026-10-12;Wybór menu / KETO FUSION;614;2000;Dieta Ketogeniczna;Śniadanie;213;Kiełbaski maślane własnego wyrobu, pieczywo twarogowe, ogórek kiszony, dip algierski;495.77;28.36;37.61;8.83;2.58;6.01;1.56;8.96;ciepło/zimno;2026-09-29T13:53:32.978Z
2026-10-12;Wybór menu / KETO FUSION;614;2000;Dieta Śródziemnomorska Keto;Śniadanie;667;Omlet z grillowanymi warzywami z zatarem i dipem ziołowym;623.79;27.8;53.31;8.34;3.01;4.32;1.63;11.85;ciepło/zimno;2026-09-29T13:53:32.978Z
2026-10-12;Wybór menu / KETO FUSION;614;2000;Dieta Ketogeniczna;Obiad;649;Nuggetsy z kurczaka z selerem pieczonym, surówką z czerwonej kapusty i dipem 1000 wysp;695.5;31.22;58.73;11.01;5.85;5.02;1.3;5.79;na ciepło;2026-09-29T13:53:32.978Z
2026-10-12;Wybór menu / KETO FUSION;614;2000;Dieta Śródziemnomorska Keto;Obiad;668;Filet z miruny z masłem ziołowym, gratin z cukinii i selera, surówka z kalarepy i rzodkiewki;465.98;36.45;32.98;7.22;4.67;3.28;0.98;11.21;na ciepło;2026-09-29T13:53:32.978Z
2026-10-12;Wybór menu / KETO FUSION;614;2000;Dieta Ketogeniczna;Podwieczorek;650;Krem z pomidorów z wołowiną, mozzarella w pesto;405.57;17.72;32.53;10.37;2.84;6.79;1.28;14.85;na ciepło;2026-09-29T13:53:32.978Z
2026-10-12;Wybór menu / KETO FUSION;614;2000;Dieta Śródziemnomorska Keto;Podwieczorek;669;Pudding chia z wiśniami;376.7;9.71;33.5;9.17;4.77;8.04;0.05;26.26;na zimno;2026-09-29T13:53:32.978Z
2026-10-12;Wybór menu / KETO FUSION;614;2000;Dieta Ketogeniczna;Kolacja;651;Placki brokułowe z serem posypane prażonym boczkiem, pomidorki, dip ranczerski;548.73;17.53;50.1;7.16;4.11;4.16;1.33;13.8;ciepło/zimno;2026-09-29T13:53:32.978Z
2026-10-12;Wybór menu / KETO FUSION;614;2000;Dieta Śródziemnomorska Keto;Kolacja;670;Muffinki paprykowe z serem, ogórek, dip koperkowy;536.73;18.6;48.27;7.27;1.39;4.11;1.39;11.38;ciepło/zimno;2026-09-29T13:53:32.978Z
2026-10-12;Wybór menu / LADIES VIBES;614;2000;BASIC;Śniadanie;631;Gofr czekoladowy, serek waniliowy, konfitura malinowa, wiórki czekolady;580.89;31.07;17.45;71.8;3.93;34.28;0.93;6.06;ciepło/zimno;2026-09-29T13:53:32.978Z
2026-10-12;Wybór menu / LADIES VIBES;614;2000;Dieta Active Pro;Śniadanie;627;Kanapka z pieczonym schabem w tymianku, twarożek szczypiorkowy, papryka, bułka musli;432.36;47.64;11.23;34.39;2.83;5.26;1.05;2.46;na zimno;2026-09-29T13:53:32.978Z
2026-10-12;Wybór menu / LADIES VIBES;614;2000;Dieta Light;Śniadanie;652;Marchewkowe pancakes, jogurt cynamonowy, konfitura truskawkowa;416.9;16.01;17.09;53.18;5.45;11.92;0.63;4.46;ciepło/zimno;2026-09-29T13:53:32.978Z
2026-10-12;Wybór menu / LADIES VIBES;614;2000;BASIC;II śniadanie;632;Pikantny krem z pomidorów, makaron z pesto, mozzarella;288.17;9.25;14.21;30.18;4.51;8.05;0.94;4.04;na ciepło;2026-09-29T13:53:32.978Z
2026-10-12;Wybór menu / LADIES VIBES;614;2000;Dieta Active Pro;II śniadanie;369;Egzotyczny shake proteinowy;215;14.34;3.87;30.18;1.17;24.5;0.27;2.51;na zimno;2026-09-29T13:53:32.978Z
2026-10-12;Wybór menu / LADIES VIBES;614;2000;Dieta Light;II śniadanie;653;Bułeczka drożdżowa z szynką drobiową, serem i kurkumą, pomidorki, dip curry;440.89;16.78;20.94;45.09;3.5;7.05;2.19;4.74;ciepło/zimno;2026-09-29T13:53:32.978Z
2026-10-12;Wybór menu / LADIES VIBES;614;2000;BASIC;Obiad;633;Polędwiczka wieprzowa w sosie cebulowym, puree ziemniaczane, surówka z marchewki i pora;525.44;39.4;25.06;33.86;6.08;10.48;1.23;11.91;na ciepło;2026-09-29T13:53:32.978Z
2026-10-12;Wybór menu / LADIES VIBES;614;2000;Dieta Active Pro;Obiad;628;Siekane kotleciki drobiowe ze szpinakiem i pieczarkami, sos śmietanowo-musztardowy, biała kasza gryczana, sałatka szwedzka;582.4;35.51;24.73;53.91;8.77;11.03;2.3;9.36;na ciepło;2026-09-29T13:53:32.978Z
2026-10-12;Wybór menu / LADIES VIBES;614;2000;Dieta Light;Obiad;654;Indyk w potrawce warzywnej, ryż czerwony i basmati, mizeria;589.12;34.7;23.28;60.32;7.46;6.39;0.96;9.64;na ciepło;2026-09-29T13:53:32.978Z
2026-10-12;Wybór menu / LADIES VIBES;614;2000;BASIC;Podwieczorek;663;Ciasto malinowa chmurka;188.85;5.37;9.48;20.22;2.12;11.8;0.08;6.04;na zimno;2026-09-29T13:53:32.978Z
2026-10-12;Wybór menu / LADIES VIBES;614;2000;Dieta Active Pro;Podwieczorek;629;Brzoskwiniowy sernik na zimno na ciasteczkowym spodzie;225.55;11.72;9.83;23.71;0.8;10.54;0.2;2.84;na zimno;2026-09-29T13:53:32.978Z
2026-10-12;Wybór menu / LADIES VIBES;614;2000;Dieta Light;Podwieczorek;655;Kruche ciasto z wiśniami;315.39;4.02;15.1;40.19;1.29;21.92;0.1;9.47;na zimno;2026-09-29T13:53:32.978Z
2026-10-12;Wybór menu / LADIES VIBES;614;2000;BASIC;Kolacja;662;Pierogi ze szpinakiem i twarogiem, sos śmietanowy z suszonymi pomidorami, surówka z buraków;445.33;11.34;18.14;56.56;6.67;10.15;1.21;6.16;na ciepło;2026-09-29T13:53:32.978Z
2026-10-12;Wybór menu / LADIES VIBES;614;2000;Dieta Active Pro;Kolacja;630;Sałatka azjatycka z kurczakiem;470.78;41.85;15.9;40.6;4.57;6.09;1.18;2.67;na zimno;2026-09-29T13:53:32.978Z
2026-10-12;Wybór menu / LADIES VIBES;614;2000;Dieta Light;Kolacja;656;Hummus klasyczny, nachosy, marchewka;343.87;10.81;16.64;38.38;9.46;3.73;1.43;1.75;na zimno;2026-09-29T13:53:32.978Z
2026-10-12;Wybór menu / SUPREME;614;2000;Dieta Active Pro;Śniadanie;627;Kanapka z pieczonym schabem w tymianku, twarożek szczypiorkowy, papryka, bułka musli;432.36;47.64;11.23;34.39;2.83;5.26;1.05;2.46;na zimno;2026-09-29T13:53:32.978Z
2026-10-12;Wybór menu / SUPREME;614;2000;Dieta Fish Low Carb & IG;Śniadanie;634;Omleciki jajeczne z papryką i serem bałkańskim, pomidorki, dip duński;396.51;16.47;31.21;11.05;6.67;5.6;2.52;8.74;ciepło/zimno;2026-09-29T13:53:32.978Z
2026-10-12;Wybór menu / SUPREME;614;2000;Dieta Kuchnie Świata;Śniadanie;671;Croissant, twarożek mango z marakują, świeży ananas;436.45;19.69;13.42;60.05;1.39;26.95;0.1;11.64;na zimno;2026-09-29T13:53:32.978Z
2026-10-12;Wybór menu / SUPREME;614;2000;Dieta Light;Śniadanie;652;Marchewkowe pancakes, jogurt cynamonowy, konfitura truskawkowa;416.9;16.01;17.09;53.18;5.45;11.92;0.63;4.46;ciepło/zimno;2026-09-29T13:53:32.978Z
2026-10-12;Wybór menu / SUPREME;614;2000;Dieta Low Carb & IG;Śniadanie;657;Chleb czystoziarnisty z kurczakiem gyros, twarożek ziołowy, ogórek kiszony;416.61;35.12;24.2;12.32;5.43;3.92;0.91;5.6;na zimno;2026-09-29T13:53:32.978Z
2026-10-12;Wybór menu / SUPREME;614;2000;Dieta Top Taste;Śniadanie;239;Pancakes, twarożek waniliowy, konfitura brzoskwiniowa;482.5;23.02;14.16;64.14;1.86;28.84;0.48;4.31;ciepło/zimno;2026-09-29T13:53:32.978Z
2026-10-12;Wybór menu / SUPREME;614;2000;Dieta Śródziemnomorska;Śniadanie;664;Hummus paprykowy z plastrami kurczaka, bułka musli, ogórek z oliwkami;599.46;36.28;27.56;50.58;11.47;5.87;2.44;2.88;na zimno;2026-09-29T13:53:32.978Z
2026-10-12;Wybór menu / SUPREME;614;2000;SUPREME;Śniadanie;631;Gofr czekoladowy, serek waniliowy, konfitura malinowa, wiórki czekolady;580.89;31.07;17.45;71.8;3.93;34.28;0.93;6.06;ciepło/zimno;2026-09-29T13:53:32.978Z
2026-10-12;Wybór menu / SUPREME;614;2000;Dieta Active Pro;II śniadanie;369;Egzotyczny shake proteinowy;215;14.34;3.87;30.18;1.17;24.5;0.27;2.51;na zimno;2026-09-29T13:53:32.978Z
2026-10-12;Wybór menu / SUPREME;614;2000;Dieta Fish Low Carb & IG;II śniadanie;635;Chana masala z cieciorką i pestkami dyni;299.18;10.68;17.26;24.91;5.53;6.18;1.35;7.11;na ciepło;2026-09-29T13:53:32.978Z
2026-10-12;Wybór menu / SUPREME;614;2000;Dieta Kuchnie Świata;II śniadanie;672;Tajska zupa z zielonym curry na mleczku kokosowym z warzywami;286.19;5.13;18.5;24.8;3.63;8.05;1.21;11.59;na ciepło;2026-09-29T13:53:32.978Z
2026-10-12;Wybór menu / SUPREME;614;2000;Dieta Light;II śniadanie;653;Bułeczka drożdżowa z szynką drobiową, serem i kurkumą, pomidorki, dip curry;440.89;16.78;20.94;45.09;3.5;7.05;2.19;4.74;ciepło/zimno;2026-09-29T13:53:32.978Z
2026-10-12;Wybór menu / SUPREME;614;2000;Dieta Low Carb & IG;II śniadanie;658;Jogurt grecki truskawkowy, konfitura malinowa, orzechy arachidowe z płatkami kokosa;367.13;11.52;25.78;28.75;6.38;12.62;0.14;15.68;na zimno;2026-09-29T13:53:32.978Z
2026-10-12;Wybór menu / SUPREME;614;2000;Dieta Top Taste;II śniadanie;240;Sałatka Cezar z kurczakiem i sosem aioli;308.24;28.6;14.06;16.48;2.27;5.23;0.82;3.37;na zimno;2026-09-29T13:53:32.978Z
2026-10-12;Wybór menu / SUPREME;614;2000;Dieta Śródziemnomorska;II śniadanie;72;Truskawkowy shake proteinowy;164.76;11.54;3.63;21.12;2.79;15.73;0.2;2.42;na zimno;2026-09-29T13:53:32.978Z
2026-10-12;Wybór menu / SUPREME;614;2000;SUPREME;II śniadanie;632;Pikantny krem z pomidorów, makaron z pesto, mozzarella;288.17;9.25;14.21;30.18;4.51;8.05;0.94;4.04;na ciepło;2026-09-29T13:53:32.978Z
2026-10-12;Wybór menu / SUPREME;614;2000;Dieta Active Pro;Obiad;628;Siekane kotleciki drobiowe ze szpinakiem i pieczarkami, sos śmietanowo-musztardowy, biała kasza gryczana, sałatka szwedzka;582.4;35.51;24.73;53.91;8.77;11.03;2.3;9.36;na ciepło;2026-09-29T13:53:32.978Z
2026-10-12;Wybór menu / SUPREME;614;2000;Dieta Fish Low Carb & IG;Obiad;636;Filet z miruny w sosie kokosowym curry, czarno-białym ryżem i surówką azjatycką z marchewką i kolendrą;489.11;32.71;18.51;49.11;6.52;3.63;1;6.62;na ciepło;2026-09-29T13:53:32.978Z
2026-10-12;Wybór menu / SUPREME;614;2000;Dieta Kuchnie Świata;Obiad;673;Pierogi z farszem warzywno-krewetkowym, surówka z białej kapusty;506.47;19.15;13.3;75.47;7.1;6.61;2.35;3.33;na ciepło;2026-09-29T13:53:32.978Z
2026-10-12;Wybór menu / SUPREME;614;2000;Dieta Light;Obiad;654;Indyk w potrawce warzywnej, ryż czerwony i basmati, mizeria;589.12;34.7;23.28;60.32;7.46;6.39;0.96;9.64;na ciepło;2026-09-29T13:53:32.978Z
2026-10-12;Wybór menu / SUPREME;614;2000;Dieta Low Carb & IG;Obiad;659;Steki wołowe wolno gotowane w sosie pieprzowym, puree z kalafiora z gorczycą, colesław z czerwonej kapusty;518.25;39.4;35.03;11.44;5.63;5.04;1.17;17.49;na ciepło;2026-09-29T13:53:32.978Z
2026-10-12;Wybór menu / SUPREME;614;2000;Dieta Top Taste;Obiad;117;Pieczony łosoś w sosie porowym, ryż z płatkami suszonego pomidora, warzywa z pary;610.67;32.65;33.55;44.49;4.71;2.52;0.48;11.14;na ciepło;2026-09-29T13:53:32.978Z
2026-10-12;Wybór menu / SUPREME;614;2000;Dieta Śródziemnomorska;Obiad;665;Pełnoziarniste penne w sosie pomidorowym z tuńczykiem i mozzarellą;632.94;52;24.88;50.27;8.99;8.17;2.71;6.55;na ciepło;2026-09-29T13:53:32.978Z
2026-10-12;Wybór menu / SUPREME;614;2000;SUPREME;Obiad;633;Polędwiczka wieprzowa w sosie cebulowym, puree ziemniaczane, surówka z marchewki i pora;525.44;39.4;25.06;33.86;6.08;10.48;1.23;11.91;na ciepło;2026-09-29T13:53:32.978Z
2026-10-12;Wybór menu / SUPREME;614;2000;Dieta Active Pro;Podwieczorek;629;Brzoskwiniowy sernik na zimno na ciasteczkowym spodzie;225.55;11.72;9.83;23.71;0.8;10.54;0.2;2.84;na zimno;2026-09-29T13:53:32.978Z
2026-10-12;Wybór menu / SUPREME;614;2000;Dieta Fish Low Carb & IG;Podwieczorek;637;Pudding chia z wiśnią;378.43;11.35;32.13;11.02;8.13;9.11;0.07;22.93;na zimno;2026-09-29T13:53:32.978Z
2026-10-12;Wybór menu / SUPREME;614;2000;Dieta Kuchnie Świata;Podwieczorek;674;Ciasto czekoladowe z malinami;295.58;6.3;17.34;24.93;9.01;12.93;0.38;2.8;na zimno;2026-09-29T13:53:32.978Z
2026-10-12;Wybór menu / SUPREME;614;2000;Dieta Light;Podwieczorek;655;Kruche ciasto z wiśniami;315.39;4.02;15.1;40.19;1.29;21.92;0.1;9.47;na zimno;2026-09-29T13:53:32.978Z
2026-10-12;Wybór menu / SUPREME;614;2000;Dieta Low Carb & IG;Podwieczorek;660;Leczo z warzyw i ciecierzycy z serem cheddar i chlebem keto;284.61;17.79;14.56;19.27;4.65;7.59;1.22;3.58;na ciepło;2026-09-29T13:53:32.978Z
2026-10-12;Wybór menu / SUPREME;614;2000;Dieta Top Taste;Podwieczorek;243;Leśny przekładaniec z kajmakiem;258.08;6.02;13.68;30.21;2.79;9.99;0.44;6.6;na zimno;2026-09-29T13:53:32.978Z
2026-10-12;Wybór menu / SUPREME;614;2000;Dieta Śródziemnomorska;Podwieczorek;507;Brzoskwiniowe chia;197.98;17.29;5.54;24.39;3.05;9.37;0.19;2.52;na zimno;2026-09-29T13:53:32.978Z
2026-10-12;Wybór menu / SUPREME;614;2000;SUPREME;Podwieczorek;663;Ciasto malinowa chmurka;188.85;5.37;9.48;20.22;2.12;11.8;0.08;6.04;na zimno;2026-09-29T13:53:32.978Z
2026-10-12;Wybór menu / SUPREME;614;2000;Dieta Active Pro;Kolacja;630;Sałatka azjatycka z kurczakiem;470.78;41.85;15.9;40.6;4.57;6.09;1.18;2.67;na zimno;2026-09-29T13:53:32.978Z
2026-10-12;Wybór menu / SUPREME;614;2000;Dieta Fish Low Carb & IG;Kolacja;638;Twarożek łososiowy, chleb żytni, papryka;388.54;14.03;21.64;34.51;6.36;3.92;2.16;4.89;na zimno;2026-09-29T13:53:32.978Z
2026-10-12;Wybór menu / SUPREME;614;2000;Dieta Kuchnie Świata;Kolacja;675;Pancakes prowansalskie, twarożek z czerwonym pesto, pomidorki;411.37;28.04;18.93;32.16;3.47;8.67;1.03;3.36;na ciepło;2026-09-29T13:53:32.978Z
2026-10-12;Wybór menu / SUPREME;614;2000;Dieta Light;Kolacja;656;Hummus klasyczny, nachosy, marchewka;343.87;10.81;16.64;38.38;9.46;3.73;1.43;1.75;na zimno;2026-09-29T13:53:32.978Z
2026-10-12;Wybór menu / SUPREME;614;2000;Dieta Low Carb & IG;Kolacja;661;Zielone curry z kurczakiem, ryż brązowy, brokuł;458.28;32.43;22.04;32.59;8.02;3.1;0.82;10.87;na ciepło;2026-09-29T13:53:32.978Z
2026-10-12;Wybór menu / SUPREME;614;2000;Dieta Top Taste;Kolacja;676;Pizza z pieczoną wieprzowiną i serem z oregano, dip 1000 wysp;419.6;23.87;13.93;48.65;1.87;7.16;2.66;6.08;ciepło/zimno;2026-09-29T13:53:32.978Z
2026-10-12;Wybór menu / SUPREME;614;2000;Dieta Śródziemnomorska;Kolacja;666;Futomaki z tatarem z krewetek;522.41;14.62;5.97;96.46;1.14;22.73;6.3;1.45;na zimno;2026-09-29T13:53:32.978Z
2026-10-12;Wybór menu / SUPREME;614;2000;SUPREME;Kolacja;662;Pierogi ze szpinakiem i twarogiem, sos śmietanowy z suszonymi pomidorami, surówka z buraków;445.33;11.34;18.14;56.56;6.67;10.15;1.21;6.16;na ciepło;2026-09-29T13:53:32.978Z
2026-10-12;Wybór menu / TYPES OF VEGE;614;2000;Dieta Fish Low Carb & IG;Śniadanie;634;Omleciki jajeczne z papryką i serem bałkańskim, pomidorki, dip duński;396.51;16.47;31.21;11.05;6.67;5.6;2.52;8.74;ciepło/zimno;2026-09-29T13:53:32.978Z
2026-10-12;Wybór menu / TYPES OF VEGE;614;2000;Dieta Wegańska;Śniadanie;677;Smalczyk z ciecierzycy ze śliwką i pestkami dyni, bułeczka kukurydziana z sezamem, ogórek;378.64;11.3;19.3;38.73;5.55;7.64;0.97;1.78;na zimno;2026-09-29T13:53:32.978Z
2026-10-12;Wybór menu / TYPES OF VEGE;614;2000;Dieta Wegetariańska;Śniadanie;631;Gofr czekoladowy, serek waniliowy, konfitura malinowa, wiórki czekolady;533.18;21.7;20.46;62.72;3.49;29.92;0.89;4.96;ciepło/zimno;2026-09-29T13:53:32.978Z
2026-10-12;Wybór menu / TYPES OF VEGE;614;2000;Dieta Fish Low Carb & IG;II śniadanie;635;Chana masala z cieciorką i pestkami dyni;299.18;10.68;17.26;24.91;5.53;6.18;1.35;7.11;na ciepło;2026-09-29T13:53:32.978Z
2026-10-12;Wybór menu / TYPES OF VEGE;614;2000;Dieta Wegańska;II śniadanie;678;Meksykańska potrawka z czerwoną fasolą i kukurydzą i nachosami;275.08;7.01;11.09;33.67;5.19;8.27;0.95;0.79;na ciepło;2026-09-29T13:53:32.978Z
2026-10-12;Wybór menu / TYPES OF VEGE;614;2000;Dieta Wegetariańska;II śniadanie;369;Egzotyczny shake proteinowy;215;14.34;3.87;30.18;1.17;24.5;0.27;2.51;na zimno;2026-09-29T13:53:32.978Z
2026-10-12;Wybór menu / TYPES OF VEGE;614;2000;Dieta Fish Low Carb & IG;Obiad;636;Filet z miruny w sosie kokosowym curry, czarno-białym ryżem i surówką azjatycką z marchewką i kolendrą;489.11;32.71;18.51;49.11;6.52;3.63;1;6.62;na ciepło;2026-09-29T13:53:32.978Z
2026-10-12;Wybór menu / TYPES OF VEGE;614;2000;Dieta Wegańska;Obiad;679;Spaghetti bolognese z pieczarkami i wegańskim parmezanem;530.47;29.09;23.29;48.3;12.66;6.69;2.67;2.2;na ciepło;2026-09-29T13:53:32.978Z
2026-10-12;Wybór menu / TYPES OF VEGE;614;2000;Dieta Wegetariańska;Obiad;680;Tofu wędzone w zielonym curry z brokułem, ryż z kurkumą i płatkami suszonego pomidora, sezam;574.66;26.66;29.16;51.13;6.23;3.72;1.76;9.55;na ciepło;2026-09-29T13:53:32.978Z
2026-10-12;Wybór menu / TYPES OF VEGE;614;2000;Dieta Fish Low Carb & IG;Podwieczorek;637;Pudding chia z wiśnią;378.43;11.35;32.13;11.02;8.13;9.11;0.07;22.93;na zimno;2026-09-29T13:53:32.978Z
2026-10-12;Wybór menu / TYPES OF VEGE;614;2000;Dieta Wegańska;Podwieczorek;681;Wegański sernik piegusek;349.87;4.49;27.38;21.38;1.64;15.19;0.47;12.9;na zimno;2026-09-29T13:53:32.978Z
2026-10-12;Wybór menu / TYPES OF VEGE;614;2000;Dieta Wegetariańska;Podwieczorek;4;Batonik owsiany z czekoladą;360.48;11.13;19.56;34.98;3.28;20.42;0.24;4.56;na zimno;2026-09-29T13:53:32.978Z
2026-10-12;Wybór menu / TYPES OF VEGE;614;2000;Dieta Fish Low Carb & IG;Kolacja;638;Twarożek łososiowy, chleb żytni, papryka;388.54;14.03;21.64;34.51;6.36;3.92;2.16;4.89;na zimno;2026-09-29T13:53:32.978Z
2026-10-12;Wybór menu / TYPES OF VEGE;614;2000;Dieta Wegańska;Kolacja;682;Sałatka z panierowanym tofu, ryżem basmati, marchewką, ogórkiem i winegretem azjatyckim;417.9;12.02;21.27;43.94;3.16;6.54;0.76;1.83;na zimno;2026-09-29T13:53:32.978Z
2026-10-12;Wybór menu / TYPES OF VEGE;614;2000;Dieta Wegetariańska;Kolacja;683;Kaszotto grzybowe z cukinią, mozzarellą i natką pietruszki;330.08;9.76;19.46;28.32;5.52;4.52;2.09;8.2;na ciepło;2026-09-29T13:53:32.978Z
2026-10-13;Dieta Active Pro;586;1200;Dieta Active Pro;Śniadanie;684;Musli z płatkami owsianymi, proteinowy jogurt truskawkowy, konfitura malinowa;188;15.78;4.42;26.59;3.9;8.2;0.21;0.93;na zimno;2026-09-29T13:53:32.978Z
2026-10-13;Dieta Active Pro;586;1200;Dieta Active Pro;II śniadanie;685;Muffinki jajeczne z papryką i polędwicą wieprzową, dip czosnkowy, pomidorki;220;17.83;13.99;5.84;1.31;3.74;0.97;6.12;ciepło/zimno;2026-09-29T13:53:32.978Z
2026-10-13;Dieta Active Pro;586;1200;Dieta Active Pro;Obiad;686;Filet z indyka w sosie pieczarkowym, kopytka, mizeria z koperkiem;326;23.91;9.57;35.89;3.1;3.75;0.61;5.15;na ciepło;2026-09-29T13:53:32.978Z
2026-10-13;Dieta Active Pro;586;1200;Dieta Active Pro;Podwieczorek;687;Agrestowiec straciatella na owsianym spodzie;208;9.89;8.82;22.8;0.92;13.11;0.21;3;na zimno;2026-09-29T13:53:32.978Z
2026-10-13;Dieta Active Pro;586;1200;Dieta Active Pro;Kolacja;688;Penne w sosie pomidorowym z polędwiczką wieprzową, grillowaną cukinią i tartym serem;283;21.37;9.57;26.92;2.78;6.22;0.55;2.12;na ciepło;2026-09-29T13:53:32.978Z
2026-10-13;Dieta Ekonomiczna;587;1200;Dieta Ekonomiczna;Śniadanie;689;Placki dyniowe z cukinią i serem, twarożek chrzanowy, pomidorki;404;43.99;18.92;13.96;4.37;9.91;1.99;9.84;ciepło/zimno;2026-09-29T13:53:32.978Z
2026-10-13;Dieta Ekonomiczna;587;1200;Dieta Ekonomiczna;II śniadanie;192;Brzoskwiniowy shake proteinowy;183;8.18;4.22;32.97;1.05;19.6;0.19;2.58;na zimno;2026-09-29T13:53:32.978Z
2026-10-13;Dieta Ekonomiczna;587;1200;Dieta Ekonomiczna;Obiad;690;Gołąbki bez zawijania w sosie pomidorowym, ziemniaki z wody, ogórek kiszony w miodzie z musztardą;533;27.11;22.45;55.57;5.71;10.45;1.49;5.96;na ciepło;2026-09-29T13:53:32.978Z
2026-10-13;Dieta Ekonomiczna Wege;605;1200;Dieta Ekonomiczna Wege;Śniadanie;691;Naleśniki z twarożkiem czekoladowym z orzechami, kiwi;300;13.58;16.82;23.17;3.46;4.23;0.23;6.3;ciepło/zimno;2026-09-29T13:53:32.978Z
2026-10-13;Dieta Ekonomiczna Wege;605;1200;Dieta Ekonomiczna Wege;II śniadanie;692;Pasztet warzywny z siemieniem lnianym, chleb czystoziarnisty, dip szczypiorkowy, ogórek;334;12.32;21.46;19.68;9.66;5.51;0.74;3.5;na zimno;2026-09-29T13:53:32.978Z
2026-10-13;Dieta Ekonomiczna Wege;605;1200;Dieta Ekonomiczna Wege;Obiad;693;Spaghetti pełnoziarniste w sosie śmietanowym z suszonymi pomidorami, pieczonym łososiem i groszkiem;693;34.3;42.54;43.34;10.37;7.57;0.91;16.16;na zimno;2026-09-29T13:53:32.978Z
2026-10-13;Dieta Fish Low Carb & IG;631;1200;Dieta Fish Low Carb & IG;Śniadanie;691;Naleśniki z twarożkiem czekoladowym z orzechami, kiwi;161;6.97;8.51;13.94;2.15;2.22;0.12;3.17;ciepło/zimno;2026-09-29T13:53:32.978Z
2026-10-13;Dieta Fish Low Carb & IG;631;1200;Dieta Fish Low Carb & IG;II śniadanie;692;Pasztet warzywny z siemieniem lnianym, chleb czystoziarnisty, dip szczypiorkowy, ogórek;213;7.9;13.54;12.78;6.23;3.76;0.45;2.18;na zimno;2026-09-29T13:53:32.978Z
2026-10-13;Dieta Fish Low Carb & IG;631;1200;Dieta Fish Low Carb & IG;Obiad;693;Spaghetti pełnoziarniste w sosie śmietanowym z suszonymi pomidorami, pieczonym łososiem i groszkiem;413;20.5;25.32;25.72;6.17;4.5;0.54;9.6;na ciepło;2026-09-29T13:53:32.978Z
2026-10-13;Dieta Fish Low Carb & IG;631;1200;Dieta Fish Low Carb & IG;Podwieczorek;694;Śliwkowy deser z makiem i czekoladą;226;5.36;19.95;6.6;1.25;4.25;0.08;11.75;na zimno;2026-09-29T13:53:32.978Z
2026-10-13;Dieta Fish Low Carb & IG;631;1200;Dieta Fish Low Carb & IG;Kolacja;695;Sałatka z tuńczykiem, fasolką edamame, mini mozzarellą i winegretem cytrusowym;238;18.47;15.23;7.61;2.42;2.5;0.78;4.35;na zimno;2026-09-29T13:53:32.978Z
2026-10-13;Dieta Fodmap;617;1200;Dieta Fodmap;Śniadanie;696;Pieczony schab w tymianku, chleb twarogowy z pestkami dyni i sezamem, twarożek chrzanowy, papryka;238;22.61;12.62;7.66;0.83;4.28;0.5;3.66;na zimno;2026-09-29T13:53:32.978Z
2026-10-13;Dieta Fodmap;617;1200;Dieta Fodmap;II śniadanie;697;Sałatka ryżowa z kurczakiem, papryką, serem i kukurydzą;262;14.56;14.96;17.25;1.36;2.01;0.95;4.09;na zimno;2026-09-29T13:53:32.978Z
2026-10-13;Dieta Fodmap;617;1200;Dieta Fodmap;Obiad;698;Kotlety drobiowe w lekkim sosie koperkowym, kasza gryczana, grillowana cukinia;341;21.17;14.34;31.36;3.32;2.9;1.28;7.02;na ciepło;2026-09-29T13:53:32.978Z
2026-10-13;Dieta Fodmap;617;1200;Dieta Fodmap;Podwieczorek;699;Borówkowy deser chia z wiórkami gorzkiej czekolady;182;3.98;10.26;18.34;3.38;16.47;0.08;5.63;na zimno;2026-09-29T13:53:32.978Z
2026-10-13;Dieta Fodmap;617;1200;Dieta Fodmap;Kolacja;700;Placki z tofu, szpinakiem i kukurydzą, dip koperkowy i pomidorki;211;12.57;14.51;7.48;1.19;3.32;0.58;5.38;ciepło/zimno;2026-09-29T13:53:32.978Z
2026-10-13;Dieta Hashi Low Gluten & Lactose;629;1200;Dieta Hashi Low Gluten & Lactose;Śniadanie;701;Pasta jajeczna z polędwicą wieprzową i koperkiem, chleb gryczany, pomidorki;217;10.33;9.22;22.06;2.65;2.97;1.25;1.4;na zimno;2026-09-29T13:53:32.978Z
2026-10-13;Dieta Hashi Low Gluten & Lactose;629;1200;Dieta Hashi Low Gluten & Lactose;II śniadanie;702;Sok świeżo wyciskany z jabłka, mango i pomarańczy;160;1.7;1.14;35.41;6.38;34.29;0;0.05;na zimno;2026-09-29T13:53:32.978Z
2026-10-13;Dieta Hashi Low Gluten & Lactose;629;1200;Dieta Hashi Low Gluten & Lactose;Obiad;703;Pulpety wieprzowe w sosie pieczarkowym, pieczone ziemniaki, surówka po żydowsku;357;17.79;19.49;27.53;5.3;2.37;1.1;6.87;na ciepło;2026-09-29T13:53:32.978Z
2026-10-13;Dieta Hashi Low Gluten & Lactose;629;1200;Dieta Hashi Low Gluten & Lactose;Podwieczorek;704;Jagielnik czekoladowy;216;4.98;9.89;28.2;2.57;8.91;0.09;6.48;na zimno;2026-09-29T13:53:32.978Z
2026-10-13;Dieta Hashi Low Gluten & Lactose;629;1200;Dieta Hashi Low Gluten & Lactose;Kolacja;705;Zapiekanka z batatem, mix sałat z oliwkami, winegret cytrusowy;323;15.48;22.25;15.36;2.47;4.13;1.25;8.36;na ciepło;2026-09-29T13:53:32.978Z
2026-10-13;Dieta Ketogeniczna;610;1500;Dieta Ketogeniczna;Śniadanie;706;Kiełbasa kaukaska z papryką, camembert, pieczywo keto, ogórek;332;22.35;22.88;7.72;3.56;1.53;0.64;11.26;na zimno;2026-09-29T13:53:32.978Z
2026-10-13;Dieta Ketogeniczna;610;1500;Dieta Ketogeniczna;Obiad;707;Klopsiki cielęco-wieprzowe, sos pomidorowy, pieczony kalafior z masłem, mizeria z kolendrą;402;19.93;29.94;9.03;5.25;5.85;0.75;12.22;na ciepło;2026-09-29T13:53:32.978Z
2026-10-13;Dieta Ketogeniczna;610;1500;Dieta Ketogeniczna;Podwieczorek;708;Pasztet wieprzowy z warzywami, chleb twarogowy, masło czosnkowe, surówka z kalarepy z rzodkiewką;412;16.22;33.82;6.32;4.35;3.76;0.69;12.61;na zimno;2026-09-29T13:53:32.978Z
2026-10-13;Dieta Ketogeniczna;610;1500;Dieta Ketogeniczna;Kolacja;709;Keto Carbonara;412;14.17;37.18;4.61;1.87;3.33;1.66;18.68;na ciepło;2026-09-29T13:53:32.978Z
2026-10-13;Dieta Light;612;1500;Dieta Light;Śniadanie;710;Pasta jajeczna z polędwicą wieprzową i koperkiem, bułka grahamka, pomidorki;324;15.18;19.34;21.73;2.41;4.13;1.22;2.65;na zimno;2026-09-29T13:53:32.978Z
2026-10-13;Dieta Light;612;1500;Dieta Light;II śniadanie;711;Świeżo wyciskany sok z jabłka i czarnego bzu;150;1.71;1.51;32.12;7.75;31.79;0;0;na zimno;2026-09-29T13:53:32.978Z
2026-10-13;Dieta Light;612;1500;Dieta Light;Obiad;712;Kotlety drobiowe w lekkim sosie koperkowym, kuskus perłowy, surówka z buraków;543;32.18;18.38;61.76;6.05;14.84;1.08;7.46;na ciepło;2026-09-29T13:53:32.978Z
2026-10-13;Dieta Light;612;1500;Dieta Light;Podwieczorek;713;Sernik mango dynia z rokitnikiem i żelką z czarnej porzeczki;143;5.99;5.26;17.79;1.47;12.76;0.17;1.07;na zimno;2026-09-29T13:53:32.978Z
2026-10-13;Dieta Light;612;1500;Dieta Light;Kolacja;714;Sałatka z indykiem marynowanym w czerwonym pesto, papryką, batatem i mini mozzarellą, winegret ziołowy;310;21.8;17.77;15.92;2.33;5;0.63;4.57;na zimno;2026-09-29T13:53:32.978Z
2026-10-13;Dieta Low Carb & IG;628;1200;Dieta Low Carb & IG;Śniadanie;715;Paprykarz Mauricza ze Szczecina;187;10.5;9.79;12.5;2.28;1.94;1.73;1.3;na zimno;2026-09-29T13:53:32.978Z
2026-10-13;Dieta Low Carb & IG;628;1200;Dieta Low Carb & IG;II śniadanie;716;Pancakes malinowe, twarożek orzechowy, kiwi;244;9.62;13.68;20.44;2.67;3.45;0.38;3.44;ciepło/zimno;2026-09-29T13:53:32.978Z
2026-10-13;Dieta Low Carb & IG;628;1200;Dieta Low Carb & IG;Obiad;717;Klopsiki cielęco-wieprzowe, risotto paprykowe, mizeria z kolendrą;354;15.52;24.2;15.48;2.63;3.86;0.52;11.41;na ciepło;2026-09-29T13:53:32.978Z
2026-10-13;Dieta Low Carb & IG;628;1200;Dieta Low Carb & IG;Podwieczorek;718;Pierogi z mięsem drobiowym na mące orkiszowej i graham, dip curry;230;14.24;11.1;18.47;1.32;2.1;0.39;1.77;na ciepło;2026-09-29T13:53:32.978Z
2026-10-13;Dieta Low Carb & IG;628;1200;Dieta Low Carb & IG;Kolacja;719;Krem warzywny z curry, pestki słonecznika;266;3.85;23.35;9.97;3.14;4.61;0.46;12.52;na ciepło;2026-09-29T13:53:32.978Z
2026-10-13;Dieta START;634;1500;Dieta START;Śniadanie;716;Pancakes malinowe, twarożek orzechowy, kiwi;567;22.95;33.09;43.75;5.38;8.09;0.94;8.24;ciepło/zimno;2026-09-29T13:53:32.978Z
2026-10-13;Dieta START;634;1500;Dieta START;Obiad;712;Kotlety drobiowe w lekkim sosie koperkowym, kuskus perłowy, surówka z buraków;671;42.38;20.72;78.25;7.2;15.24;1.22;7.8;na ciepło;2026-09-29T13:53:32.978Z
2026-10-13;Dieta START;634;1500;Dieta START;Kolacja;719;Krem warzywny z curry, pestki słonecznika;384;5.93;33.65;14.37;4.53;6.46;0.65;17.62;na ciepło;2026-09-29T13:53:32.978Z
2026-10-13;Dieta Standard;583;1200;Dieta Standard;Śniadanie;689;Placki dyniowe z cukinią i serem, twarożek chrzanowy, pomidorki;214;23.26;9.58;8.34;2.68;6.23;1.01;4.92;ciepło/zimno;2026-09-29T13:53:32.978Z
2026-10-13;Dieta Standard;583;1200;Dieta Standard;II śniadanie;192;Brzoskwiniowy shake proteinowy;183;8.18;4.22;32.97;1.05;19.6;0.19;2.58;na zimno;2026-09-29T13:53:32.978Z
2026-10-13;Dieta Standard;583;1200;Dieta Standard;Obiad;690;Gołąbki bez zawijania w sosie pomidorowym, ziemniaki z wody, ogórek kiszony w miodzie z musztardą;353;15.2;16.66;35.55;3.68;9.2;1.21;4.52;na ciepło;2026-09-29T13:53:32.978Z
2026-10-13;Dieta Standard;583;1200;Dieta Standard;Podwieczorek;720;Ciasto marchewkowe z kremem kajmakowym i arachidem;230;10;10.59;23.91;1;15.25;1.13;1.58;na zimno;2026-09-29T13:53:32.978Z
2026-10-13;Dieta Standard;583;1200;Dieta Standard;Kolacja;368;Wrap z indykiem i warzywami, dip 1000 wysp;254;12.07;11.38;25.94;1.63;4.88;1.14;2.68;na ciepło;2026-09-29T13:53:32.978Z
2026-10-13;Dieta Śródziemnomorska;630;1200;Dieta Śródziemnomorska;Śniadanie;721;Bułeczka drożdżowa z szynką drobiową, serem i kurkumą, dip koperkowy, pomidorki;269;16.79;9.46;29.12;3.81;4.88;0.83;2.6;ciepło/zimno;2026-09-29T13:53:32.978Z
2026-10-13;Dieta Śródziemnomorska;630;1200;Dieta Śródziemnomorska;II śniadanie;722;Pasta z orzechów nerkowca i ciecierzycy z płatkami papryki, mini wafle gryczane, marchewka i kalarepa;248;10.4;9.7;30.46;7.79;2.67;0.13;1.49;na zimno;2026-09-29T13:53:32.978Z
2026-10-13;Dieta Śródziemnomorska;630;1200;Dieta Śródziemnomorska;Obiad;723;Kaszotto grzybowe z kurczakiem, pieczarkami i tartą mozzarellą;325;31.5;10.76;25.34;4.53;1.56;1.28;4.65;na ciepło;2026-09-29T13:53:32.978Z
2026-10-13;Dieta Śródziemnomorska;630;1200;Dieta Śródziemnomorska;Podwieczorek;724;Sernik marakuja na zimno na orkiszowym ciastku;119;8.92;5.02;10.2;0.39;2.93;0.08;3.07;na zimno;2026-09-29T13:53:32.978Z
2026-10-13;Dieta Śródziemnomorska;630;1200;Dieta Śródziemnomorska;Kolacja;725;Zapiekanka pastitsio, mix sałat, oliwki, winegret;315;14.55;19.3;19.54;3.2;3.24;1.12;7;na ciepło;2026-09-29T13:53:32.978Z
2026-10-13;Wybór menu / BASIC;614;2000;BASIC;Śniadanie;689;Placki dyniowe z cukinią i serem, twarożek chrzanowy, pomidorki;404.41;43.99;18.92;13.96;4.37;9.91;1.99;9.84;ciepło/zimno;2026-09-29T13:53:32.978Z
2026-10-13;Wybór menu / BASIC;614;2000;Dieta Active Pro;Śniadanie;684;Musli z płatkami owsianymi, proteinowy jogurt truskawkowy, konfitura malinowa;300.78;26.08;6.68;42.94;6.25;13.54;0.35;1.42;na zimno;2026-09-29T13:53:32.978Z
2026-10-13;Wybór menu / BASIC;614;2000;Dieta Light;Śniadanie;710;Pasta jajeczna z polędwicą wieprzową i koperkiem, bułka grahamka, pomidorki;432.82;20.1;25.48;29.76;3.02;4.79;1.65;3.49;na zimno;2026-09-29T13:53:32.978Z
2026-10-13;Wybór menu / BASIC;614;2000;BASIC;II śniadanie;192;Brzoskwiniowy shake proteinowy;182.86;8.18;4.22;32.97;1.05;19.6;0.19;2.58;na zimno;2026-09-29T13:53:32.978Z
2026-10-13;Wybór menu / BASIC;614;2000;Dieta Active Pro;II śniadanie;685;Muffinki jajeczne z papryką i polędwicą wieprzową, dip czosnkowy, pomidorki;330.98;26.92;21.31;7.95;1.49;4.75;1.48;9.21;ciepło/zimno;2026-09-29T13:53:32.978Z
2026-10-13;Wybór menu / BASIC;614;2000;Dieta Light;II śniadanie;711;Świeżo wyciskany sok z jabłka i czarnego bzu;150.22;1.71;1.51;32.12;7.75;31.79;0;0;na zimno;2026-09-29T13:53:32.978Z
2026-10-13;Wybór menu / BASIC;614;2000;BASIC;Obiad;690;Gołąbki bez zawijania w sosie pomidorowym, ziemniaki z wody, ogórek kiszony w miodzie z musztardą;532.83;27.11;22.45;55.57;5.71;10.45;1.49;5.96;na ciepło;2026-09-29T13:53:32.978Z
2026-10-13;Wybór menu / BASIC;614;2000;Dieta Active Pro;Obiad;686;Filet z indyka w sosie pieczarkowym, kopytka, mizeria z koperkiem;463.64;37.55;10.82;53.74;4.27;4.25;0.8;5.35;na ciepło;2026-09-29T13:53:32.978Z
2026-10-13;Wybór menu / BASIC;614;2000;Dieta Light;Obiad;712;Kotlety drobiowe w lekkim sosie koperkowym, kuskus perłowy, surówka z buraków;645.11;41.58;20.18;73.73;6.89;15.13;1.22;7.76;na ciepło;2026-09-29T13:53:32.978Z
2026-10-13;Wybór menu / BASIC;614;2000;BASIC;Podwieczorek;720;Ciasto marchewkowe z kremem kajmakowym i arachidem;408.94;17.78;18.83;42.51;1.78;27.11;2.01;2.82;na zimno;2026-09-29T13:53:32.978Z
2026-10-13;Wybór menu / BASIC;614;2000;Dieta Active Pro;Podwieczorek;687;Agrestowiec straciatella na owsianym spodzie;311.6;14.84;13.23;34.19;1.38;19.66;0.31;4.5;na zimno;2026-09-29T13:53:32.978Z
2026-10-13;Wybór menu / BASIC;614;2000;Dieta Light;Podwieczorek;713;Sernik mango dynia z rokitnikiem i żelką z czarnej porzeczki;269.01;11.23;9.86;33.35;2.76;23.92;0.32;2.01;na zimno;2026-09-29T13:53:32.978Z
2026-10-13;Wybór menu / BASIC;614;2000;BASIC;Kolacja;368;Wrap z indykiem i warzywami, dip 1000 wysp;491.88;23.87;21.38;51.11;3.2;9.15;2.2;5.15;na ciepło;2026-09-29T13:53:32.978Z
2026-10-13;Wybór menu / BASIC;614;2000;Dieta Active Pro;Kolacja;688;Penne w sosie pomidorowym z polędwiczką wieprzową, grillowaną cukinią i tartym serem;530.16;39.85;17.49;51.74;4.81;10.49;0.98;4.04;na ciepło;2026-09-29T13:53:32.978Z
2026-10-13;Wybór menu / BASIC;614;2000;Dieta Light;Kolacja;714;Sałatka z indykiem marynowanym w czerwonym pesto, papryką, batatem i mini mozzarellą, winegret ziołowy;458.52;32.9;28.05;18.83;2.66;6.7;0.94;7.49;na zimno;2026-09-29T13:53:32.978Z
2026-10-13;Wybór menu / COMFORT;614;2000;COMFORT;Śniadanie;689;Placki dyniowe z cukinią i serem, twarożek chrzanowy, pomidorki;404.41;43.99;18.92;13.96;4.37;9.91;1.99;9.84;ciepło/zimno;2026-09-29T13:53:32.978Z
2026-10-13;Wybór menu / COMFORT;614;2000;Dieta Active Pro;Śniadanie;684;Musli z płatkami owsianymi, proteinowy jogurt truskawkowy, konfitura malinowa;300.78;26.08;6.68;42.94;6.25;13.54;0.35;1.42;na zimno;2026-09-29T13:53:32.978Z
2026-10-13;Wybór menu / COMFORT;614;2000;Dieta Fish Low Carb & IG;Śniadanie;691;Naleśniki z twarożkiem czekoladowym z orzechami, kiwi;299.78;13.58;16.82;23.17;3.46;4.23;0.23;6.3;ciepło/zimno;2026-09-29T13:53:32.978Z
2026-10-13;Wybór menu / COMFORT;614;2000;Dieta Light;Śniadanie;710;Pasta jajeczna z polędwicą wieprzową i koperkiem, bułka grahamka, pomidorki;432.82;20.1;25.48;29.76;3.02;4.79;1.65;3.49;na zimno;2026-09-29T13:53:32.978Z
2026-10-13;Wybór menu / COMFORT;614;2000;Dieta Low Carb & IG;Śniadanie;715;Paprykarz Mauricza ze Szczecina;297.45;17.08;15.49;19.88;3.76;2.94;2.6;2.06;na zimno;2026-09-29T13:53:32.978Z
2026-10-13;Wybór menu / COMFORT;614;2000;COMFORT;II śniadanie;192;Brzoskwiniowy shake proteinowy;182.86;8.18;4.22;32.97;1.05;19.6;0.19;2.58;na zimno;2026-09-29T13:53:32.978Z
2026-10-13;Wybór menu / COMFORT;614;2000;Dieta Active Pro;II śniadanie;685;Muffinki jajeczne z papryką i polędwicą wieprzową, dip czosnkowy, pomidorki;330.98;26.92;21.31;7.95;1.49;4.75;1.48;9.21;ciepło/zimno;2026-09-29T13:53:32.978Z
2026-10-13;Wybór menu / COMFORT;614;2000;Dieta Fish Low Carb & IG;II śniadanie;692;Pasztet warzywny z siemieniem lnianym, chleb czystoziarnisty, dip szczypiorkowy, ogórek;333.72;12.32;21.46;19.68;9.66;5.51;0.74;3.5;na zimno;2026-09-29T13:53:32.978Z
2026-10-13;Wybór menu / COMFORT;614;2000;Dieta Light;II śniadanie;711;Świeżo wyciskany sok z jabłka i czarnego bzu;150.22;1.71;1.51;32.12;7.75;31.79;0;0;na zimno;2026-09-29T13:53:32.978Z
2026-10-13;Wybór menu / COMFORT;614;2000;Dieta Low Carb & IG;II śniadanie;716;Pancakes malinowe, twarożek orzechowy, kiwi;466.88;18.88;27.16;36.16;4.51;6.69;0.76;6.84;ciepło/zimno;2026-09-29T13:53:32.978Z
2026-10-13;Wybór menu / COMFORT;614;2000;COMFORT;Obiad;690;Gołąbki bez zawijania w sosie pomidorowym, ziemniaki z wody, ogórek kiszony w miodzie z musztardą;532.83;27.11;22.45;55.57;5.71;10.45;1.49;5.96;na ciepło;2026-09-29T13:53:32.978Z
2026-10-13;Wybór menu / COMFORT;614;2000;Dieta Active Pro;Obiad;686;Filet z indyka w sosie pieczarkowym, kopytka, mizeria z koperkiem;463.64;37.55;10.82;53.74;4.27;4.25;0.8;5.35;na ciepło;2026-09-29T13:53:32.978Z
2026-10-13;Wybór menu / COMFORT;614;2000;Dieta Fish Low Carb & IG;Obiad;693;Spaghetti pełnoziarniste w sosie śmietanowym z suszonymi pomidorami, pieczonym łososiem i groszkiem;693.16;34.3;42.54;43.34;10.37;7.57;0.91;16.16;na zimno;2026-09-29T13:53:32.978Z
2026-10-13;Wybór menu / COMFORT;614;2000;Dieta Light;Obiad;712;Kotlety drobiowe w lekkim sosie koperkowym, kuskus perłowy, surówka z buraków;645.11;41.58;20.18;73.73;6.89;15.13;1.22;7.76;na ciepło;2026-09-29T13:53:32.978Z
2026-10-13;Wybór menu / COMFORT;614;2000;Dieta Low Carb & IG;Obiad;717;Klopsiki cielęco-wieprzowe, risotto paprykowe, mizeria z kolendrą;611.11;29.16;41.28;24.57;4.58;5.09;0.92;18.62;na ciepło;2026-09-29T13:53:32.978Z
2026-10-13;Wybór menu / COMFORT;614;2000;COMFORT;Podwieczorek;720;Ciasto marchewkowe z kremem kajmakowym i arachidem;408.94;17.78;18.83;42.51;1.78;27.11;2.01;2.82;na zimno;2026-09-29T13:53:32.978Z
2026-10-13;Wybór menu / COMFORT;614;2000;Dieta Active Pro;Podwieczorek;687;Agrestowiec straciatella na owsianym spodzie;311.6;14.84;13.23;34.19;1.38;19.66;0.31;4.5;na zimno;2026-09-29T13:53:32.978Z
2026-10-13;Wybór menu / COMFORT;614;2000;Dieta Fish Low Carb & IG;Podwieczorek;694;Śliwkowy deser z makiem i czekoladą;377.15;8.93;33.25;11;2.09;7.08;0.13;19.58;na zimno;2026-09-29T13:53:32.978Z
2026-10-13;Wybór menu / COMFORT;614;2000;Dieta Light;Podwieczorek;713;Sernik mango dynia z rokitnikiem i żelką z czarnej porzeczki;269.01;11.23;9.86;33.35;2.76;23.92;0.32;2.01;na zimno;2026-09-29T13:53:32.978Z
2026-10-13;Wybór menu / COMFORT;614;2000;Dieta Low Carb & IG;Podwieczorek;718;Pierogi z mięsem drobiowym na mące orkiszowej i graham, dip curry;350.88;21.52;17.11;28.01;1.99;3.4;0.6;2.76;na ciepło;2026-09-29T13:53:32.978Z
2026-10-13;Wybór menu / COMFORT;614;2000;COMFORT;Kolacja;368;Wrap z indykiem i warzywami, dip 1000 wysp;491.88;23.87;21.38;51.11;3.2;9.15;2.2;5.15;na ciepło;2026-09-29T13:53:32.978Z
2026-10-13;Wybór menu / COMFORT;614;2000;Dieta Active Pro;Kolacja;688;Penne w sosie pomidorowym z polędwiczką wieprzową, grillowaną cukinią i tartym serem;530.16;39.85;17.49;51.74;4.81;10.49;0.98;4.04;na ciepło;2026-09-29T13:53:32.978Z
2026-10-13;Wybór menu / COMFORT;614;2000;Dieta Fish Low Carb & IG;Kolacja;695;Sałatka z tuńczykiem, fasolką edamame, mini mozzarellą i winegretem cytrusowym;382.2;29.73;24.94;11.04;3.7;4.03;1.3;7.25;na zimno;2026-09-29T13:53:32.978Z
2026-10-13;Wybór menu / COMFORT;614;2000;Dieta Light;Kolacja;714;Sałatka z indykiem marynowanym w czerwonym pesto, papryką, batatem i mini mozzarellą, winegret ziołowy;458.52;32.9;28.05;18.83;2.66;6.7;0.94;7.49;na zimno;2026-09-29T13:53:32.978Z
2026-10-13;Wybór menu / COMFORT;614;2000;Dieta Low Carb & IG;Kolacja;719;Krem warzywny z curry, pestki słonecznika;282.55;4.58;24.66;10.53;3.32;4.61;0.46;12.65;na ciepło;2026-09-29T13:53:32.978Z
2026-10-13;Wybór menu / KETO FUSION;614;2000;Dieta Ketogeniczna;Śniadanie;706;Kiełbasa kaukaska z papryką, camembert, pieczywo keto, ogórek;412.79;29.49;27.08;10.63;5.19;1.78;0.69;11.94;na zimno;2026-09-29T13:53:32.978Z
2026-10-13;Wybór menu / KETO FUSION;614;2000;Dieta Śródziemnomorska Keto;Śniadanie;726;Naleśniki z twarożkiem czekoladowym z orzechami, sos truskawkowy;569.82;29.04;44.96;11.76;4.35;9.06;0.73;17.72;ciepło/zimno;2026-09-29T13:53:32.978Z
2026-10-13;Wybór menu / KETO FUSION;614;2000;Dieta Ketogeniczna;Obiad;707;Klopsiki cielęco-wieprzowe, sos pomidorowy, pieczony kalafior z masłem, mizeria z kolendrą;535;28.73;39.25;10.52;6.97;6.72;0.96;16.24;na ciepło;2026-09-29T13:53:32.978Z
2026-10-13;Wybór menu / KETO FUSION;614;2000;Dieta Śródziemnomorska Keto;Obiad;727;Kotlety grzybowo-serowe, sos śmietanowy z ziołami, fasolka szparagowa, surówka z porem i selerem;611.96;16.65;54.08;12.46;13.79;6.9;1.59;14.63;na ciepło;2026-09-29T13:53:32.978Z
2026-10-13;Wybór menu / KETO FUSION;614;2000;Dieta Ketogeniczna;Podwieczorek;708;Pasztet wieprzowy z warzywami, chleb twarogowy, masło czosnkowe, surówka z kalarepy z rzodkiewką;568.46;22.58;46.77;7.86;5.73;4.81;0.9;18.54;na zimno;2026-09-29T13:53:32.978Z
2026-10-13;Wybór menu / KETO FUSION;614;2000;Dieta Śródziemnomorska Keto;Podwieczorek;728;Panna cotta kokosowo-malinowa;364.2;6.93;34.14;7.42;4.82;6.76;0.05;27.35;na zimno;2026-09-29T13:53:32.978Z
2026-10-13;Wybór menu / KETO FUSION;614;2000;Dieta Ketogeniczna;Kolacja;709;Keto Carbonara;620.28;21.3;56.16;6.76;2.58;4.97;2.51;28.14;na ciepło;2026-09-29T13:53:32.978Z
2026-10-13;Wybór menu / KETO FUSION;614;2000;Dieta Śródziemnomorska Keto;Kolacja;729;Sałatka z tuńczykiem, fasolką szparagową, mini mozzarellą, orzechami włoskimi i winegretem cytrusowym;588.73;36.44;46.12;7.04;3.27;2.64;1.77;11.63;na zimno;2026-09-29T13:53:32.978Z
2026-10-13;Wybór menu / LADIES VIBES;614;2000;BASIC;Śniadanie;689;Placki dyniowe z cukinią i serem, twarożek chrzanowy, pomidorki;404.41;43.99;18.92;13.96;4.37;9.91;1.99;9.84;ciepło/zimno;2026-09-29T13:53:32.978Z
2026-10-13;Wybór menu / LADIES VIBES;614;2000;Dieta Active Pro;Śniadanie;684;Musli z płatkami owsianymi, proteinowy jogurt truskawkowy, konfitura malinowa;300.78;26.08;6.68;42.94;6.25;13.54;0.35;1.42;na zimno;2026-09-29T13:53:32.978Z
2026-10-13;Wybór menu / LADIES VIBES;614;2000;Dieta Light;Śniadanie;710;Pasta jajeczna z polędwicą wieprzową i koperkiem, bułka grahamka, pomidorki;432.82;20.1;25.48;29.76;3.02;4.79;1.65;3.49;na zimno;2026-09-29T13:53:32.978Z
2026-10-13;Wybór menu / LADIES VIBES;614;2000;BASIC;II śniadanie;192;Brzoskwiniowy shake proteinowy;182.86;8.18;4.22;32.97;1.05;19.6;0.19;2.58;na zimno;2026-09-29T13:53:32.978Z
2026-10-13;Wybór menu / LADIES VIBES;614;2000;Dieta Active Pro;II śniadanie;685;Muffinki jajeczne z papryką i polędwicą wieprzową, dip czosnkowy, pomidorki;330.98;26.92;21.31;7.95;1.49;4.75;1.48;9.21;ciepło/zimno;2026-09-29T13:53:32.978Z
2026-10-13;Wybór menu / LADIES VIBES;614;2000;Dieta Light;II śniadanie;711;Świeżo wyciskany sok z jabłka i czarnego bzu;150.22;1.71;1.51;32.12;7.75;31.79;0;0;na zimno;2026-09-29T13:53:32.978Z
2026-10-13;Wybór menu / LADIES VIBES;614;2000;BASIC;Obiad;690;Gołąbki bez zawijania w sosie pomidorowym, ziemniaki z wody, ogórek kiszony w miodzie z musztardą;532.83;27.11;22.45;55.57;5.71;10.45;1.49;5.96;na ciepło;2026-09-29T13:53:32.978Z
2026-10-13;Wybór menu / LADIES VIBES;614;2000;Dieta Active Pro;Obiad;686;Filet z indyka w sosie pieczarkowym, kopytka, mizeria z koperkiem;463.64;37.55;10.82;53.74;4.27;4.25;0.8;5.35;na ciepło;2026-09-29T13:53:32.978Z
2026-10-13;Wybór menu / LADIES VIBES;614;2000;Dieta Light;Obiad;712;Kotlety drobiowe w lekkim sosie koperkowym, kuskus perłowy, surówka z buraków;645.11;41.58;20.18;73.73;6.89;15.13;1.22;7.76;na ciepło;2026-09-29T13:53:32.978Z
2026-10-13;Wybór menu / LADIES VIBES;614;2000;BASIC;Podwieczorek;720;Ciasto marchewkowe z kremem kajmakowym i arachidem;408.94;17.78;18.83;42.51;1.78;27.11;2.01;2.82;na zimno;2026-09-29T13:53:32.978Z
2026-10-13;Wybór menu / LADIES VIBES;614;2000;Dieta Active Pro;Podwieczorek;687;Agrestowiec straciatella na owsianym spodzie;311.6;14.84;13.23;34.19;1.38;19.66;0.31;4.5;na zimno;2026-09-29T13:53:32.978Z
2026-10-13;Wybór menu / LADIES VIBES;614;2000;Dieta Light;Podwieczorek;713;Sernik mango dynia z rokitnikiem i żelką z czarnej porzeczki;269.01;11.23;9.86;33.35;2.76;23.92;0.32;2.01;na zimno;2026-09-29T13:53:32.978Z
2026-10-13;Wybór menu / LADIES VIBES;614;2000;BASIC;Kolacja;368;Wrap z indykiem i warzywami, dip 1000 wysp;491.88;23.87;21.38;51.11;3.2;9.15;2.2;5.15;na ciepło;2026-09-29T13:53:32.978Z
2026-10-13;Wybór menu / LADIES VIBES;614;2000;Dieta Active Pro;Kolacja;688;Penne w sosie pomidorowym z polędwiczką wieprzową, grillowaną cukinią i tartym serem;530.16;39.85;17.49;51.74;4.81;10.49;0.98;4.04;na ciepło;2026-09-29T13:53:32.978Z
2026-10-13;Wybór menu / LADIES VIBES;614;2000;Dieta Light;Kolacja;714;Sałatka z indykiem marynowanym w czerwonym pesto, papryką, batatem i mini mozzarellą, winegret ziołowy;458.52;32.9;28.05;18.83;2.66;6.7;0.94;7.49;na zimno;2026-09-29T13:53:32.978Z
2026-10-13;Wybór menu / SUPREME;614;2000;Dieta Active Pro;Śniadanie;684;Musli z płatkami owsianymi, proteinowy jogurt truskawkowy, konfitura malinowa;300.78;26.08;6.68;42.94;6.25;13.54;0.35;1.42;na zimno;2026-09-29T13:53:32.978Z
2026-10-13;Wybór menu / SUPREME;614;2000;Dieta Fish Low Carb & IG;Śniadanie;691;Naleśniki z twarożkiem czekoladowym z orzechami, kiwi;299.78;13.58;16.82;23.17;3.46;4.23;0.23;6.3;ciepło/zimno;2026-09-29T13:53:32.978Z
2026-10-13;Wybór menu / SUPREME;614;2000;Dieta Kuchnie Świata;Śniadanie;730;Pasta jajeczna, bajgiel z sezamem i siemieniem lnianym, papryka;589.59;24.13;27.51;61.48;0.83;4.04;2.27;4.33;na zimno;2026-09-29T13:53:32.978Z
2026-10-13;Wybór menu / SUPREME;614;2000;Dieta Light;Śniadanie;710;Pasta jajeczna z polędwicą wieprzową i koperkiem, bułka grahamka, pomidorki;432.82;20.1;25.48;29.76;3.02;4.79;1.65;3.49;na zimno;2026-09-29T13:53:32.978Z
2026-10-13;Wybór menu / SUPREME;614;2000;Dieta Low Carb & IG;Śniadanie;715;Paprykarz Mauricza ze Szczecina;297.45;17.08;15.49;19.88;3.76;2.94;2.6;2.06;na zimno;2026-09-29T13:53:32.978Z
2026-10-13;Wybór menu / SUPREME;614;2000;Dieta Top Taste;Śniadanie;304;Quesadilla z szarpaną wieprzowiną, warzywami i serem, salsa paprykowa;431.17;22.57;18.06;43.48;3.9;11.86;2.31;6.08;ciepło/zimno;2026-09-29T13:53:32.978Z
2026-10-13;Wybór menu / SUPREME;614;2000;Dieta Śródziemnomorska;Śniadanie;721;Bułeczka drożdżowa z szynką drobiową, serem i kurkumą, dip koperkowy, pomidorki;402.43;25.44;14.36;42.85;5.24;6.46;1.26;3.92;ciepło/zimno;2026-09-29T13:53:32.978Z
2026-10-13;Wybór menu / SUPREME;614;2000;SUPREME;Śniadanie;689;Placki dyniowe z cukinią i serem, twarożek chrzanowy, pomidorki;404.41;43.99;18.92;13.96;4.37;9.91;1.99;9.84;ciepło/zimno;2026-09-29T13:53:32.978Z
2026-10-13;Wybór menu / SUPREME;614;2000;Dieta Active Pro;II śniadanie;685;Muffinki jajeczne z papryką i polędwicą wieprzową, dip czosnkowy, pomidorki;330.98;26.92;21.31;7.95;1.49;4.75;1.48;9.21;ciepło/zimno;2026-09-29T13:53:32.978Z
2026-10-13;Wybór menu / SUPREME;614;2000;Dieta Fish Low Carb & IG;II śniadanie;692;Pasztet warzywny z siemieniem lnianym, chleb czystoziarnisty, dip szczypiorkowy, ogórek;333.72;12.32;21.46;19.68;9.66;5.51;0.74;3.5;na zimno;2026-09-29T13:53:32.978Z
2026-10-13;Wybór menu / SUPREME;614;2000;Dieta Kuchnie Świata;II śniadanie;702;Sok świeżo wyciskany z jabłka, mango i pomarańczy;152.98;1.66;1.17;33.69;6.48;32.97;0;0.02;na zimno;2026-09-29T13:53:32.978Z
2026-10-13;Wybór menu / SUPREME;614;2000;Dieta Light;II śniadanie;711;Świeżo wyciskany sok z jabłka i czarnego bzu;150.22;1.71;1.51;32.12;7.75;31.79;0;0;na zimno;2026-09-29T13:53:32.978Z
2026-10-13;Wybór menu / SUPREME;614;2000;Dieta Low Carb & IG;II śniadanie;716;Pancakes malinowe, twarożek orzechowy, kiwi;466.88;18.88;27.16;36.16;4.51;6.69;0.76;6.84;ciepło/zimno;2026-09-29T13:53:32.978Z
2026-10-13;Wybór menu / SUPREME;614;2000;Dieta Top Taste;II śniadanie;306;Tost francuski z chałki, twarożek czekoladowy, konfitura wiśniowa;383.95;14.61;11.34;57.29;2.18;12.2;0.75;4.74;ciepło/zimno;2026-09-29T13:53:32.978Z
2026-10-13;Wybór menu / SUPREME;614;2000;Dieta Śródziemnomorska;II śniadanie;722;Pasta z orzechów nerkowca i ciecierzycy z płatkami papryki, mini wafle gryczane, marchewka i kalarepa;448.86;18.49;18.24;53.59;13.35;4.48;0.17;2.97;na zimno;2026-09-29T13:53:32.978Z
2026-10-13;Wybór menu / SUPREME;614;2000;SUPREME;II śniadanie;192;Brzoskwiniowy shake proteinowy;182.86;8.18;4.22;32.97;1.05;19.6;0.19;2.58;na zimno;2026-09-29T13:53:32.978Z
2026-10-13;Wybór menu / SUPREME;614;2000;Dieta Active Pro;Obiad;686;Filet z indyka w sosie pieczarkowym, kopytka, mizeria z koperkiem;463.64;37.55;10.82;53.74;4.27;4.25;0.8;5.35;na ciepło;2026-09-29T13:53:32.978Z
2026-10-13;Wybór menu / SUPREME;614;2000;Dieta Fish Low Carb & IG;Obiad;693;Spaghetti pełnoziarniste w sosie śmietanowym z suszonymi pomidorami, pieczonym łososiem i groszkiem;693.16;34.3;42.54;43.34;10.37;7.57;0.91;16.16;na zimno;2026-09-29T13:53:32.978Z
2026-10-13;Wybór menu / SUPREME;614;2000;Dieta Kuchnie Świata;Obiad;731;Makaron ryżowy w sosie azjatyckim z kurczakiem i orzechami arachidowymi;641.57;38.37;27.59;59.78;3.9;18.26;2.31;3.48;na ciepło;2026-09-29T13:53:32.978Z
2026-10-13;Wybór menu / SUPREME;614;2000;Dieta Light;Obiad;712;Kotlety drobiowe w lekkim sosie koperkowym, kuskus perłowy, surówka z buraków;645.11;41.58;20.18;73.73;6.89;15.13;1.22;7.76;na ciepło;2026-09-29T13:53:32.978Z
2026-10-13;Wybór menu / SUPREME;614;2000;Dieta Low Carb & IG;Obiad;717;Klopsiki cielęco-wieprzowe, risotto paprykowe, mizeria z kolendrą;611.11;29.16;41.28;24.57;4.58;5.09;0.92;18.62;na ciepło;2026-09-29T13:53:32.978Z
2026-10-13;Wybór menu / SUPREME;614;2000;Dieta Top Taste;Obiad;308;Kotlet devolay, młode ziemniaki, surówka wiosenna;643.4;44.41;31.19;45.86;6.58;4.49;1.16;11.97;na ciepło;2026-09-29T13:53:32.978Z
2026-10-13;Wybór menu / SUPREME;614;2000;Dieta Śródziemnomorska;Obiad;723;Kaszotto grzybowe z kurczakiem, pieczarkami i tartą mozzarellą;512.09;49.35;16.33;41.5;6.22;2.51;1.75;7.02;na ciepło;2026-09-29T13:53:32.978Z
2026-10-13;Wybór menu / SUPREME;614;2000;SUPREME;Obiad;690;Gołąbki bez zawijania w sosie pomidorowym, ziemniaki z wody, ogórek kiszony w miodzie z musztardą;532.83;27.11;22.45;55.57;5.71;10.45;1.49;5.96;na ciepło;2026-09-29T13:53:32.978Z
2026-10-13;Wybór menu / SUPREME;614;2000;Dieta Active Pro;Podwieczorek;687;Agrestowiec straciatella na owsianym spodzie;311.6;14.84;13.23;34.19;1.38;19.66;0.31;4.5;na zimno;2026-09-29T13:53:32.978Z
2026-10-13;Wybór menu / SUPREME;614;2000;Dieta Fish Low Carb & IG;Podwieczorek;694;Śliwkowy deser z makiem i czekoladą;377.15;8.93;33.25;11;2.09;7.08;0.13;19.58;na zimno;2026-09-29T13:53:32.978Z
2026-10-13;Wybór menu / SUPREME;614;2000;Dieta Kuchnie Świata;Podwieczorek;732;Brownie chrupiący orzech;402.47;5.22;26.48;35.3;1.91;25.94;0.29;6.51;na zimno;2026-09-29T13:53:32.978Z
2026-10-13;Wybór menu / SUPREME;614;2000;Dieta Light;Podwieczorek;713;Sernik mango dynia z rokitnikiem i żelką z czarnej porzeczki;269.01;11.23;9.86;33.35;2.76;23.92;0.32;2.01;na zimno;2026-09-29T13:53:32.978Z
2026-10-13;Wybór menu / SUPREME;614;2000;Dieta Low Carb & IG;Podwieczorek;718;Pierogi z mięsem drobiowym na mące orkiszowej i graham, dip curry;350.88;21.52;17.11;28.01;1.99;3.4;0.6;2.76;na ciepło;2026-09-29T13:53:32.978Z
2026-10-13;Wybór menu / SUPREME;614;2000;Dieta Top Taste;Podwieczorek;69;Ananasowy sernik na zimno na ciasteczkowym spodzie;229.02;10.44;10.45;24.3;0.79;11.92;0.18;2.72;na zimno;2026-09-29T13:53:32.978Z
2026-10-13;Wybór menu / SUPREME;614;2000;Dieta Śródziemnomorska;Podwieczorek;724;Sernik marakuja na zimno na orkiszowym ciastku;213.45;16.06;9.04;18.36;0.71;5.27;0.14;5.52;na zimno;2026-09-29T13:53:32.978Z
2026-10-13;Wybór menu / SUPREME;614;2000;SUPREME;Podwieczorek;720;Ciasto marchewkowe z kremem kajmakowym i arachidem;408.94;17.78;18.83;42.51;1.78;27.11;2.01;2.82;na zimno;2026-09-29T13:53:32.978Z
2026-10-13;Wybór menu / SUPREME;614;2000;Dieta Active Pro;Kolacja;688;Penne w sosie pomidorowym z polędwiczką wieprzową, grillowaną cukinią i tartym serem;530.16;39.85;17.49;51.74;4.81;10.49;0.98;4.04;na ciepło;2026-09-29T13:53:32.978Z
2026-10-13;Wybór menu / SUPREME;614;2000;Dieta Fish Low Carb & IG;Kolacja;695;Sałatka z tuńczykiem, fasolką edamame, mini mozzarellą i winegretem cytrusowym;382.2;29.73;24.94;11.04;3.7;4.03;1.3;7.25;na zimno;2026-09-29T13:53:32.978Z
2026-10-13;Wybór menu / SUPREME;614;2000;Dieta Kuchnie Świata;Kolacja;733;Sałatka a’la gyros z pieczonym kurczakiem, czerwoną kapustą, pomidorkami, kukurydzą i dipem duńskim;261.78;27.74;12.27;10.18;1.82;4.42;0.72;1.62;na zimno;2026-09-29T13:53:32.978Z
2026-10-13;Wybór menu / SUPREME;614;2000;Dieta Light;Kolacja;714;Sałatka z indykiem marynowanym w czerwonym pesto, papryką, batatem i mini mozzarellą, winegret ziołowy;458.52;32.9;28.05;18.83;2.66;6.7;0.94;7.49;na zimno;2026-09-29T13:53:32.978Z
2026-10-13;Wybór menu / SUPREME;614;2000;Dieta Low Carb & IG;Kolacja;719;Krem warzywny z curry, pestki słonecznika;282.55;4.58;24.66;10.53;3.32;4.61;0.46;12.65;na ciepło;2026-09-29T13:53:32.978Z
2026-10-13;Wybór menu / SUPREME;614;2000;Dieta Top Taste;Kolacja;734;Kurczak generała TSO;426.84;34.3;7.41;55.71;4;14.37;1.3;0.97;na ciepło;2026-09-29T13:53:32.978Z
2026-10-13;Wybór menu / SUPREME;614;2000;Dieta Śródziemnomorska;Kolacja;725;Zapiekanka pastitsio, mix sałat, oliwki, winegret;507.71;23.59;31.16;31.04;5.07;5.32;1.73;11.45;na ciepło;2026-09-29T13:53:32.978Z
2026-10-13;Wybór menu / SUPREME;614;2000;SUPREME;Kolacja;368;Wrap z indykiem i warzywami, dip 1000 wysp;491.88;23.87;21.38;51.11;3.2;9.15;2.2;5.15;na ciepło;2026-09-29T13:53:32.978Z
2026-10-13;Wybór menu / TYPES OF VEGE;614;2000;Dieta Fish Low Carb & IG;Śniadanie;691;Naleśniki z twarożkiem czekoladowym z orzechami, kiwi;299.78;13.58;16.82;23.17;3.46;4.23;0.23;6.3;ciepło/zimno;2026-09-29T13:53:32.978Z
2026-10-13;Wybór menu / TYPES OF VEGE;614;2000;Dieta Wegańska;Śniadanie;735;Jogurt ananasowy, granola orzechowa, pomarańcza;450.18;16.1;17.69;55.74;4.46;35.11;0.19;5.79;na zimno;2026-09-29T13:53:32.978Z
2026-10-13;Wybór menu / TYPES OF VEGE;614;2000;Dieta Wegetariańska;Śniadanie;736;Paprykarz z soczewicą, bułka graham, ogórek kiszony;307.7;12.09;9.78;40.6;9.4;6.22;3.07;1.23;na zimno;2026-09-29T13:53:32.978Z
2026-10-13;Wybór menu / TYPES OF VEGE;614;2000;Dieta Fish Low Carb & IG;II śniadanie;692;Pasztet warzywny z siemieniem lnianym, chleb czystoziarnisty, dip szczypiorkowy, ogórek;333.72;12.32;21.46;19.68;9.66;5.51;0.74;3.5;na zimno;2026-09-29T13:53:32.978Z
2026-10-13;Wybór menu / TYPES OF VEGE;614;2000;Dieta Wegańska;II śniadanie;737;Tajska zupa z warzywami, brokułem i makaronem ryżowym;281.98;5.49;17.75;24.64;4.1;7.07;1.68;8.89;na ciepło;2026-09-29T13:53:32.978Z
2026-10-13;Wybór menu / TYPES OF VEGE;614;2000;Dieta Wegetariańska;II śniadanie;684;Musli z płatkami owsianymi, proteinowy jogurt truskawkowy, konfitura malinowa;346.53;25.07;11.37;42.26;6.87;15.17;0.36;2.48;na zimno;2026-09-29T13:53:32.978Z
2026-10-13;Wybór menu / TYPES OF VEGE;614;2000;Dieta Fish Low Carb & IG;Obiad;693;Spaghetti pełnoziarniste w sosie śmietanowym z suszonymi pomidorami, pieczonym łososiem i groszkiem;693.16;34.3;42.54;43.34;10.37;7.57;0.91;16.16;na zimno;2026-09-29T13:53:32.978Z
2026-10-13;Wybór menu / TYPES OF VEGE;614;2000;Dieta Wegańska;Obiad;738;Wegańskie mielone z marchewką, sos grzybowy, puree ziemniaczane, buraczki;522.4;15.51;28.47;49.63;7.73;15.45;1.67;10.87;na ciepło;2026-09-29T13:53:32.978Z
2026-10-13;Wybór menu / TYPES OF VEGE;614;2000;Dieta Wegetariańska;Obiad;739;Kotlety z selera z sezamem, dip czosnkowy, frytki z batata, colesław z czerwonej kapusty;516.59;12.62;30.02;48.65;7.39;15.76;1.97;3.91;na ciepło;2026-09-29T13:53:32.978Z
2026-10-13;Wybór menu / TYPES OF VEGE;614;2000;Dieta Fish Low Carb & IG;Podwieczorek;694;Śliwkowy deser z makiem i czekoladą;377.15;8.93;33.25;11;2.09;7.08;0.13;19.58;na zimno;2026-09-29T13:53:32.978Z
2026-10-13;Wybór menu / TYPES OF VEGE;614;2000;Dieta Wegańska;Podwieczorek;740;Wegański baton z borówkową galaretką na spodzie z tofu;341.42;6.53;19.36;34.32;3.62;21.01;0.46;12.95;na zimno;2026-09-29T13:53:32.978Z
2026-10-13;Wybór menu / TYPES OF VEGE;614;2000;Dieta Wegetariańska;Podwieczorek;741;Sernik biały kokos;376.52;10.45;32.12;13.33;2.27;3.78;0.2;13.9;na zimno;2026-09-29T13:53:32.978Z
2026-10-13;Wybór menu / TYPES OF VEGE;614;2000;Dieta Fish Low Carb & IG;Kolacja;695;Sałatka z tuńczykiem, fasolką edamame, mini mozzarellą i winegretem cytrusowym;382.2;29.73;24.94;11.04;3.7;4.03;1.3;7.25;na zimno;2026-09-29T13:53:32.978Z
2026-10-13;Wybór menu / TYPES OF VEGE;614;2000;Dieta Wegańska;Kolacja;742;Pierogi ze szpinakiem i wędzonym tofu, okrasa, surówka z kalarepy i rzodkiewki;405.98;12.38;15.96;51.62;5.12;4.2;0.55;1.63;na ciepło;2026-09-29T13:53:32.978Z
2026-10-13;Wybór menu / TYPES OF VEGE;614;2000;Dieta Wegetariańska;Kolacja;743;Parmigiana di melanzane, dip bazyliowy, sałata rzymska z pomidorkami;395.62;18.39;27.16;19.46;4.54;12.82;1.2;13;na ciepło;2026-09-29T13:53:32.978Z
2026-10-14;Dieta Active Pro;586;1200;Dieta Active Pro;Śniadanie;745;Jajko sadzone na polędwicy wieprzowej, bułka pomidorowa, dip musztardowy, papryka;249;14.67;9.78;25.57;0.68;3.96;1.6;2.49;na ciepło;2026-09-30T19:54:27Z
2026-10-14;Dieta Active Pro;586;1200;Dieta Active Pro;II śniadanie;748;Czarna porzeczka - shake proteinowy;216;16.43;4.39;26.4;4.69;20.16;0.25;2.91;na zimno;2026-09-30T19:54:27Z
2026-10-14;Dieta Active Pro;586;1200;Dieta Active Pro;Obiad;751;Pierogi z mięsem drobiowym z dipem bazyliowym i płatkami suszonego pomidora;349;24.64;11.59;35.87;2.04;2.51;0.61;1.71;na ciepło;2026-09-30T19:54:27Z
2026-10-14;Dieta Active Pro;586;1200;Dieta Active Pro;Podwieczorek;754;Placek drożdżowy z wiśniami i skyrem waniliowym;221;11.4;7.22;27.51;0.7;8.83;0.12;4.25;na zimno;2026-09-30T19:54:27Z
2026-10-14;Dieta Active Pro;586;1200;Dieta Active Pro;Kolacja;757;Tacos z indykiem po meksykańsku, guacamole;233;13.31;9.8;22.36;1.53;1.43;0.99;2.78;ciepło/zimno;2026-09-30T19:54:27Z
2026-10-14;Dieta Ekonomiczna;587;1200;Dieta Ekonomiczna;Śniadanie;744;Bułeczka drożdżowa z boczkiem, serem i kukurydzą, sałatka szwedzka, dip pietruszkowy;438;16.07;22.76;41.14;1.98;11.53;2.17;7.56;ciepło/zimno;2026-09-30T19:54:27Z
2026-10-14;Dieta Ekonomiczna;587;1200;Dieta Ekonomiczna;II śniadanie;747;Pasta serowa z czosnkiem, talarki kukurydziane, marchewka;333;24.02;12.66;30.27;2.48;5.69;1.41;3.95;na zimno;2026-09-30T19:54:27Z
2026-10-14;Dieta Ekonomiczna;587;1200;Dieta Ekonomiczna;Obiad;750;Tikka masala z kurczakiem, ryż basmati, orzechy nerkowca, kolendra;622;40.61;26.55;55.02;4.03;8.48;1.12;8.5;na ciepło;2026-09-30T19:54:27Z
2026-10-14;Dieta Ekonomiczna Wege;605;1200;Dieta Ekonomiczna Wege;Śniadanie;759;Paprykowa pasta z tuńczyka i jajek, chleb czystoziarnisty, ogórek kiszony;331;19.01;22.04;11.86;5.5;1.94;1.23;3.23;na zimno;2026-09-30T19:54:27Z
2026-10-14;Dieta Ekonomiczna Wege;605;1200;Dieta Ekonomiczna Wege;II śniadanie;761;Pomidorowy krem z pieczoną papryką, łososiem i makaronem rice konjac;296;15.84;21.45;9.56;3.69;4.46;0.75;6.28;na ciepło;2026-09-30T19:54:27Z
2026-10-14;Dieta Ekonomiczna Wege;605;1200;Dieta Ekonomiczna Wege;Obiad;184;Ryż smażony z warzywami po chińsku z krewetkami, brokułem i sosem hoisin;493;30.7;23.35;40.03;5.56;3.22;4.5;2.44;na ciepło;2026-09-30T19:54:27Z
2026-10-14;Dieta Fish Low Carb & IG;631;1200;Dieta Fish Low Carb & IG;Śniadanie;759;Paprykowa pasta z tuńczyka i jajek, chleb czystoziarnisty, ogórek kiszony;213;12.1;14;8.02;3.74;1.46;0.92;2.04;na zimno;2026-09-30T19:54:27Z
2026-10-14;Dieta Fish Low Carb & IG;631;1200;Dieta Fish Low Carb & IG;II śniadanie;761;Pomidorowy krem z pieczoną papryką, łososiem i makaronem rice konjac;244;10.8;18.04;9.29;3.24;4.41;0.7;5.53;na ciepło;2026-09-30T19:54:27Z
2026-10-14;Dieta Fish Low Carb & IG;631;1200;Dieta Fish Low Carb & IG;Obiad;184;Ryż smażony z warzywami po chińsku z krewetkami, brokułem i sosem hoisin;293;17.28;14.23;23.8;4.05;1.88;2.41;1.49;na ciepło;2026-09-30T19:54:27Z
2026-10-14;Dieta Fish Low Carb & IG;631;1200;Dieta Fish Low Carb & IG;Podwieczorek;141;Torcik brownie z musem malinowym;236;4.92;21.18;6.45;2.77;2.06;0.16;11.08;na zimno;2026-09-30T19:54:27Z
2026-10-14;Dieta Fish Low Carb & IG;631;1200;Dieta Fish Low Carb & IG;Kolacja;765;Serowe placki z cukinią, dip bazyliowy, grillowane pieczarki;272;15.38;19.99;6.67;7.48;3.67;1.63;6.05;ciepło/zimno;2026-09-30T19:54:27Z
2026-10-14;Dieta Fodmap;617;1200;Dieta Fodmap;Śniadanie;1350;Muffinki jajeczne z salami i papryką, szpinak, dip 1000 wysp;265;14.42;20.28;6.03;0.8;2.2;1.2;9.44;ciepło/zimno;2026-09-30T19:54:27Z
2026-10-14;Dieta Fodmap;617;1200;Dieta Fodmap;II śniadanie;1351;Pizzerinka z kurczakiem, papryką i serem bałkańskim, dip ziołowy;291;9.14;17.55;23.83;1.05;2.27;0.66;3.88;na ciepło;2026-09-30T19:54:27Z
2026-10-14;Dieta Fodmap;617;1200;Dieta Fodmap;Obiad;1352;Indyk w sosie śmietanowo-pomidorowym, ryż basmati, warzywa z pary;338;22;14.25;30.57;5.41;5.79;0.66;6.95;na ciepło;2026-09-30T19:54:27Z
2026-10-14;Dieta Fodmap;617;1200;Dieta Fodmap;Podwieczorek;1353;Mandarynkowy sernik na zimno;131;3.16;6.27;15.15;0.15;10.16;0.06;4.07;na zimno;2026-09-30T19:54:27Z
2026-10-14;Dieta Fodmap;617;1200;Dieta Fodmap;Kolacja;1354;Gnocchi z krewetkami w sosie cytrynowym, tarty ser włoski, natka pietruszki;263;12.96;10.1;29.53;0.81;1.43;1.57;3.67;na ciepło;2026-09-30T19:54:27Z
2026-10-14;Dieta Hashi Low Gluten & Lactose;629;1200;Dieta Hashi Low Gluten & Lactose;Śniadanie;1355;Kiełbaska maślana, chleb samo ziarno, twarożek z czarnuszką, ogórek;277;18.41;15.14;14.43;2.33;6.43;0.85;3.83;ciepło/zimno;2026-09-30T19:54:27Z
2026-10-14;Dieta Hashi Low Gluten & Lactose;629;1200;Dieta Hashi Low Gluten & Lactose;II śniadanie;1356;Jogurt mango-limonka z musli z orzechami, owocami i płatkami kokosa;192;6.69;9.02;23.03;1.9;13.9;0.21;5.25;na zimno;2026-09-30T19:54:27Z
2026-10-14;Dieta Hashi Low Gluten & Lactose;629;1200;Dieta Hashi Low Gluten & Lactose;Obiad;1357;Penne z kurczakiem i bakłażanem w sosie paprykowym, ser włoski;401;28.37;8.18;53.16;2.38;3.24;0.68;2.36;na ciepło;2026-09-30T19:54:27Z
2026-10-14;Dieta Hashi Low Gluten & Lactose;629;1200;Dieta Hashi Low Gluten & Lactose;Podwieczorek;1358;Jagodowy duet na biszkopcie kawowym;159;9.65;10.42;6.58;2.41;5.85;0.13;2.41;na zimno;2026-09-30T19:54:27Z
2026-10-14;Dieta Hashi Low Gluten & Lactose;629;1200;Dieta Hashi Low Gluten & Lactose;Kolacja;764;Sałatka z burakiem, serem bałkańskim, pomidorkami i winegretem;194;5.91;15.19;8.23;1.39;4.69;1.08;4.56;na zimno;2026-09-30T19:54:27Z
2026-10-14;Dieta Ketogeniczna;610;1500;Dieta Ketogeniczna;Śniadanie;760;Gofr cynamonowy, twarożek pomarańczowy z mascarpone, sos truskawkowy, chipsy kokosowe;324;9.58;28.39;7.12;5.23;5.19;0.49;13;ciepło/zimno;2026-09-30T19:54:27Z
2026-10-14;Dieta Ketogeniczna;610;1500;Dieta Ketogeniczna;Obiad;768;Sznycelki z indyka z mozzarellą i płatkami chili, sos śmietanowo-bazyliowy, grillowana cukinia z brokułem;513;29.53;40.02;8.66;4.16;4.6;1.38;13.08;na ciepło;2026-09-30T19:54:27Z
2026-10-14;Dieta Ketogeniczna;610;1500;Dieta Ketogeniczna;Podwieczorek;770;Grillowany boczek, chleb keto, twarożek z czarnuszką, ogórek;351;15.21;29.65;4.91;3.76;3.1;2.24;8.15;na zimno;2026-09-30T19:54:27Z
2026-10-14;Dieta Ketogeniczna;610;1500;Dieta Ketogeniczna;Kolacja;771;Parmigiana di melanzane, grillowana papryka, dip czosnkowy;411;12.17;34.79;12.15;3.88;5.86;1.08;12.17;ciepło/zimno;2026-09-30T19:54:27Z
2026-10-14;Dieta Light;612;1500;Dieta Light;Śniadanie;746;Naleśnik z twarożkiem kokosowo-waniliowym, brzoskwinie;363;22.29;11.04;42.41;2.44;24.42;0.25;3.89;ciepło/zimno;2026-09-30T19:54:27Z
2026-10-14;Dieta Light;612;1500;Dieta Light;II śniadanie;749;Pudding chia z wanilią, konfitura malinowa, płatki migdałowe;212;7.64;8;26.47;3.96;24.28;0.17;3.17;na zimno;2026-09-30T19:54:27Z
2026-10-14;Dieta Light;612;1500;Dieta Light;Obiad;752;Polędwiczka wieprzowa w sosie szpinakowym, ziemniaczki z koperkiem, marchewka baby z masłem;409;29.54;16.96;33.6;7.63;6.33;0.89;7.67;na ciepło;2026-09-30T19:54:27Z
2026-10-14;Dieta Light;612;1500;Dieta Light;Podwieczorek;755;Śmietanowiec borówkowy;189;8.41;11.16;17.04;1.23;9.43;0.1;7.22;na zimno;2026-09-30T19:54:27Z
2026-10-14;Dieta Light;612;1500;Dieta Light;Kolacja;758;Kanapka z pastą twarogową ze szczypiorkiem, ser z kozieradką, ogórek;358;30.47;14.68;26.09;3.03;4.39;1.62;7.93;na zimno;2026-09-30T19:54:27Z
2026-10-14;Dieta Low Carb & IG;628;1200;Dieta Low Carb & IG;Śniadanie;760;Gofr cynamonowy, twarożek pomarańczowy z mascarpone, sos truskawkowy, chipsy kokosowe;288;10.01;19.6;19.06;2.46;4.03;0.42;7.7;ciepło/zimno;2026-09-30T19:54:27Z
2026-10-14;Dieta Low Carb & IG;628;1200;Dieta Low Carb & IG;II śniadanie;762;Jogurt mango-limonka, granola orzechowa, jabłko;229;6.98;12.84;25.55;3.75;15.84;0.17;6.61;na zimno;2026-09-30T19:54:27Z
2026-10-14;Dieta Low Carb & IG;628;1200;Dieta Low Carb & IG;Obiad;763;Sznycelki z indyka z mozzarellą i płatkami chili, sos śmietanowo-bazyliowy, puree z kalafiora, brokuł z marchewką;367;25.33;25.15;10.03;5.35;4.44;0.92;12.81;na ciepło;2026-09-30T19:54:27Z
2026-10-14;Dieta Low Carb & IG;628;1200;Dieta Low Carb & IG;Podwieczorek;764;Sałatka z burakiem, serem bałkańskim, pomidorkami i winegretem;169;5.97;12.84;7.25;1.41;4.59;1.04;3.21;na zimno;2026-09-30T19:54:27Z
2026-10-14;Dieta Low Carb & IG;628;1200;Dieta Low Carb & IG;Kolacja;766;Pełnoziarniste penne z kurczakiem i bakłażanem w sosie paprykowym, tarta mozzarella;232;18.78;7.85;21.51;3.8;1.93;0.41;1.33;na ciepło;2026-09-30T19:54:27Z
2026-10-14;Dieta START;634;1500;Dieta START;Śniadanie;784;Tosty francuskie z chałki z twarożkiem waniliowym z chia, sos truskawkowy;389;30.04;6.13;54.18;2.66;16.18;0.79;1.58;ciepło/zimno;2026-09-30T19:54:27Z
2026-10-14;Dieta START;634;1500;Dieta START;Obiad;787;Pierogi z ziemniakami i twarogiem, surówka z czerwonej kapusty, okrasa;588;18.16;21.22;79.09;6.28;7.58;0.66;2.57;na ciepło;2026-09-30T19:54:27Z
2026-10-14;Dieta START;634;1500;Dieta START;Kolacja;758;Kanapka z pastą twarogową ze szczypiorkiem, ser z kozieradką, ogórek;505;41.64;20.74;37.95;4.39;5.48;2.34;11.36;na zimno;2026-09-30T19:54:27Z
2026-10-14;Dieta Standard;583;1200;Dieta Standard;Śniadanie;744;Bułeczka drożdżowa z boczkiem, serem i kukurydzą, sałatka szwedzka, dip pietruszkowy;298;10.81;14.71;29.62;1.32;9.92;1.7;4.97;ciepło/zimno;2026-09-30T19:54:27Z
2026-10-14;Dieta Standard;583;1200;Dieta Standard;II śniadanie;747;Pasta serowa z czosnkiem, talarki kukurydziane, marchewka;173;11.38;5.86;18.42;2.34;3.26;0.73;1.79;na zimno;2026-09-30T19:54:27Z
2026-10-14;Dieta Standard;583;1200;Dieta Standard;Obiad;750;Tikka masala z kurczakiem, ryż basmati, orzechy nerkowca, kolendra;381;24.56;16.49;33.39;2.46;5.19;0.67;5.21;na ciepło;2026-09-30T19:54:27Z
2026-10-14;Dieta Standard;583;1200;Dieta Standard;Podwieczorek;753;Biszkopt czekoladowy z mlecznym kremem;208;5.76;13.07;15.53;2.5;11.42;0.26;6.45;na zimno;2026-09-30T19:54:27Z
2026-10-14;Dieta Standard;583;1200;Dieta Standard;Kolacja;756;Sałatka z kurczakiem, grzankami, papryką, ogórkiem i czerwoną cebulą, dip czosnkowy;227;14.9;12.62;13.27;1.13;3.13;0.45;1.36;na zimno;2026-09-30T19:54:27Z
2026-10-14;Dieta Śródziemnomorska;630;1200;Dieta Śródziemnomorska;Śniadanie;774;Pełnoziarnisty wrap z pastą z kurczaka, dip 1000 wysp, pomidorki;272;18.09;10.67;25.99;3.93;5.9;1.09;4.17;ciepło/zimno;2026-09-30T19:54:27Z
2026-10-14;Dieta Śródziemnomorska;630;1200;Dieta Śródziemnomorska;II śniadanie;776;Tosty francuskie z chałki z twarożkiem waniliowym, sos truskawkowy;183;14.21;2.98;25.42;1;6.11;0.39;0.93;ciepło/zimno;2026-09-30T19:54:27Z
2026-10-14;Dieta Śródziemnomorska;630;1200;Dieta Śródziemnomorska;Obiad;778;Filet z morszczuka w sosie cytrynowym, ziemniaki opiekane z czosnkiem, surówka wiosenna;290;20.98;14.09;19.65;4.35;2.9;0.78;4.09;na ciepło;2026-09-30T19:54:27Z
2026-10-14;Dieta Śródziemnomorska;630;1200;Dieta Śródziemnomorska;Podwieczorek;780;Borówkowy deser chia;182;4.94;12.58;16.35;4.62;7.54;0.09;6.38;na zimno;2026-09-30T19:54:27Z
2026-10-14;Dieta Śródziemnomorska;630;1200;Dieta Śródziemnomorska;Kolacja;782;Mezze: hummus buraczany, słupki papryki, pieczywo chrupkie żytnie z pomidorem i bazylią;245;9.49;9.96;28.11;8.84;6.16;1.41;1.17;na zimno;2026-09-30T19:54:27Z
2026-10-14;Wybór menu / BASIC;614;2000;BASIC;Śniadanie;744;Bułeczka drożdżowa z boczkiem, serem i kukurydzą, sałatka szwedzka, dip pietruszkowy;438.4;16.07;22.76;41.14;1.98;11.53;2.17;7.56;ciepło/zimno;2026-09-29T13:53:32.978Z
2026-10-14;Wybór menu / BASIC;614;2000;Dieta Active Pro;Śniadanie;745;Jajko sadzone na polędwicy wieprzowej, bułka pomidorowa, dip musztardowy, papryka;414.67;26.58;18.27;36.07;0.79;6.26;2.85;4.73;na ciepło;2026-09-29T13:53:32.978Z
2026-10-14;Wybór menu / BASIC;614;2000;Dieta Light;Śniadanie;746;Naleśnik z twarożkiem kokosowo-waniliowym, brzoskwinie;362.58;22.29;11.04;42.41;2.44;24.42;0.25;3.89;ciepło/zimno;2026-09-29T13:53:32.978Z
2026-10-14;Wybór menu / BASIC;614;2000;BASIC;II śniadanie;747;Pasta serowa z czosnkiem, talarki kukurydziane, marchewka;332.71;24.02;12.66;30.27;2.48;5.69;1.41;3.95;na zimno;2026-09-29T13:53:32.978Z
2026-10-14;Wybór menu / BASIC;614;2000;Dieta Active Pro;II śniadanie;748;Czarna porzeczka - shake proteinowy;216.38;16.43;4.39;26.4;4.69;20.16;0.25;2.91;na zimno;2026-09-29T13:53:32.978Z
2026-10-14;Wybór menu / BASIC;614;2000;Dieta Light;II śniadanie;749;Pudding chia z wanilią, konfitura malinowa, płatki migdałowe;298.95;10.37;10.85;38.49;5.67;35.29;0.23;4.26;na zimno;2026-09-29T13:53:32.978Z
2026-10-14;Wybór menu / BASIC;614;2000;BASIC;Obiad;750;Tikka masala z kurczakiem, ryż basmati, orzechy nerkowca, kolendra;622.34;40.61;26.55;55.02;4.03;8.48;1.12;8.5;na ciepło;2026-09-29T13:53:32.978Z
2026-10-14;Wybór menu / BASIC;614;2000;Dieta Active Pro;Obiad;751;Pierogi z mięsem drobiowym z dipem bazyliowym i płatkami suszonego pomidora;537.17;37.77;16.81;57.78;3.22;2.93;0.89;2.64;na ciepło;2026-09-29T13:53:32.978Z
2026-10-14;Wybór menu / BASIC;614;2000;Dieta Light;Obiad;752;Polędwiczka wieprzowa w sosie szpinakowym, ziemniaczki z koperkiem, marchewka baby z masłem;512.14;41.48;19.81;40.43;8.39;6.64;1.04;8.39;na ciepło;2026-09-29T13:53:32.978Z
2026-10-14;Wybór menu / BASIC;614;2000;BASIC;Podwieczorek;753;Biszkopt czekoladowy z mlecznym kremem;346.49;9.6;21.79;25.88;4.17;19.04;0.43;10.75;na zimno;2026-09-29T13:53:32.978Z
2026-10-14;Wybór menu / BASIC;614;2000;Dieta Active Pro;Podwieczorek;754;Placek drożdżowy z wiśniami i skyrem waniliowym;354.56;16.78;12.03;44.74;1.16;13.88;0.17;7.09;na zimno;2026-09-29T13:53:32.978Z
2026-10-14;Wybór menu / BASIC;614;2000;Dieta Light;Podwieczorek;755;Śmietanowiec borówkowy;269.7;12.02;15.94;24.35;1.76;13.47;0.14;10.31;na zimno;2026-09-29T13:53:32.978Z
2026-10-14;Wybór menu / BASIC;614;2000;BASIC;Kolacja;756;Sałatka z kurczakiem, grzankami, papryką, ogórkiem i czerwoną cebulą, dip czosnkowy;405.07;27.63;22.65;22.42;1.81;4.99;0.83;2.43;na zimno;2026-09-29T13:53:32.978Z
2026-10-14;Wybór menu / BASIC;614;2000;Dieta Active Pro;Kolacja;757;Tacos z indykiem po meksykańsku, guacamole;466.54;26.62;19.59;44.72;3.06;2.85;1.97;5.56;ciepło/zimno;2026-09-29T13:53:32.978Z
2026-10-14;Wybór menu / BASIC;614;2000;Dieta Light;Kolacja;758;Kanapka z pastą twarogową ze szczypiorkiem, ser z kozieradką, ogórek;505;41.64;20.74;37.95;4.39;5.48;2.34;11.36;na zimno;2026-09-29T13:53:32.978Z
2026-10-14;Wybór menu / COMFORT;614;2000;COMFORT;Śniadanie;744;Bułeczka drożdżowa z boczkiem, serem i kukurydzą, sałatka szwedzka, dip pietruszkowy;438.4;16.07;22.76;41.14;1.98;11.53;2.17;7.56;ciepło/zimno;2026-09-29T13:53:32.978Z
2026-10-14;Wybór menu / COMFORT;614;2000;Dieta Active Pro;Śniadanie;745;Jajko sadzone na polędwicy wieprzowej, bułka pomidorowa, dip musztardowy, papryka;414.67;26.58;18.27;36.07;0.79;6.26;2.85;4.73;na ciepło;2026-09-29T13:53:32.978Z
2026-10-14;Wybór menu / COMFORT;614;2000;Dieta Fish Low Carb & IG;Śniadanie;759;Paprykowa pasta z tuńczyka i jajek, chleb czystoziarnisty, ogórek kiszony;331.13;19.01;22.04;11.86;5.5;1.94;1.23;3.23;na zimno;2026-09-29T13:53:32.978Z
2026-10-14;Wybór menu / COMFORT;614;2000;Dieta Light;Śniadanie;746;Naleśnik z twarożkiem kokosowo-waniliowym, brzoskwinie;362.58;22.29;11.04;42.41;2.44;24.42;0.25;3.89;ciepło/zimno;2026-09-29T13:53:32.978Z
2026-10-14;Wybór menu / COMFORT;614;2000;Dieta Low Carb & IG;Śniadanie;760;Gofr cynamonowy, twarożek pomarańczowy z mascarpone, sos truskawkowy, chipsy kokosowe;545.32;19.4;36.5;36.55;4.26;7.32;0.84;13.22;ciepło/zimno;2026-09-29T13:53:32.978Z
2026-10-14;Wybór menu / COMFORT;614;2000;COMFORT;II śniadanie;747;Pasta serowa z czosnkiem, talarki kukurydziane, marchewka;332.71;24.02;12.66;30.27;2.48;5.69;1.41;3.95;na zimno;2026-09-29T13:53:32.978Z
2026-10-14;Wybór menu / COMFORT;614;2000;Dieta Active Pro;II śniadanie;748;Czarna porzeczka - shake proteinowy;216.38;16.43;4.39;26.4;4.69;20.16;0.25;2.91;na zimno;2026-09-29T13:53:32.978Z
2026-10-14;Wybór menu / COMFORT;614;2000;Dieta Fish Low Carb & IG;II śniadanie;761;Pomidorowy krem z pieczoną papryką, łososiem i makaronem rice konjac;295.96;15.84;21.45;9.56;3.69;4.46;0.75;6.28;na ciepło;2026-09-29T13:53:32.978Z
2026-10-14;Wybór menu / COMFORT;614;2000;Dieta Light;II śniadanie;749;Pudding chia z wanilią, konfitura malinowa, płatki migdałowe;298.95;10.37;10.85;38.49;5.67;35.29;0.23;4.26;na zimno;2026-09-29T13:53:32.978Z
2026-10-14;Wybór menu / COMFORT;614;2000;Dieta Low Carb & IG;II śniadanie;762;Jogurt mango-limonka, granola orzechowa, jabłko;366.08;11.68;22.03;37.66;5.37;21.15;0.29;11.43;na zimno;2026-09-29T13:53:32.978Z
2026-10-14;Wybór menu / COMFORT;614;2000;COMFORT;Obiad;750;Tikka masala z kurczakiem, ryż basmati, orzechy nerkowca, kolendra;622.34;40.61;26.55;55.02;4.03;8.48;1.12;8.5;na ciepło;2026-09-29T13:53:32.978Z
2026-10-14;Wybór menu / COMFORT;614;2000;Dieta Active Pro;Obiad;751;Pierogi z mięsem drobiowym z dipem bazyliowym i płatkami suszonego pomidora;537.17;37.77;16.81;57.78;3.22;2.93;0.89;2.64;na ciepło;2026-09-29T13:53:32.978Z
2026-10-14;Wybór menu / COMFORT;614;2000;Dieta Fish Low Carb & IG;Obiad;184;Ryż smażony z warzywami po chińsku z krewetkami, brokułem i sosem hoisin;493.33;30.7;23.35;40.03;5.56;3.22;4.5;2.44;na ciepło;2026-09-29T13:53:32.978Z
2026-10-14;Wybór menu / COMFORT;614;2000;Dieta Light;Obiad;752;Polędwiczka wieprzowa w sosie szpinakowym, ziemniaczki z koperkiem, marchewka baby z masłem;512.14;41.48;19.81;40.43;8.39;6.64;1.04;8.39;na ciepło;2026-09-29T13:53:32.978Z
2026-10-14;Wybór menu / COMFORT;614;2000;Dieta Low Carb & IG;Obiad;763;Sznycelki z indyka z mozzarellą i płatkami chili, sos śmietanowo-bazyliowy, puree z kalafiora, brokuł z marchewką;523.75;41.64;34.23;12.48;6.66;5.96;1.33;17.63;na ciepło;2026-09-29T13:53:32.978Z
2026-10-14;Wybór menu / COMFORT;614;2000;COMFORT;Podwieczorek;753;Biszkopt czekoladowy z mlecznym kremem;346.49;9.6;21.79;25.88;4.17;19.04;0.43;10.75;na zimno;2026-09-29T13:53:32.978Z
2026-10-14;Wybór menu / COMFORT;614;2000;Dieta Active Pro;Podwieczorek;754;Placek drożdżowy z wiśniami i skyrem waniliowym;354.56;16.78;12.03;44.74;1.16;13.88;0.17;7.09;na zimno;2026-09-29T13:53:32.978Z
2026-10-14;Wybór menu / COMFORT;614;2000;Dieta Fish Low Carb & IG;Podwieczorek;141;Torcik brownie z musem malinowym;437.4;9.14;39.33;11.98;5.14;3.83;0.3;20.58;na zimno;2026-09-29T13:53:32.978Z
2026-10-14;Wybór menu / COMFORT;614;2000;Dieta Light;Podwieczorek;755;Śmietanowiec borówkowy;269.7;12.02;15.94;24.35;1.76;13.47;0.14;10.31;na zimno;2026-09-29T13:53:32.978Z
2026-10-14;Wybór menu / COMFORT;614;2000;Dieta Low Carb & IG;Podwieczorek;764;Sałatka z burakiem, serem bałkańskim, pomidorkami i winegretem;279.84;9.88;21.76;10.8;2.29;7.24;1.73;5.45;na zimno;2026-09-29T13:53:32.978Z
2026-10-14;Wybór menu / COMFORT;614;2000;COMFORT;Kolacja;756;Sałatka z kurczakiem, grzankami, papryką, ogórkiem i czerwoną cebulą, dip czosnkowy;405.07;27.63;22.65;22.42;1.81;4.99;0.83;2.43;na zimno;2026-09-29T13:53:32.978Z
2026-10-14;Wybór menu / COMFORT;614;2000;Dieta Active Pro;Kolacja;757;Tacos z indykiem po meksykańsku, guacamole;466.54;26.62;19.59;44.72;3.06;2.85;1.97;5.56;ciepło/zimno;2026-09-29T13:53:32.978Z
2026-10-14;Wybór menu / COMFORT;614;2000;Dieta Fish Low Carb & IG;Kolacja;765;Serowe placki z cukinią, dip bazyliowy, grillowane pieczarki;430.46;24.04;31.48;10.99;10.56;6.84;2.27;11.21;ciepło/zimno;2026-09-29T13:53:32.978Z
2026-10-14;Wybór menu / COMFORT;614;2000;Dieta Light;Kolacja;758;Kanapka z pastą twarogową ze szczypiorkiem, ser z kozieradką, ogórek;505;41.64;20.74;37.95;4.39;5.48;2.34;11.36;na zimno;2026-09-29T13:53:32.978Z
2026-10-14;Wybór menu / COMFORT;614;2000;Dieta Low Carb & IG;Kolacja;766;Pełnoziarniste penne z kurczakiem i bakłażanem w sosie paprykowym, tarta mozzarella;393.54;31.75;13.48;36.08;6.38;3.31;0.71;2.45;na ciepło;2026-09-29T13:53:32.978Z
2026-10-14;Wybór menu / KETO FUSION;614;2000;Dieta Ketogeniczna;Śniadanie;760;Gofr cynamonowy, twarożek pomarańczowy z mascarpone, sos truskawkowy, chipsy kokosowe;395.2;11.59;34.47;9.28;5.95;7.05;0.51;17.08;ciepło/zimno;2026-09-29T13:53:32.978Z
2026-10-14;Wybór menu / KETO FUSION;614;2000;Dieta Śródziemnomorska Keto;Śniadanie;767;Pasztet drobiowy z pistacjami, chleb keto, ogórek kiszony, dip ranczerski;548.05;24.27;46.62;6.59;4.97;3.16;1.62;4.3;na zimno;2026-09-29T13:53:32.978Z
2026-10-14;Wybór menu / KETO FUSION;614;2000;Dieta Ketogeniczna;Obiad;768;Sznycelki z indyka z mozzarellą i płatkami chili, sos śmietanowo-bazyliowy, grillowana cukinia z brokułem;596.12;37.63;45.13;9.88;4.59;5.48;1.7;14.41;na ciepło;2026-09-29T13:53:32.978Z
2026-10-14;Wybór menu / KETO FUSION;614;2000;Dieta Śródziemnomorska Keto;Obiad;769;Kurczak w sosie śmietanowym z suszonymi pomidorami, kopytka serowe, colesław;702.91;48.16;49.3;11.44;20.38;4.68;1.69;16.91;na ciepło;2026-09-29T13:53:32.978Z
2026-10-14;Wybór menu / KETO FUSION;614;2000;Dieta Ketogeniczna;Podwieczorek;770;Grillowany boczek, chleb keto, twarożek z czarnuszką, ogórek;467.29;19.27;39.73;6.8;5.09;4.26;2.54;10.2;na zimno;2026-09-29T13:53:32.978Z
2026-10-14;Wybór menu / KETO FUSION;614;2000;Dieta Śródziemnomorska Keto;Podwieczorek;177;Keto torcik brownie z musem malinowym;315.4;6;29.98;5.57;2.69;2.43;0.19;16.75;na zimno;2026-09-29T13:53:32.978Z
2026-10-14;Wybór menu / KETO FUSION;614;2000;Dieta Ketogeniczna;Kolacja;771;Parmigiana di melanzane, grillowana papryka, dip czosnkowy;570.7;16.22;49.3;15.26;4.94;8.16;1.47;16.81;ciepło/zimno;2026-09-29T13:53:32.978Z
2026-10-14;Wybór menu / KETO FUSION;614;2000;Dieta Śródziemnomorska Keto;Kolacja;772;Placki pieczarkowo-jajeczne z bekonem, dip ziołowy, pomidorki;494.35;18.2;43.62;6.63;3.83;4.67;1.31;10.41;ciepło/zimno;2026-09-29T13:53:32.978Z
2026-10-14;Wybór menu / LADIES VIBES;614;2000;BASIC;Śniadanie;744;Bułeczka drożdżowa z boczkiem, serem i kukurydzą, sałatka szwedzka, dip pietruszkowy;438.4;16.07;22.76;41.14;1.98;11.53;2.17;7.56;ciepło/zimno;2026-09-29T13:53:32.978Z
2026-10-14;Wybór menu / LADIES VIBES;614;2000;Dieta Active Pro;Śniadanie;745;Jajko sadzone na polędwicy wieprzowej, bułka pomidorowa, dip musztardowy, papryka;414.67;26.58;18.27;36.07;0.79;6.26;2.85;4.73;na ciepło;2026-09-29T13:53:32.978Z
2026-10-14;Wybór menu / LADIES VIBES;614;2000;Dieta Light;Śniadanie;746;Naleśnik z twarożkiem kokosowo-waniliowym, brzoskwinie;362.58;22.29;11.04;42.41;2.44;24.42;0.25;3.89;ciepło/zimno;2026-09-29T13:53:32.978Z
2026-10-14;Wybór menu / LADIES VIBES;614;2000;BASIC;II śniadanie;747;Pasta serowa z czosnkiem, talarki kukurydziane, marchewka;332.71;24.02;12.66;30.27;2.48;5.69;1.41;3.95;na zimno;2026-09-29T13:53:32.978Z
2026-10-14;Wybór menu / LADIES VIBES;614;2000;Dieta Active Pro;II śniadanie;748;Czarna porzeczka - shake proteinowy;216.38;16.43;4.39;26.4;4.69;20.16;0.25;2.91;na zimno;2026-09-29T13:53:32.978Z
2026-10-14;Wybór menu / LADIES VIBES;614;2000;Dieta Light;II śniadanie;749;Pudding chia z wanilią, konfitura malinowa, płatki migdałowe;298.95;10.37;10.85;38.49;5.67;35.29;0.23;4.26;na zimno;2026-09-29T13:53:32.978Z
2026-10-14;Wybór menu / LADIES VIBES;614;2000;BASIC;Obiad;750;Tikka masala z kurczakiem, ryż basmati, orzechy nerkowca, kolendra;622.34;40.61;26.55;55.02;4.03;8.48;1.12;8.5;na ciepło;2026-09-29T13:53:32.978Z
2026-10-14;Wybór menu / LADIES VIBES;614;2000;Dieta Active Pro;Obiad;751;Pierogi z mięsem drobiowym z dipem bazyliowym i płatkami suszonego pomidora;537.17;37.77;16.81;57.78;3.22;2.93;0.89;2.64;na ciepło;2026-09-29T13:53:32.978Z
2026-10-14;Wybór menu / LADIES VIBES;614;2000;Dieta Light;Obiad;752;Polędwiczka wieprzowa w sosie szpinakowym, ziemniaczki z koperkiem, marchewka baby z masłem;512.14;41.48;19.81;40.43;8.39;6.64;1.04;8.39;na ciepło;2026-09-29T13:53:32.978Z
2026-10-14;Wybór menu / LADIES VIBES;614;2000;BASIC;Podwieczorek;753;Biszkopt czekoladowy z mlecznym kremem;346.49;9.6;21.79;25.88;4.17;19.04;0.43;10.75;na zimno;2026-09-29T13:53:32.978Z
2026-10-14;Wybór menu / LADIES VIBES;614;2000;Dieta Active Pro;Podwieczorek;754;Placek drożdżowy z wiśniami i skyrem waniliowym;354.56;16.78;12.03;44.74;1.16;13.88;0.17;7.09;na zimno;2026-09-29T13:53:32.978Z
2026-10-14;Wybór menu / LADIES VIBES;614;2000;Dieta Light;Podwieczorek;755;Śmietanowiec borówkowy;269.7;12.02;15.94;24.35;1.76;13.47;0.14;10.31;na zimno;2026-09-29T13:53:32.978Z
2026-10-14;Wybór menu / LADIES VIBES;614;2000;BASIC;Kolacja;756;Sałatka z kurczakiem, grzankami, papryką, ogórkiem i czerwoną cebulą, dip czosnkowy;405.07;27.63;22.65;22.42;1.81;4.99;0.83;2.43;na zimno;2026-09-29T13:53:32.978Z
2026-10-14;Wybór menu / LADIES VIBES;614;2000;Dieta Active Pro;Kolacja;757;Tacos z indykiem po meksykańsku, guacamole;466.54;26.62;19.59;44.72;3.06;2.85;1.97;5.56;ciepło/zimno;2026-09-29T13:53:32.978Z
2026-10-14;Wybór menu / LADIES VIBES;614;2000;Dieta Light;Kolacja;758;Kanapka z pastą twarogową ze szczypiorkiem, ser z kozieradką, ogórek;505;41.64;20.74;37.95;4.39;5.48;2.34;11.36;na zimno;2026-09-29T13:53:32.978Z
2026-10-14;Wybór menu / SUPREME;614;2000;Dieta Active Pro;Śniadanie;745;Jajko sadzone na polędwicy wieprzowej, bułka pomidorowa, dip musztardowy, papryka;414.67;26.58;18.27;36.07;0.79;6.26;2.85;4.73;na ciepło;2026-09-29T13:53:32.978Z
2026-10-14;Wybór menu / SUPREME;614;2000;Dieta Fish Low Carb & IG;Śniadanie;759;Paprykowa pasta z tuńczyka i jajek, chleb czystoziarnisty, ogórek kiszony;331.13;19.01;22.04;11.86;5.5;1.94;1.23;3.23;na zimno;2026-09-29T13:53:32.978Z
2026-10-14;Wybór menu / SUPREME;614;2000;Dieta Kuchnie Świata;Śniadanie;773;Placki okonomiyaki z sosem i azjatycką marchewką z kolendrą;298.27;11.21;8.77;42.78;7.8;7.8;3.23;1.41;na ciepło;2026-09-29T13:53:32.978Z
2026-10-14;Wybór menu / SUPREME;614;2000;Dieta Light;Śniadanie;746;Naleśnik z twarożkiem kokosowo-waniliowym, brzoskwinie;362.58;22.29;11.04;42.41;2.44;24.42;0.25;3.89;ciepło/zimno;2026-09-29T13:53:32.978Z
2026-10-14;Wybór menu / SUPREME;614;2000;Dieta Low Carb & IG;Śniadanie;760;Gofr cynamonowy, twarożek pomarańczowy z mascarpone, sos truskawkowy, chipsy kokosowe;545.32;19.4;36.5;36.55;4.26;7.32;0.84;13.22;ciepło/zimno;2026-09-29T13:53:32.978Z
2026-10-14;Wybór menu / SUPREME;614;2000;Dieta Top Taste;Śniadanie;368;Wrap z indykiem i warzywami, dip 1000 wysp;462.22;21.82;19.08;50.91;3.3;9.11;2.12;3.99;ciepło/zimno;2026-09-29T13:53:32.978Z
2026-10-14;Wybór menu / SUPREME;614;2000;Dieta Śródziemnomorska;Śniadanie;774;Pełnoziarnisty wrap z pastą z kurczaka, dip 1000 wysp, pomidorki;520.91;35.14;20.45;49.14;6.88;9.11;2.13;8.16;ciepło/zimno;2026-09-29T13:53:32.978Z
2026-10-14;Wybór menu / SUPREME;614;2000;SUPREME;Śniadanie;744;Bułeczka drożdżowa z boczkiem, serem i kukurydzą, sałatka szwedzka, dip pietruszkowy;438.4;16.07;22.76;41.14;1.98;11.53;2.17;7.56;ciepło/zimno;2026-09-29T13:53:32.978Z
2026-10-14;Wybór menu / SUPREME;614;2000;Dieta Active Pro;II śniadanie;748;Czarna porzeczka - shake proteinowy;216.38;16.43;4.39;26.4;4.69;20.16;0.25;2.91;na zimno;2026-09-29T13:53:32.978Z
2026-10-14;Wybór menu / SUPREME;614;2000;Dieta Fish Low Carb & IG;II śniadanie;761;Pomidorowy krem z pieczoną papryką, łososiem i makaronem rice konjac;295.96;15.84;21.45;9.56;3.69;4.46;0.75;6.28;na ciepło;2026-09-29T13:53:32.978Z
2026-10-14;Wybór menu / SUPREME;614;2000;Dieta Kuchnie Świata;II śniadanie;775;Bananowy shake proteinowy;267.65;10.87;4.3;38.87;3.14;24.69;0.21;2.75;na zimno;2026-09-29T13:53:32.978Z
2026-10-14;Wybór menu / SUPREME;614;2000;Dieta Light;II śniadanie;749;Pudding chia z wanilią, konfitura malinowa, płatki migdałowe;298.95;10.37;10.85;38.49;5.67;35.29;0.23;4.26;na zimno;2026-09-29T13:53:32.978Z
2026-10-14;Wybór menu / SUPREME;614;2000;Dieta Low Carb & IG;II śniadanie;762;Jogurt mango-limonka, granola orzechowa, jabłko;366.08;11.68;22.03;37.66;5.37;21.15;0.29;11.43;na zimno;2026-09-29T13:53:32.978Z
2026-10-14;Wybór menu / SUPREME;614;2000;Dieta Top Taste;II śniadanie;149;Toskański krem z pomidorów z ryżem;250.21;4.69;11.68;31.45;3.02;4.96;3.14;3.9;na ciepło;2026-09-29T13:53:32.978Z
2026-10-14;Wybór menu / SUPREME;614;2000;Dieta Śródziemnomorska;II śniadanie;776;Tosty francuskie z chałki z twarożkiem waniliowym, sos truskawkowy;345.39;25.18;5.81;48.82;1.85;11.15;0.76;1.78;ciepło/zimno;2026-09-29T13:53:32.978Z
2026-10-14;Wybór menu / SUPREME;614;2000;SUPREME;II śniadanie;747;Pasta serowa z czosnkiem, talarki kukurydziane, marchewka;332.71;24.02;12.66;30.27;2.48;5.69;1.41;3.95;na zimno;2026-09-29T13:53:32.978Z
2026-10-14;Wybór menu / SUPREME;614;2000;Dieta Active Pro;Obiad;751;Pierogi z mięsem drobiowym z dipem bazyliowym i płatkami suszonego pomidora;537.17;37.77;16.81;57.78;3.22;2.93;0.89;2.64;na ciepło;2026-09-29T13:53:32.978Z
2026-10-14;Wybór menu / SUPREME;614;2000;Dieta Fish Low Carb & IG;Obiad;184;Ryż smażony z warzywami po chińsku z krewetkami, brokułem i sosem hoisin;493.33;30.7;23.35;40.03;5.56;3.22;4.5;2.44;na ciepło;2026-09-29T13:53:32.978Z
2026-10-14;Wybór menu / SUPREME;614;2000;Dieta Kuchnie Świata;Obiad;777;Chili con carne, ryż basmati;565.53;26.24;22.68;59.26;4.83;8.92;1.34;5.05;na ciepło;2026-09-29T13:53:32.978Z
2026-10-14;Wybór menu / SUPREME;614;2000;Dieta Light;Obiad;752;Polędwiczka wieprzowa w sosie szpinakowym, ziemniaczki z koperkiem, marchewka baby z masłem;512.14;41.48;19.81;40.43;8.39;6.64;1.04;8.39;na ciepło;2026-09-29T13:53:32.978Z
2026-10-14;Wybór menu / SUPREME;614;2000;Dieta Low Carb & IG;Obiad;763;Sznycelki z indyka z mozzarellą i płatkami chili, sos śmietanowo-bazyliowy, puree z kalafiora, brokuł z marchewką;523.75;41.64;34.23;12.48;6.66;5.96;1.33;17.63;na ciepło;2026-09-29T13:53:32.978Z
2026-10-14;Wybór menu / SUPREME;614;2000;Dieta Top Taste;Obiad;371;Ryba w panierce, dip sriracha-mayo, cząstki ziemniaczane, colesław;499.82;26.99;21.72;48.62;5.44;5.93;0.97;2.12;na ciepło;2026-09-29T13:53:32.978Z
2026-10-14;Wybór menu / SUPREME;614;2000;Dieta Śródziemnomorska;Obiad;778;Filet z morszczuka w sosie cytrynowym, ziemniaki opiekane z czosnkiem, surówka wiosenna;406.01;33.34;17.55;28.35;5.19;3.35;1.09;4.56;na ciepło;2026-09-29T13:53:32.978Z
2026-10-14;Wybór menu / SUPREME;614;2000;SUPREME;Obiad;750;Tikka masala z kurczakiem, ryż basmati, orzechy nerkowca, kolendra;622.34;40.61;26.55;55.02;4.03;8.48;1.12;8.5;na ciepło;2026-09-29T13:53:32.978Z
2026-10-14;Wybór menu / SUPREME;614;2000;Dieta Active Pro;Podwieczorek;754;Placek drożdżowy z wiśniami i skyrem waniliowym;354.56;16.78;12.03;44.74;1.16;13.88;0.17;7.09;na zimno;2026-09-29T13:53:32.978Z
2026-10-14;Wybór menu / SUPREME;614;2000;Dieta Fish Low Carb & IG;Podwieczorek;141;Torcik brownie z musem malinowym;437.4;9.14;39.33;11.98;5.14;3.83;0.3;20.58;na zimno;2026-09-29T13:53:32.978Z
2026-10-14;Wybór menu / SUPREME;614;2000;Dieta Kuchnie Świata;Podwieczorek;779;Sernik w kropki;357.77;10.02;19.56;35.34;0.31;23.33;0.28;11.18;na zimno;2026-09-29T13:53:32.978Z
2026-10-14;Wybór menu / SUPREME;614;2000;Dieta Light;Podwieczorek;755;Śmietanowiec borówkowy;269.7;12.02;15.94;24.35;1.76;13.47;0.14;10.31;na zimno;2026-09-29T13:53:32.978Z
2026-10-14;Wybór menu / SUPREME;614;2000;Dieta Low Carb & IG;Podwieczorek;764;Sałatka z burakiem, serem bałkańskim, pomidorkami i winegretem;279.84;9.88;21.76;10.8;2.29;7.24;1.73;5.45;na zimno;2026-09-29T13:53:32.978Z
2026-10-14;Wybór menu / SUPREME;614;2000;Dieta Top Taste;Podwieczorek;732;Brownie chrupiący orzech;345.73;5.46;19.56;36.44;1.78;27.35;0.3;5.41;na zimno;2026-09-29T13:53:32.978Z
2026-10-14;Wybór menu / SUPREME;614;2000;Dieta Śródziemnomorska;Podwieczorek;780;Borówkowy deser chia;303.04;8.24;20.96;27.25;7.71;12.57;0.16;10.64;na zimno;2026-09-29T13:53:32.978Z
2026-10-14;Wybór menu / SUPREME;614;2000;SUPREME;Podwieczorek;753;Biszkopt czekoladowy z mlecznym kremem;346.49;9.6;21.79;25.88;4.17;19.04;0.43;10.75;na zimno;2026-09-29T13:53:32.978Z
2026-10-14;Wybór menu / SUPREME;614;2000;Dieta Active Pro;Kolacja;757;Tacos z indykiem po meksykańsku, guacamole;466.54;26.62;19.59;44.72;3.06;2.85;1.97;5.56;ciepło/zimno;2026-09-29T13:53:32.978Z
2026-10-14;Wybór menu / SUPREME;614;2000;Dieta Fish Low Carb & IG;Kolacja;765;Serowe placki z cukinią, dip bazyliowy, grillowane pieczarki;430.46;24.04;31.48;10.99;10.56;6.84;2.27;11.21;ciepło/zimno;2026-09-29T13:53:32.978Z
2026-10-14;Wybór menu / SUPREME;614;2000;Dieta Kuchnie Świata;Kolacja;781;Pizza Hawajska z szynką wieprzową i ananasem, dip czosnkowy;429.94;15.43;12.83;62.13;5.04;11.55;2.27;5.07;ciepło/zimno;2026-09-29T13:53:32.978Z
2026-10-14;Wybór menu / SUPREME;614;2000;Dieta Light;Kolacja;758;Kanapka z pastą twarogową ze szczypiorkiem, ser z kozieradką, ogórek;505;41.64;20.74;37.95;4.39;5.48;2.34;11.36;na zimno;2026-09-29T13:53:32.978Z
2026-10-14;Wybór menu / SUPREME;614;2000;Dieta Low Carb & IG;Kolacja;766;Pełnoziarniste penne z kurczakiem i bakłażanem w sosie paprykowym, tarta mozzarella;393.54;31.75;13.48;36.08;6.38;3.31;0.71;2.45;na ciepło;2026-09-29T13:53:32.978Z
2026-10-14;Wybór menu / SUPREME;614;2000;Dieta Top Taste;Kolacja;375;Sałatka z kurczakiem, serem bałkańskim, kuskusem perłowym i żurawiną, winegret ziołowy;479.75;29.75;24.98;33.94;1.93;12.38;1.75;7.34;na zimno;2026-09-29T13:53:32.978Z
2026-10-14;Wybór menu / SUPREME;614;2000;Dieta Śródziemnomorska;Kolacja;782;Mezze: hummus buraczany, słupki papryki, pieczywo chrupkie żytnie z pomidorem i bazylią;383.42;15.02;15.85;43.2;13.93;9.85;2.26;1.87;na zimno;2026-09-29T13:53:32.978Z
2026-10-14;Wybór menu / SUPREME;614;2000;SUPREME;Kolacja;756;Sałatka z kurczakiem, grzankami, papryką, ogórkiem i czerwoną cebulą, dip czosnkowy;405.07;27.63;22.65;22.42;1.81;4.99;0.83;2.43;na zimno;2026-09-29T13:53:32.978Z
2026-10-14;Wybór menu / TYPES OF VEGE;614;2000;Dieta Fish Low Carb & IG;Śniadanie;759;Paprykowa pasta z tuńczyka i jajek, chleb czystoziarnisty, ogórek kiszony;331.13;19.01;22.04;11.86;5.5;1.94;1.23;3.23;na zimno;2026-09-29T13:53:32.978Z
2026-10-14;Wybór menu / TYPES OF VEGE;614;2000;Dieta Wegańska;Śniadanie;783;Naleśnik kawowy z twarożkiem straciatella z orzechami i duszonymi truskawkami;392.65;6.7;23.77;36.37;4.05;14.27;0.59;14.28;ciepło/zimno;2026-09-29T13:53:32.978Z
2026-10-14;Wybór menu / TYPES OF VEGE;614;2000;Dieta Wegetariańska;Śniadanie;784;Tosty francuskie z chałki z twarożkiem waniliowym z chia, sos truskawkowy;377.48;28.17;6.05;53.38;2.59;15.42;0.78;1.56;ciepło/zimno;2026-09-29T13:53:32.978Z
2026-10-14;Wybór menu / TYPES OF VEGE;614;2000;Dieta Fish Low Carb & IG;II śniadanie;761;Pomidorowy krem z pieczoną papryką, łososiem i makaronem rice konjac;295.96;15.84;21.45;9.56;3.69;4.46;0.75;6.28;na ciepło;2026-09-29T13:53:32.978Z
2026-10-14;Wybór menu / TYPES OF VEGE;614;2000;Dieta Wegańska;II śniadanie;785;Hummus z czosnkiem niedźwiedzim, gryczane fit rolls, marchewka;259.57;8.15;11.37;31.5;7.06;1.9;0.17;0.88;na zimno;2026-09-29T13:53:32.978Z
2026-10-14;Wybór menu / TYPES OF VEGE;614;2000;Dieta Wegetariańska;II śniadanie;748;Czarna porzeczka - shake proteinowy;215.36;16.36;4.37;26.27;4.67;20.06;0.25;2.9;na zimno;2026-09-29T13:53:32.978Z
2026-10-14;Wybór menu / TYPES OF VEGE;614;2000;Dieta Fish Low Carb & IG;Obiad;184;Ryż smażony z warzywami po chińsku z krewetkami, brokułem i sosem hoisin;493.33;30.7;23.35;40.03;5.56;3.22;4.5;2.44;na ciepło;2026-09-29T13:53:32.978Z
2026-10-14;Wybór menu / TYPES OF VEGE;614;2000;Dieta Wegańska;Obiad;786;Burger roślinny z serem wegańskim i warzywami, dip BBQ;739;31.57;30.52;82.5;5.13;16.65;2.11;14.05;na ciepło;2026-09-29T13:53:32.978Z
2026-10-14;Wybór menu / TYPES OF VEGE;614;2000;Dieta Wegetariańska;Obiad;787;Pierogi z ziemniakami i twarogiem, surówka z czerwonej kapusty, okrasa;533.2;16.34;19.48;71.26;5.9;7.19;0.62;2.32;na ciepło;2026-09-29T13:53:32.978Z
2026-10-14;Wybór menu / TYPES OF VEGE;614;2000;Dieta Fish Low Carb & IG;Podwieczorek;141;Torcik brownie z musem malinowym;437.4;9.14;39.33;11.98;5.14;3.83;0.3;20.58;na zimno;2026-09-29T13:53:32.978Z
2026-10-14;Wybór menu / TYPES OF VEGE;614;2000;Dieta Wegańska;Podwieczorek;63;Czekoladowy tofurnik;323.27;5.76;21.38;25.95;2.71;10.17;0.2;14.18;na zimno;2026-09-29T13:53:32.978Z
2026-10-14;Wybór menu / TYPES OF VEGE;614;2000;Dieta Wegetariańska;Podwieczorek;779;Sernik w kropki;399.51;10.68;22.12;39.34;0.36;25.22;0.31;12.62;na zimno;2026-09-29T13:53:32.978Z
2026-10-14;Wybór menu / TYPES OF VEGE;614;2000;Dieta Fish Low Carb & IG;Kolacja;765;Serowe placki z cukinią, dip bazyliowy, grillowane pieczarki;430.46;24.04;31.48;10.99;10.56;6.84;2.27;11.21;ciepło/zimno;2026-09-29T13:53:32.978Z
2026-10-14;Wybór menu / TYPES OF VEGE;614;2000;Dieta Wegańska;Kolacja;788;Philadelphia z wegańskim kurczakiem;301.26;10.31;8.67;41.93;2.41;8.21;3.6;4.26;na zimno;2026-09-29T13:53:32.978Z
2026-10-14;Wybór menu / TYPES OF VEGE;614;2000;Dieta Wegetariańska;Kolacja;789;Kanapka z hummusem warzywnym, ser z kozieradką, ogórek;413.27;16.86;19.72;42.13;7.2;4.73;2.1;6.38;na zimno;2026-09-29T13:53:32.978Z
2026-10-15;Dieta Active Pro;586;1200;Dieta Active Pro;Śniadanie;1091;Proteinowy jogurt bananowy, granola owocowa z arachidem;266;20.37;5.6;36.48;2.62;9.97;0.29;1.04;na zimno;2026-10-01T10:14:20Z
2026-10-15;Dieta Active Pro;586;1200;Dieta Active Pro;II śniadanie;1360;Tajska zupa kokosowa z kurczakiem i kolendrą;212;15.52;12.6;8.52;2.16;5.58;1.02;7.63;na ciepło;2026-10-01T10:14:20Z
2026-10-15;Dieta Active Pro;586;1200;Dieta Active Pro;Obiad;1362;Filet z indyka w sosie brokułowym, kasza bulgur, surówka z marchewki;409;28.16;17.34;35.12;11.74;10.52;0.84;5.88;na ciepło;2026-10-01T10:14:20Z
2026-10-15;Dieta Active Pro;586;1200;Dieta Active Pro;Podwieczorek;954;Kremowe ciasto bez pieczenia z musem truskawkowym;182;8.15;11.67;10.66;0.91;4.38;0.12;6.8;na zimno;2026-10-01T10:14:20Z
2026-10-15;Dieta Active Pro;586;1200;Dieta Active Pro;Kolacja;1367;Sałatka nicejska z tuńczykiem i sosem czosnkowym;201;21.83;10.13;5.65;1.01;3.07;1.04;1.67;na zimno;2026-10-01T10:14:20Z
2026-10-15;Dieta Ekonomiczna;587;1200;Dieta Ekonomiczna;Śniadanie;1359;Pasztet Magnacki z bakaliami i morelami, chleb wiejski, ogórek kiszony, smarowidło chrzanowe;441;26.16;23.22;31.75;3.52;4.74;1.54;6.68;na zimno;2026-10-01T10:14:20Z
2026-10-15;Dieta Ekonomiczna;587;1200;Dieta Ekonomiczna;II śniadanie;702;Sok świeżo wyciskany z jabłka, mango i pomarańczy;153;1.66;1.17;33.69;6.48;32.97;0;0.02;na zimno;2026-10-01T10:14:20Z
2026-10-15;Dieta Ekonomiczna;587;1200;Dieta Ekonomiczna;Obiad;1361;Kotlet drobiowy w sosie pieczeniowym, kasza gryczana z pieczarkami, surówka z buraków;543;42.05;11.78;66.5;8.31;15.12;2.19;1.72;na ciepło;2026-10-01T10:14:20Z
2026-10-15;Dieta Ekonomiczna Wege;605;1200;Dieta Ekonomiczna Wege;Śniadanie;1369;Omleciki jajeczne ze szpinakiem, serem bałkańskim i czarnuszką, marchew, dip koperkowy;530;19.48;43.63;15.12;4.5;4.31;1.92;10.5;ciepło/zimno;2026-10-01T10:14:20Z
2026-10-15;Dieta Ekonomiczna Wege;605;1200;Dieta Ekonomiczna Wege;II śniadanie;1371;Pierogi z soczewicą i suszonymi pomidorami na mące orkiszowej i graham z dipem pomidorowym;380;12.31;13.91;49.18;7.22;3.44;0.71;1.11;ciepło/zimno;2026-10-01T10:14:20Z
2026-10-15;Dieta Ekonomiczna Wege;605;1200;Dieta Ekonomiczna Wege;Obiad;1373;Ryba po grecku z warzywami i chlebem czystoziarnistym;566;38.19;31.4;30.02;13.08;7.18;2.06;3.08;na ciepło;2026-10-01T10:14:20Z
2026-10-15;Dieta Fish Low Carb & IG;631;1200;Dieta Fish Low Carb & IG;Śniadanie;1369;Omleciki jajeczne ze szpinakiem, serem bałkańskim i czarnuszką, marchew, dip koperkowy;297;10.13;24.45;9.3;3.33;2.94;1.07;5.54;ciepło/zimno;2026-10-01T10:14:20Z
2026-10-15;Dieta Fish Low Carb & IG;631;1200;Dieta Fish Low Carb & IG;II śniadanie;1371;Pierogi z soczewicą i suszonymi pomidorami na mące orkiszowej i graham z dipem pomidorowym;219;7.05;8.08;28.15;4.14;2;0.41;0.64;ciepło/zimno;2026-10-01T10:14:20Z
2026-10-15;Dieta Fish Low Carb & IG;631;1200;Dieta Fish Low Carb & IG;Obiad;1373;Ryba po grecku z warzywami i chlebem czystoziarnistym;389;24.6;22.03;20.72;9.44;4.55;1.26;2.28;na ciepło;2026-10-01T10:14:20Z
2026-10-15;Dieta Fish Low Carb & IG;631;1200;Dieta Fish Low Carb & IG;Podwieczorek;1375;Tofurnik waniliowy z żelką malinową;189;4.26;16.72;5.31;2.17;1.15;0.29;6.7;na zimno;2026-10-01T10:14:20Z
2026-10-15;Dieta Fish Low Carb & IG;631;1200;Dieta Fish Low Carb & IG;Kolacja;1377;Pasta serowa z czosnkiem, fit rolls gryczane z solą morską, papryka;174;7.28;9.18;16.23;1.57;1.83;0.45;3.39;na zimno;2026-10-01T10:14:20Z
2026-10-15;Dieta Fodmap;617;1200;Dieta Fodmap;Śniadanie;1400;Tapioka z masłem orzechowym i bananem, orzechy arachidowe;241;9.42;12.83;19.85;1.84;10.45;0.24;2.93;na zimno;2026-10-01T10:14:20Z
2026-10-15;Dieta Fodmap;617;1200;Dieta Fodmap;II śniadanie;75;Malinowy shake proteinowy;200;7.89;4.1;30.4;2.19;29.2;0.32;2.48;na zimno;2026-10-01T10:14:20Z
2026-10-15;Dieta Fodmap;617;1200;Dieta Fodmap;Obiad;1401;Penne z kurczakiem w sosie warzywnym, prażone pestki dyni, mozzarella;394;23.39;17.33;35.86;2.01;1.76;0.46;7.66;na ciepło;2026-10-01T10:14:20Z
2026-10-15;Dieta Fodmap;617;1200;Dieta Fodmap;Podwieczorek;1402;Ciasto orzechowe;224;5.19;13.48;20.31;1.67;15.75;0.11;2.14;na zimno;2026-10-01T10:14:20Z
2026-10-15;Dieta Fodmap;617;1200;Dieta Fodmap;Kolacja;1403;Placuszki a’la pizza z papryką i bekonem, ogórek, dip tzatziki;204;10.17;15.52;5.96;1.06;2.86;0.85;5.54;na ciepło;2026-10-01T10:14:20Z
2026-10-15;Dieta Hashi Low Gluten & Lactose;629;1200;Dieta Hashi Low Gluten & Lactose;Śniadanie;1404;Naleśniki kakaowe, twarożek porzeczkowy, kiwi;264;12.53;10.97;30.57;1.67;2.52;0.28;3.98;ciepło/zimno;2026-10-01T10:14:20Z
2026-10-15;Dieta Hashi Low Gluten & Lactose;629;1200;Dieta Hashi Low Gluten & Lactose;II śniadanie;1405;Kanapka z salami peperoni i pastą jajeczną, sałata, rzodkiewka;227;8.54;13.48;17.24;4.15;3.59;0.94;3.89;na zimno;2026-10-01T10:14:20Z
2026-10-15;Dieta Hashi Low Gluten & Lactose;629;1200;Dieta Hashi Low Gluten & Lactose;Obiad;1406;Filet z indyka w sosie brokułowym, młode ziemniaki z koperkiem, surówka z marchewki;369;22.82;18.7;27.38;6.73;8.47;0.9;5.01;na ciepło;2026-10-01T10:14:20Z
2026-10-15;Dieta Hashi Low Gluten & Lactose;629;1200;Dieta Hashi Low Gluten & Lactose;Podwieczorek;1407;Gruszkowy deser z siemieniem lnianym;187;1.61;10.75;25.34;2.54;5.01;0.06;8.15;na zimno;2026-10-01T10:14:20Z
2026-10-15;Dieta Hashi Low Gluten & Lactose;629;1200;Dieta Hashi Low Gluten & Lactose;Kolacja;1408;Toskańska zupa krem z kurczakiem i ryżem;240;13.66;12.17;18.75;2.78;4.83;0.8;4.32;na ciepło;2026-10-01T10:14:20Z
2026-10-15;Dieta Ketogeniczna;610;1500;Dieta Ketogeniczna;Śniadanie;1378;Pasta jajeczna ze szczypiorkiem, salami własnej produkcji, pieczywo keto, ogórek;348;17.58;27.85;3.53;3.35;1.61;0.91;5.23;na zimno;2026-10-01T10:14:20Z
2026-10-15;Dieta Ketogeniczna;610;1500;Dieta Ketogeniczna;Obiad;1380;Schab wieprzowy jak u babci, sos grzybowy, seler pieczony, colesław z czerwonej kapusty;550;30.44;43.65;8.81;4.11;3.76;1.51;10.19;na ciepło;2026-10-01T10:14:20Z
2026-10-15;Dieta Ketogeniczna;610;1500;Dieta Ketogeniczna;Podwieczorek;1382;Placki kalafiorowe z serem i migdałami, papryka, dip tatarski;344;16.23;27.22;7.69;4.84;3.01;0.99;8.67;na ciepło;2026-10-01T10:14:20Z
2026-10-15;Dieta Ketogeniczna;610;1500;Dieta Ketogeniczna;Kolacja;1384;Sałatka Cezar z kurczakiem, pomidorkami i serem włoskim;362;24.28;26.77;5.83;2.37;4.11;0.67;5.4;na zimno;2026-10-01T10:14:20Z
2026-10-15;Dieta Light;612;1500;Dieta Light;Śniadanie;847;Drożdżówka z siemieniem lnianym i jabłkami, twarożek waniliowy, pomarańcza;289;18.49;9.27;32.29;4.01;13.59;0.25;1.17;ciepło/zimno;2026-10-01T10:14:20Z
2026-10-15;Dieta Light;612;1500;Dieta Light;II śniadanie;72;Truskawkowy shake proteinowy;147;7.08;3.25;22.14;3.01;15.63;0.17;2.16;na zimno;2026-10-01T10:14:20Z
2026-10-15;Dieta Light;612;1500;Dieta Light;Obiad;1363;Makaron ryżowy z łososiem, brokułem i marchewką w kremowym sosie kokosowym;535;25.05;30.8;39.28;4.73;4.55;1.3;11.48;na ciepło;2026-10-01T10:14:20Z
2026-10-15;Dieta Light;612;1500;Dieta Light;Podwieczorek;1365;Pleśniak;181;2.55;7.17;26.62;0.96;14.68;0.09;4.27;na zimno;2026-10-01T10:14:20Z
2026-10-15;Dieta Light;612;1500;Dieta Light;Kolacja;1368;Pierogi ze szpinakiem i serem, sos śmietanowy z suszonymi pomidorami;298;8.32;12.03;37.56;3.38;2.31;0.77;5.66;ciepło/zimno;2026-10-01T10:14:20Z
2026-10-15;Dieta Low Carb & IG;628;1200;Dieta Low Carb & IG;Śniadanie;1370;Serniczki z gruszką, mus czekoladowo-orzechowy z mascarpone, prażone płatki migdałów, kiwi;281;11.63;19.34;15.68;4.64;5.9;0.21;9.69;ciepło/zimno;2026-10-01T10:14:20Z
2026-10-15;Dieta Low Carb & IG;628;1200;Dieta Low Carb & IG;II śniadanie;1372;Pasztet borowikowy z dziczyzną, chleb, dip pietruszkowy, ogórek kiszony;252;14.11;17.12;8.51;4.56;2.79;0.7;4.21;na zimno;2026-10-01T10:14:20Z
2026-10-15;Dieta Low Carb & IG;628;1200;Dieta Low Carb & IG;Obiad;1374;Filet z kurczaka w marynacie pomidorowej z chili, sos śmietanowo-cytrynowy, kasza gryczana, warzywa z pary;326;26.89;12.62;26.22;5.61;3.53;0.55;5.35;na ciepło;2026-10-01T10:14:20Z
2026-10-15;Dieta Low Carb & IG;628;1200;Dieta Low Carb & IG;Podwieczorek;1376;Zupa serowo-porowa z pestkami dyni;166;6.65;12.47;6.51;2.62;3.49;1.07;7.13;na ciepło;2026-10-01T10:14:20Z
2026-10-15;Dieta Low Carb & IG;628;1200;Dieta Low Carb & IG;Kolacja;1045;Pełnoziarnista kanapka ,,chikker'' z warzywami i serem, dip czosnkowy;263;21.08;10.14;21.9;2.46;2.78;0.96;4.5;na zimno;2026-10-01T10:14:20Z
2026-10-15;Dieta START;634;1500;Dieta START;Śniadanie;1395;Bajgiel z twarożkiem z rzodkiewką i koperkiem, papryka;436;32.45;6.34;62.44;1.05;6.5;1.68;1.04;na zimno;2026-10-01T10:14:20Z
2026-10-15;Dieta START;634;1500;Dieta START;Obiad;1374;Filet z kurczaka w marynacie pomidorowej z chili, sos śmietanowo-cytrynowy, kasza gryczana, warzywa z pary;532;47.75;17.08;46.73;7.68;3.99;0.73;5.95;na ciepło;2026-10-01T10:14:20Z
2026-10-15;Dieta START;634;1500;Dieta START;Kolacja;1393;Naleśnik pomidorowy z ragout drobiowym, dip pietruszkowy;419;21.38;20.11;36.76;2.94;8.92;1.26;2.74;ciepło/zimno;2026-10-01T10:14:20Z
2026-10-15;Dieta Standard;583;1200;Dieta Standard;Śniadanie;1359;Pasztet Magnacki z bakaliami i morelami, chleb wiejski, ogórek kiszony, smarowidło chrzanowe;249;14.57;11.37;22.04;2.36;2.99;1.17;3.24;na zimno;2026-10-01T10:14:20Z
2026-10-15;Dieta Standard;583;1200;Dieta Standard;II śniadanie;702;Sok świeżo wyciskany z jabłka, mango i pomarańczy;153;1.66;1.17;33.69;6.48;32.97;0;0.02;na zimno;2026-10-01T10:14:20Z
2026-10-15;Dieta Standard;583;1200;Dieta Standard;Obiad;1361;Kotlet drobiowy w sosie pieczeniowym, kasza gryczana z pieczarkami, surówka z buraków;342;23.13;7.92;43.92;6.25;14.71;1.72;1.02;na ciepło;2026-10-01T10:14:20Z
2026-10-15;Dieta Standard;583;1200;Dieta Standard;Podwieczorek;1364;Placek maślany ze śliwkami;204;4.09;13.25;14.32;5.78;3.46;0.32;2.04;na zimno;2026-10-01T10:14:20Z
2026-10-15;Dieta Standard;583;1200;Dieta Standard;Kolacja;1366;Risotto śmietanowo-cytrynowe z kurczakiem, brokułem i groszkiem zielonym;319;21.88;15.67;22.64;3.78;2.43;0.5;8.48;na ciepło;2026-10-01T10:14:20Z
2026-10-15;Dieta Śródziemnomorska;630;1200;Dieta Śródziemnomorska;Śniadanie;1387;Owsianka egzotyczna mango z marakują, bakalie;305;9.47;10.77;48.28;3.54;12.57;0.07;2.85;na zimno;2026-10-01T10:14:20Z
2026-10-15;Dieta Śródziemnomorska;630;1200;Dieta Śródziemnomorska;II śniadanie;187;Toskańska zupa pomidorowa z czerwoną fasolą i mozzarellą;166;7.44;9.31;12.95;4.99;5.95;0.96;4.86;na ciepło;2026-10-01T10:14:20Z
2026-10-15;Dieta Śródziemnomorska;630;1200;Dieta Śródziemnomorska;Obiad;1391;Cielęco-wieprzowe klopsiki w sosie z pieczonej papryki, kasza bulgur, grillowane warzywa;353;22.26;12.27;37.25;11.31;4.91;1;2.68;na ciepło;2026-10-01T10:14:20Z
2026-10-15;Dieta Śródziemnomorska;630;1200;Dieta Śródziemnomorska;Podwieczorek;1392;Hiszpańskie ciasto migdałowe;201;5.64;17.37;5.85;1.74;3.6;0.13;6.47;na zimno;2026-10-01T10:14:20Z
2026-10-15;Dieta Śródziemnomorska;630;1200;Dieta Śródziemnomorska;Kolacja;1384;Sałatka Cezar z kurczakiem, pomidorkami i serem włoskim;228;19.57;11.64;10.82;1.32;2.98;0.82;3.03;na zimno;2026-10-01T10:14:20Z
2026-10-15;Wybór menu / BASIC;614;2000;BASIC;Śniadanie;1359;Pasztet Magnacki z bakaliami i morelami, chleb wiejski, ogórek kiszony, smarowidło chrzanowe;440.57;26.16;23.22;31.75;3.52;4.74;1.54;6.68;na zimno;2026-09-30T19:54:27Z
2026-10-15;Wybór menu / BASIC;614;2000;Dieta Active Pro;Śniadanie;1091;Proteinowy jogurt bananowy, granola owocowa z arachidem;492.26;36.18;12.66;63.15;5;17.38;0.49;2.2;na zimno;2026-09-30T19:54:27Z
2026-10-15;Wybór menu / BASIC;614;2000;Dieta Light;Śniadanie;847;Drożdżówka z siemieniem lnianym i jabłkami, twarożek waniliowy, pomarańcza;420.26;27.46;13.85;45.61;5.44;17.69;0.38;1.76;ciepło/zimno;2026-09-30T19:54:27Z
2026-10-15;Wybór menu / BASIC;614;2000;BASIC;II śniadanie;702;Sok świeżo wyciskany z jabłka, mango i pomarańczy;152.98;1.66;1.17;33.69;6.48;32.97;0;0.02;na zimno;2026-09-30T19:54:27Z
2026-10-15;Wybór menu / BASIC;614;2000;Dieta Active Pro;II śniadanie;1360;Tajska zupa kokosowa z kurczakiem i kolendrą;305.58;21.17;18.56;12.71;3.2;8.36;1.51;11.39;na ciepło;2026-09-30T19:54:27Z
2026-10-15;Wybór menu / BASIC;614;2000;Dieta Light;II śniadanie;72;Truskawkowy shake proteinowy;146.69;7.08;3.25;22.14;3.01;15.63;0.17;2.16;na zimno;2026-09-30T19:54:27Z
2026-10-15;Wybór menu / BASIC;614;2000;BASIC;Obiad;1361;Kotlet drobiowy w sosie pieczeniowym, kasza gryczana z pieczarkami, surówka z buraków;543.22;42.05;11.78;66.5;8.31;15.12;2.19;1.72;na ciepło;2026-09-30T19:54:27Z
2026-10-15;Wybór menu / BASIC;614;2000;Dieta Active Pro;Obiad;1362;Filet z indyka w sosie brokułowym, kasza bulgur, surówka z marchewki;564.26;42.49;19.89;53.82;17.67;10.84;0.95;6.16;na ciepło;2026-09-30T19:54:27Z
2026-10-15;Wybór menu / BASIC;614;2000;Dieta Light;Obiad;1363;Makaron ryżowy z łososiem, brokułem i marchewką w kremowym sosie kokosowym;693.98;33.04;40.67;48.74;5.38;5.81;1.71;15.78;na ciepło;2026-09-30T19:54:27Z
2026-10-15;Wybór menu / BASIC;614;2000;BASIC;Podwieczorek;1364;Placek maślany ze śliwkami;294.83;5.91;19.14;20.69;8.36;5;0.46;2.94;na zimno;2026-09-30T19:54:27Z
2026-10-15;Wybór menu / BASIC;614;2000;Dieta Active Pro;Podwieczorek;954;Kremowe ciasto bez pieczenia z musem truskawkowym;273.35;12.22;17.5;15.99;1.36;6.57;0.18;10.19;na zimno;2026-09-30T19:54:27Z
2026-10-15;Wybór menu / BASIC;614;2000;Dieta Light;Podwieczorek;1365;Pleśniak;301.95;4.25;11.95;44.36;1.6;24.47;0.14;7.12;na zimno;2026-09-30T19:54:27Z
2026-10-15;Wybór menu / BASIC;614;2000;BASIC;Kolacja;1366;Risotto śmietanowo-cytrynowe z kurczakiem, brokułem i groszkiem zielonym;485.07;32.53;24.17;34.2;4.36;3.4;0.74;13.49;na ciepło;2026-09-30T19:54:27Z
2026-10-15;Wybór menu / BASIC;614;2000;Dieta Active Pro;Kolacja;1367;Sałatka nicejska z tuńczykiem i sosem czosnkowym;350.07;39.53;17.78;7.98;1.36;4.81;1.73;3.09;na zimno;2026-09-30T19:54:27Z
2026-10-15;Wybór menu / BASIC;614;2000;Dieta Light;Kolacja;1368;Pierogi ze szpinakiem i serem, sos śmietanowy z suszonymi pomidorami;391.02;11.36;14.44;51.71;4.57;2.69;1.03;6.68;ciepło/zimno;2026-09-30T19:54:27Z
2026-10-15;Wybór menu / COMFORT;614;2000;COMFORT;Śniadanie;1359;Pasztet Magnacki z bakaliami i morelami, chleb wiejski, ogórek kiszony, smarowidło chrzanowe;440.57;26.16;23.22;31.75;3.52;4.74;1.54;6.68;na zimno;2026-09-30T19:54:27Z
2026-10-15;Wybór menu / COMFORT;614;2000;Dieta Active Pro;Śniadanie;1091;Proteinowy jogurt bananowy, granola owocowa z arachidem;492.26;36.18;12.66;63.15;5;17.38;0.49;2.2;na zimno;2026-09-30T19:54:27Z
2026-10-15;Wybór menu / COMFORT;614;2000;Dieta Fish Low Carb & IG;Śniadanie;1369;Omleciki jajeczne ze szpinakiem, serem bałkańskim i czarnuszką, marchew, dip koperkowy;529.78;19.48;43.63;15.12;4.5;4.31;1.92;10.5;ciepło/zimno;2026-09-30T19:54:27Z
2026-10-15;Wybór menu / COMFORT;614;2000;Dieta Light;Śniadanie;847;Drożdżówka z siemieniem lnianym i jabłkami, twarożek waniliowy, pomarańcza;420.26;27.46;13.85;45.61;5.44;17.69;0.38;1.76;ciepło/zimno;2026-09-30T19:54:27Z
2026-10-15;Wybór menu / COMFORT;614;2000;Dieta Low Carb & IG;Śniadanie;1370;Serniczki z gruszką, mus czekoladowo-orzechowy z mascarpone, prażone płatki migdałów, kiwi;533.18;22.72;37.83;26.53;8.47;11.48;0.41;18.79;ciepło/zimno;2026-09-30T19:54:27Z
2026-10-15;Wybór menu / COMFORT;614;2000;COMFORT;II śniadanie;702;Sok świeżo wyciskany z jabłka, mango i pomarańczy;152.98;1.66;1.17;33.69;6.48;32.97;0;0.02;na zimno;2026-09-30T19:54:27Z
2026-10-15;Wybór menu / COMFORT;614;2000;Dieta Active Pro;II śniadanie;1360;Tajska zupa kokosowa z kurczakiem i kolendrą;305.58;21.17;18.56;12.71;3.2;8.36;1.51;11.39;na ciepło;2026-09-30T19:54:27Z
2026-10-15;Wybór menu / COMFORT;614;2000;Dieta Fish Low Carb & IG;II śniadanie;1371;Pierogi z soczewicą i suszonymi pomidorami na mące orkiszowej i graham z dipem pomidorowym;380.28;12.31;13.91;49.18;7.22;3.44;0.71;1.11;ciepło/zimno;2026-09-30T19:54:27Z
2026-10-15;Wybór menu / COMFORT;614;2000;Dieta Light;II śniadanie;72;Truskawkowy shake proteinowy;146.69;7.08;3.25;22.14;3.01;15.63;0.17;2.16;na zimno;2026-09-30T19:54:27Z
2026-10-15;Wybór menu / COMFORT;614;2000;Dieta Low Carb & IG;II śniadanie;1372;Pasztet borowikowy z dziczyzną, chleb, dip pietruszkowy, ogórek kiszony;399.2;22.56;27.44;12.72;6.87;4.17;0.88;6.87;na zimno;2026-09-30T19:54:27Z
2026-10-15;Wybór menu / COMFORT;614;2000;COMFORT;Obiad;1361;Kotlet drobiowy w sosie pieczeniowym, kasza gryczana z pieczarkami, surówka z buraków;543.22;42.05;11.78;66.5;8.31;15.12;2.19;1.72;na ciepło;2026-09-30T19:54:27Z
2026-10-15;Wybór menu / COMFORT;614;2000;Dieta Active Pro;Obiad;1362;Filet z indyka w sosie brokułowym, kasza bulgur, surówka z marchewki;564.26;42.49;19.89;53.82;17.67;10.84;0.95;6.16;na ciepło;2026-09-30T19:54:27Z
2026-10-15;Wybór menu / COMFORT;614;2000;Dieta Fish Low Carb & IG;Obiad;1373;Ryba po grecku z warzywami i chlebem czystoziarnistym;565.56;38.19;31.4;30.02;13.08;7.18;2.06;3.08;na ciepło;2026-09-30T19:54:27Z
2026-10-15;Wybór menu / COMFORT;614;2000;Dieta Light;Obiad;1363;Makaron ryżowy z łososiem, brokułem i marchewką w kremowym sosie kokosowym;693.98;33.04;40.67;48.74;5.38;5.81;1.71;15.78;na ciepło;2026-09-30T19:54:27Z
2026-10-15;Wybór menu / COMFORT;614;2000;Dieta Low Carb & IG;Obiad;1374;Filet z kurczaka w marynacie pomidorowej z chili, sos śmietanowo-cytrynowy, kasza gryczana, warzywa z pary;485.89;43.59;16.03;41.62;7.18;3.88;0.7;5.81;na ciepło;2026-09-30T19:54:27Z
2026-10-15;Wybór menu / COMFORT;614;2000;COMFORT;Podwieczorek;1364;Placek maślany ze śliwkami;294.83;5.91;19.14;20.69;8.36;5;0.46;2.94;na zimno;2026-09-30T19:54:27Z
2026-10-15;Wybór menu / COMFORT;614;2000;Dieta Active Pro;Podwieczorek;954;Kremowe ciasto bez pieczenia z musem truskawkowym;273.35;12.22;17.5;15.99;1.36;6.57;0.18;10.19;na zimno;2026-09-30T19:54:27Z
2026-10-15;Wybór menu / COMFORT;614;2000;Dieta Fish Low Carb & IG;Podwieczorek;1375;Tofurnik waniliowy z żelką malinową;323.44;7.31;28.67;9.11;3.71;1.97;0.5;11.48;na zimno;2026-09-30T19:54:27Z
2026-10-15;Wybór menu / COMFORT;614;2000;Dieta Light;Podwieczorek;1365;Pleśniak;301.95;4.25;11.95;44.36;1.6;24.47;0.14;7.12;na zimno;2026-09-30T19:54:27Z
2026-10-15;Wybór menu / COMFORT;614;2000;Dieta Low Carb & IG;Podwieczorek;1376;Zupa serowo-porowa z pestkami dyni;204.78;8.58;15.47;7.4;2.99;3.49;1.07;7.73;na ciepło;2026-09-30T19:54:27Z
2026-10-15;Wybór menu / COMFORT;614;2000;COMFORT;Kolacja;1366;Risotto śmietanowo-cytrynowe z kurczakiem, brokułem i groszkiem zielonym;485.07;32.53;24.17;34.2;4.36;3.4;0.74;13.49;na ciepło;2026-09-30T19:54:27Z
2026-10-15;Wybór menu / COMFORT;614;2000;Dieta Active Pro;Kolacja;1367;Sałatka nicejska z tuńczykiem i sosem czosnkowym;350.07;39.53;17.78;7.98;1.36;4.81;1.73;3.09;na zimno;2026-09-30T19:54:27Z
2026-10-15;Wybór menu / COMFORT;614;2000;Dieta Fish Low Carb & IG;Kolacja;1377;Pasta serowa z czosnkiem, fit rolls gryczane z solą morską, papryka;332.54;13.95;18.23;29.23;2.6;3.48;0.9;6.77;na zimno;2026-09-30T19:54:27Z
2026-10-15;Wybór menu / COMFORT;614;2000;Dieta Light;Kolacja;1368;Pierogi ze szpinakiem i serem, sos śmietanowy z suszonymi pomidorami;391.02;11.36;14.44;51.71;4.57;2.69;1.03;6.68;ciepło/zimno;2026-09-30T19:54:27Z
2026-10-15;Wybór menu / COMFORT;614;2000;Dieta Low Carb & IG;Kolacja;1045;Pełnoziarnista kanapka ,,chikker'' z warzywami i serem, dip czosnkowy;434.26;36.17;17.98;31.94;3.81;4.52;1.58;8.48;na zimno;2026-09-30T19:54:27Z
2026-10-15;Wybór menu / KETO FUSION;614;2000;Dieta Ketogeniczna;Śniadanie;1378;Pasta jajeczna ze szczypiorkiem, salami własnej produkcji, pieczywo keto, ogórek;467.34;23.3;37.87;4.44;4.37;1.86;1.24;6.86;na zimno;2026-09-30T19:54:27Z
2026-10-15;Wybór menu / KETO FUSION;614;2000;Dieta Śródziemnomorska Keto;Śniadanie;1379;Omleciki jajeczne ze szpinakiem, serem bałkańskim i czarnuszką, pomidorki, dip czosnkowy;578.69;18.14;52.79;7.23;4.97;5.18;1.85;13.38;ciepło/zimno;2026-09-30T19:54:27Z
2026-10-15;Wybór menu / KETO FUSION;614;2000;Dieta Ketogeniczna;Obiad;1380;Schab wieprzowy jak u babci, sos grzybowy, seler pieczony, colesław z czerwonej kapusty;638.16;37.92;49.74;9.7;4.66;4.25;1.7;11.05;na ciepło;2026-09-30T19:54:27Z
2026-10-15;Wybór menu / KETO FUSION;614;2000;Dieta Śródziemnomorska Keto;Obiad;1381;Filet z indyka w sosie brokułowym, puree z pietruszki z orzechami laskowymi, surówka z kiszonej kapusty;631.35;37.38;49.17;10.09;7.46;4.07;1.45;21.21;na ciepło;2026-09-30T19:54:27Z
2026-10-15;Wybór menu / KETO FUSION;614;2000;Dieta Ketogeniczna;Podwieczorek;1382;Placki kalafiorowe z serem i migdałami, papryka, dip tatarski;480.18;21.64;39.03;9.56;6.31;4.28;1.38;11.95;na ciepło;2026-09-30T19:54:27Z
2026-10-15;Wybór menu / KETO FUSION;614;2000;Dieta Śródziemnomorska Keto;Podwieczorek;1383;Muffinka dyniowa z cynamonem;417.97;14.01;35.7;8.98;8.85;6.25;0.96;9.25;na zimno;2026-09-30T19:54:27Z
2026-10-15;Wybór menu / KETO FUSION;614;2000;Dieta Ketogeniczna;Kolacja;1384;Sałatka Cezar z kurczakiem, pomidorkami i serem włoskim;492.77;30.87;37.68;7.42;2.58;5.06;0.9;7.01;na zimno;2026-09-30T19:54:27Z
2026-10-15;Wybór menu / KETO FUSION;614;2000;Dieta Śródziemnomorska Keto;Kolacja;1385;Pasta paprykowa z tuńczyka i jajek, chleb keto, ogórek kiszony;440.9;29.95;32.68;5.44;4.6;1.49;2.27;4.33;na zimno;2026-09-30T19:54:27Z
2026-10-15;Wybór menu / LADIES VIBES;614;2000;BASIC;Śniadanie;1359;Pasztet Magnacki z bakaliami i morelami, chleb wiejski, ogórek kiszony, smarowidło chrzanowe;440.57;26.16;23.22;31.75;3.52;4.74;1.54;6.68;na zimno;2026-09-30T19:54:27Z
2026-10-15;Wybór menu / LADIES VIBES;614;2000;Dieta Active Pro;Śniadanie;1091;Proteinowy jogurt bananowy, granola owocowa z arachidem;492.26;36.18;12.66;63.15;5;17.38;0.49;2.2;na zimno;2026-09-30T19:54:27Z
2026-10-15;Wybór menu / LADIES VIBES;614;2000;Dieta Light;Śniadanie;847;Drożdżówka z siemieniem lnianym i jabłkami, twarożek waniliowy, pomarańcza;420.26;27.46;13.85;45.61;5.44;17.69;0.38;1.76;ciepło/zimno;2026-09-30T19:54:27Z
2026-10-15;Wybór menu / LADIES VIBES;614;2000;BASIC;II śniadanie;702;Sok świeżo wyciskany z jabłka, mango i pomarańczy;152.98;1.66;1.17;33.69;6.48;32.97;0;0.02;na zimno;2026-09-30T19:54:27Z
2026-10-15;Wybór menu / LADIES VIBES;614;2000;Dieta Active Pro;II śniadanie;1360;Tajska zupa kokosowa z kurczakiem i kolendrą;305.58;21.17;18.56;12.71;3.2;8.36;1.51;11.39;na ciepło;2026-09-30T19:54:27Z
2026-10-15;Wybór menu / LADIES VIBES;614;2000;Dieta Light;II śniadanie;72;Truskawkowy shake proteinowy;146.69;7.08;3.25;22.14;3.01;15.63;0.17;2.16;na zimno;2026-09-30T19:54:27Z
2026-10-15;Wybór menu / LADIES VIBES;614;2000;BASIC;Obiad;1361;Kotlet drobiowy w sosie pieczeniowym, kasza gryczana z pieczarkami, surówka z buraków;543.22;42.05;11.78;66.5;8.31;15.12;2.19;1.72;na ciepło;2026-09-30T19:54:27Z
2026-10-15;Wybór menu / LADIES VIBES;614;2000;Dieta Active Pro;Obiad;1362;Filet z indyka w sosie brokułowym, kasza bulgur, surówka z marchewki;564.26;42.49;19.89;53.82;17.67;10.84;0.95;6.16;na ciepło;2026-09-30T19:54:27Z
2026-10-15;Wybór menu / LADIES VIBES;614;2000;Dieta Light;Obiad;1363;Makaron ryżowy z łososiem, brokułem i marchewką w kremowym sosie kokosowym;693.98;33.04;40.67;48.74;5.38;5.81;1.71;15.78;na ciepło;2026-09-30T19:54:27Z
2026-10-15;Wybór menu / LADIES VIBES;614;2000;BASIC;Podwieczorek;1364;Placek maślany ze śliwkami;294.83;5.91;19.14;20.69;8.36;5;0.46;2.94;na zimno;2026-09-30T19:54:27Z
2026-10-15;Wybór menu / LADIES VIBES;614;2000;Dieta Active Pro;Podwieczorek;954;Kremowe ciasto bez pieczenia z musem truskawkowym;273.35;12.22;17.5;15.99;1.36;6.57;0.18;10.19;na zimno;2026-09-30T19:54:27Z
2026-10-15;Wybór menu / LADIES VIBES;614;2000;Dieta Light;Podwieczorek;1365;Pleśniak;301.95;4.25;11.95;44.36;1.6;24.47;0.14;7.12;na zimno;2026-09-30T19:54:27Z
2026-10-15;Wybór menu / LADIES VIBES;614;2000;BASIC;Kolacja;1366;Risotto śmietanowo-cytrynowe z kurczakiem, brokułem i groszkiem zielonym;485.07;32.53;24.17;34.2;4.36;3.4;0.74;13.49;na ciepło;2026-09-30T19:54:27Z
2026-10-15;Wybór menu / LADIES VIBES;614;2000;Dieta Active Pro;Kolacja;1367;Sałatka nicejska z tuńczykiem i sosem czosnkowym;350.07;39.53;17.78;7.98;1.36;4.81;1.73;3.09;na zimno;2026-09-30T19:54:27Z
2026-10-15;Wybór menu / LADIES VIBES;614;2000;Dieta Light;Kolacja;1368;Pierogi ze szpinakiem i serem, sos śmietanowy z suszonymi pomidorami;391.02;11.36;14.44;51.71;4.57;2.69;1.03;6.68;ciepło/zimno;2026-09-30T19:54:27Z
2026-10-15;Wybór menu / SUPREME;614;2000;Dieta Active Pro;Śniadanie;1091;Proteinowy jogurt bananowy, granola owocowa z arachidem;492.26;36.18;12.66;63.15;5;17.38;0.49;2.2;na zimno;2026-09-30T19:54:27Z
2026-10-15;Wybór menu / SUPREME;614;2000;Dieta Fish Low Carb & IG;Śniadanie;1369;Omleciki jajeczne ze szpinakiem, serem bałkańskim i czarnuszką, marchew, dip koperkowy;529.78;19.48;43.63;15.12;4.5;4.31;1.92;10.5;ciepło/zimno;2026-09-30T19:54:27Z
2026-10-15;Wybór menu / SUPREME;614;2000;Dieta Kuchnie Świata;Śniadanie;1386;Hummus klasyczny, frankfurterki własnej produkcji, bułeczka z suszonym pomidorem, papryka;512.97;27.95;25.13;42.49;5.74;3.25;3.63;4.44;na zimno;2026-09-30T19:54:27Z
2026-10-15;Wybór menu / SUPREME;614;2000;Dieta Light;Śniadanie;847;Drożdżówka z siemieniem lnianym i jabłkami, twarożek waniliowy, pomarańcza;420.26;27.46;13.85;45.61;5.44;17.69;0.38;1.76;ciepło/zimno;2026-09-30T19:54:27Z
2026-10-15;Wybór menu / SUPREME;614;2000;Dieta Low Carb & IG;Śniadanie;1370;Serniczki z gruszką, mus czekoladowo-orzechowy z mascarpone, prażone płatki migdałów, kiwi;533.18;22.72;37.83;26.53;8.47;11.48;0.41;18.79;ciepło/zimno;2026-09-30T19:54:27Z
2026-10-15;Wybór menu / SUPREME;614;2000;Dieta Top Taste;Śniadanie;430;Kluski leniwe z sosem jogurtowym, musem truskawkowym i kokosem;383.87;17.29;12.16;50.58;2.89;21.72;1.74;5.11;ciepło/zimno;2026-09-30T19:54:27Z
2026-10-15;Wybór menu / SUPREME;614;2000;Dieta Śródziemnomorska;Śniadanie;1387;Owsianka egzotyczna mango z marakują, bakalie;508.67;15.79;17.94;80.46;5.9;20.95;0.11;4.75;na zimno;2026-09-30T19:54:27Z
2026-10-15;Wybór menu / SUPREME;614;2000;SUPREME;Śniadanie;1359;Pasztet Magnacki z bakaliami i morelami, chleb wiejski, ogórek kiszony, smarowidło chrzanowe;440.57;26.16;23.22;31.75;3.52;4.74;1.54;6.68;na zimno;2026-09-30T19:54:27Z
2026-10-15;Wybór menu / SUPREME;614;2000;Dieta Active Pro;II śniadanie;1360;Tajska zupa kokosowa z kurczakiem i kolendrą;305.58;21.17;18.56;12.71;3.2;8.36;1.51;11.39;na ciepło;2026-09-30T19:54:27Z
2026-10-15;Wybór menu / SUPREME;614;2000;Dieta Fish Low Carb & IG;II śniadanie;1371;Pierogi z soczewicą i suszonymi pomidorami na mące orkiszowej i graham z dipem pomidorowym;380.28;12.31;13.91;49.18;7.22;3.44;0.71;1.11;ciepło/zimno;2026-09-30T19:54:27Z
2026-10-15;Wybór menu / SUPREME;614;2000;Dieta Kuchnie Świata;II śniadanie;1388;Meksykańska wege quesadilla z fasolą i tofu, sriracha majo;508.16;12.55;26.39;55.05;3.57;12.65;2.44;7.31;ciepło/zimno;2026-09-30T19:54:27Z
2026-10-15;Wybór menu / SUPREME;614;2000;Dieta Light;II śniadanie;72;Truskawkowy shake proteinowy;146.69;7.08;3.25;22.14;3.01;15.63;0.17;2.16;na zimno;2026-09-30T19:54:27Z
2026-10-15;Wybór menu / SUPREME;614;2000;Dieta Low Carb & IG;II śniadanie;1372;Pasztet borowikowy z dziczyzną, chleb, dip pietruszkowy, ogórek kiszony;399.2;22.56;27.44;12.72;6.87;4.17;0.88;6.87;na zimno;2026-09-30T19:54:27Z
2026-10-15;Wybór menu / SUPREME;614;2000;Dieta Top Taste;II śniadanie;432;Drożdżowa bułeczka z farszem o smaku pizzy z polędwicą wieprzową, serem i papryką, sos ziołowy;443.96;18.03;23.38;39.21;1.76;4.22;1.12;6.07;ciepło/zimno;2026-09-30T19:54:27Z
2026-10-15;Wybór menu / SUPREME;614;2000;Dieta Śródziemnomorska;II śniadanie;187;Toskańska zupa pomidorowa z czerwoną fasolą i mozzarellą;196.66;10.08;10.39;15.68;6.41;6.24;1.1;5.54;na ciepło;2026-09-30T19:54:27Z
2026-10-15;Wybór menu / SUPREME;614;2000;SUPREME;II śniadanie;702;Sok świeżo wyciskany z jabłka, mango i pomarańczy;152.98;1.66;1.17;33.69;6.48;32.97;0;0.02;na zimno;2026-09-30T19:54:27Z
2026-10-15;Wybór menu / SUPREME;614;2000;Dieta Active Pro;Obiad;1362;Filet z indyka w sosie brokułowym, kasza bulgur, surówka z marchewki;564.26;42.49;19.89;53.82;17.67;10.84;0.95;6.16;na ciepło;2026-09-30T19:54:27Z
2026-10-15;Wybór menu / SUPREME;614;2000;Dieta Fish Low Carb & IG;Obiad;1373;Ryba po grecku z warzywami i chlebem czystoziarnistym;565.56;38.19;31.4;30.02;13.08;7.18;2.06;3.08;na ciepło;2026-09-30T19:54:27Z
2026-10-15;Wybór menu / SUPREME;614;2000;Dieta Kuchnie Świata;Obiad;1389;Zielone curry z indykiem, żółty ryż z chili, fasola szparagowa;475.5;34.95;17.89;43.85;6.37;3.84;0.96;5.41;na ciepło;2026-09-30T19:54:27Z
2026-10-15;Wybór menu / SUPREME;614;2000;Dieta Light;Obiad;1363;Makaron ryżowy z łososiem, brokułem i marchewką w kremowym sosie kokosowym;693.98;33.04;40.67;48.74;5.38;5.81;1.71;15.78;na ciepło;2026-09-30T19:54:27Z
2026-10-15;Wybór menu / SUPREME;614;2000;Dieta Low Carb & IG;Obiad;1374;Filet z kurczaka w marynacie pomidorowej z chili, sos śmietanowo-cytrynowy, kasza gryczana, warzywa z pary;485.89;43.59;16.03;41.62;7.18;3.88;0.7;5.81;na ciepło;2026-09-30T19:54:27Z
2026-10-15;Wybór menu / SUPREME;614;2000;Dieta Top Taste;Obiad;1390;Penne w sosie serowym z indykiem i brokułem;530.53;39;20.86;46.78;4.47;4.89;1.17;8.83;na ciepło;2026-09-30T19:54:27Z
2026-10-15;Wybór menu / SUPREME;614;2000;Dieta Śródziemnomorska;Obiad;1391;Cielęco-wieprzowe klopsiki w sosie z pieczonej papryki, kasza bulgur, grillowane warzywa;504.61;33.47;15.54;56.69;17.4;5.46;1.14;3.47;na ciepło;2026-09-30T19:54:27Z
2026-10-15;Wybór menu / SUPREME;614;2000;SUPREME;Obiad;1361;Kotlet drobiowy w sosie pieczeniowym, kasza gryczana z pieczarkami, surówka z buraków;543.22;42.05;11.78;66.5;8.31;15.12;2.19;1.72;na ciepło;2026-09-30T19:54:27Z
2026-10-15;Wybór menu / SUPREME;614;2000;Dieta Active Pro;Podwieczorek;954;Kremowe ciasto bez pieczenia z musem truskawkowym;273.35;12.22;17.5;15.99;1.36;6.57;0.18;10.19;na zimno;2026-09-30T19:54:27Z
2026-10-15;Wybór menu / SUPREME;614;2000;Dieta Fish Low Carb & IG;Podwieczorek;1375;Tofurnik waniliowy z żelką malinową;323.44;7.31;28.67;9.11;3.71;1.97;0.5;11.48;na zimno;2026-09-30T19:54:27Z
2026-10-15;Wybór menu / SUPREME;614;2000;Dieta Kuchnie Świata;Podwieczorek;69;Ananasowy sernik na zimno na ciasteczkowym spodzie;224.09;10.17;10.38;23.75;0.82;10.91;0.18;2.68;na zimno;2026-09-30T19:54:27Z
2026-10-15;Wybór menu / SUPREME;614;2000;Dieta Light;Podwieczorek;1365;Pleśniak;301.95;4.25;11.95;44.36;1.6;24.47;0.14;7.12;na zimno;2026-09-30T19:54:27Z
2026-10-15;Wybór menu / SUPREME;614;2000;Dieta Low Carb & IG;Podwieczorek;1376;Zupa serowo-porowa z pestkami dyni;204.78;8.58;15.47;7.4;2.99;3.49;1.07;7.73;na ciepło;2026-09-30T19:54:27Z
2026-10-15;Wybór menu / SUPREME;614;2000;Dieta Top Taste;Podwieczorek;436;Ciasto czekoladowa Stefanka;252.61;4.38;15.63;24.43;4.34;6.63;0.38;6.42;na zimno;2026-09-30T19:54:27Z
2026-10-15;Wybór menu / SUPREME;614;2000;Dieta Śródziemnomorska;Podwieczorek;1392;Hiszpańskie ciasto migdałowe;343.98;9.68;29.78;10.02;2.99;6.17;0.22;11.1;na zimno;2026-09-30T19:54:27Z
2026-10-15;Wybór menu / SUPREME;614;2000;SUPREME;Podwieczorek;1364;Placek maślany ze śliwkami;294.83;5.91;19.14;20.69;8.36;5;0.46;2.94;na zimno;2026-09-30T19:54:27Z
2026-10-15;Wybór menu / SUPREME;614;2000;Dieta Active Pro;Kolacja;1367;Sałatka nicejska z tuńczykiem i sosem czosnkowym;350.07;39.53;17.78;7.98;1.36;4.81;1.73;3.09;na zimno;2026-09-30T19:54:27Z
2026-10-15;Wybór menu / SUPREME;614;2000;Dieta Fish Low Carb & IG;Kolacja;1377;Pasta serowa z czosnkiem, fit rolls gryczane z solą morską, papryka;332.54;13.95;18.23;29.23;2.6;3.48;0.9;6.77;na zimno;2026-09-30T19:54:27Z
2026-10-15;Wybór menu / SUPREME;614;2000;Dieta Kuchnie Świata;Kolacja;1393;Naleśnik pomidorowy z ragout drobiowym, dip pietruszkowy;418.71;21.38;20.11;36.76;2.94;8.92;1.26;2.74;ciepło/zimno;2026-09-30T19:54:27Z
2026-10-15;Wybór menu / SUPREME;614;2000;Dieta Light;Kolacja;1368;Pierogi ze szpinakiem i serem, sos śmietanowy z suszonymi pomidorami;391.02;11.36;14.44;51.71;4.57;2.69;1.03;6.68;ciepło/zimno;2026-09-30T19:54:27Z
2026-10-15;Wybór menu / SUPREME;614;2000;Dieta Low Carb & IG;Kolacja;1045;Pełnoziarnista kanapka ,,chikker'' z warzywami i serem, dip czosnkowy;434.26;36.17;17.98;31.94;3.81;4.52;1.58;8.48;na zimno;2026-09-30T19:54:27Z
2026-10-15;Wybór menu / SUPREME;614;2000;Dieta Top Taste;Kolacja;437;Grillowane krewetki, risotto maślano-cytrynowe z zielonym groszkiem, płatki migdałów;481.63;23.18;22.83;45.64;5.96;14.26;2.26;12.34;na ciepło;2026-09-30T19:54:27Z
2026-10-15;Wybór menu / SUPREME;614;2000;Dieta Śródziemnomorska;Kolacja;1384;Sałatka Cezar z kurczakiem, pomidorkami i serem włoskim;375.66;31.88;19.02;18.33;1.64;4.66;1.36;4.8;na zimno;2026-09-30T19:54:27Z
2026-10-15;Wybór menu / SUPREME;614;2000;SUPREME;Kolacja;1366;Risotto śmietanowo-cytrynowe z kurczakiem, brokułem i groszkiem zielonym;485.07;32.53;24.17;34.2;4.36;3.4;0.74;13.49;na ciepło;2026-09-30T19:54:27Z
2026-10-15;Wybór menu / TYPES OF VEGE;614;2000;Dieta Fish Low Carb & IG;Śniadanie;1369;Omleciki jajeczne ze szpinakiem, serem bałkańskim i czarnuszką, marchew, dip koperkowy;529.78;19.48;43.63;15.12;4.5;4.31;1.92;10.5;ciepło/zimno;2026-09-30T19:54:27Z
2026-10-15;Wybór menu / TYPES OF VEGE;614;2000;Dieta Wegańska;Śniadanie;1394;Pudding kokosowy z chia, mus mango z kawałkami owoców, wiórki czekolady;327.28;6.31;17.69;35.16;6.09;22.44;0.11;12.59;na zimno;2026-09-30T19:54:27Z
2026-10-15;Wybór menu / TYPES OF VEGE;614;2000;Dieta Wegetariańska;Śniadanie;1395;Bajgiel z twarożkiem z rzodkiewką i koperkiem, papryka;409.21;27.3;6.24;61.18;0.93;5.54;1.62;1.01;na zimno;2026-09-30T19:54:27Z
2026-10-15;Wybór menu / TYPES OF VEGE;614;2000;Dieta Fish Low Carb & IG;II śniadanie;1371;Pierogi z soczewicą i suszonymi pomidorami na mące orkiszowej i graham z dipem pomidorowym;380.28;12.31;13.91;49.18;7.22;3.44;0.71;1.11;ciepło/zimno;2026-09-30T19:54:27Z
2026-10-15;Wybór menu / TYPES OF VEGE;614;2000;Dieta Wegańska;II śniadanie;1396;Krem z cukinii i pora z czosnkiem niedźwiedzim, grzanka serowo-czosnkowa;203.38;3.95;12.14;19.43;2.47;3.54;0.87;5.29;na ciepło;2026-09-30T19:54:27Z
2026-10-15;Wybór menu / TYPES OF VEGE;614;2000;Dieta Wegetariańska;II śniadanie;1092;Proteinowy jogurt bananowy, granola owocowa z płatkami migdałów;352.24;25.74;7.1;49.27;3.71;14.01;0.41;1.31;na zimno;2026-09-30T19:54:27Z
2026-10-15;Wybór menu / TYPES OF VEGE;614;2000;Dieta Fish Low Carb & IG;Obiad;1373;Ryba po grecku z warzywami i chlebem czystoziarnistym;565.56;38.19;31.4;30.02;13.08;7.18;2.06;3.08;na ciepło;2026-09-30T19:54:27Z
2026-10-15;Wybór menu / TYPES OF VEGE;614;2000;Dieta Wegańska;Obiad;1397;Wegańskie stripsy z opiekanymi ziemniaczkami, dip sriracha-mayo, surówka z białej kapusty, papryki i kukurydzy;634.56;29;29.2;63.22;7.46;4.54;2.23;5.71;na ciepło;2026-09-30T19:54:27Z
2026-10-15;Wybór menu / TYPES OF VEGE;614;2000;Dieta Wegetariańska;Obiad;1398;Makaron ryżowy z tofu, cukinią i brokułem w kremowym sosie kokosowym, kolendra;562.56;20.06;29.78;52.77;6.06;10.9;3.39;13.56;na ciepło;2026-09-30T19:54:27Z
2026-10-15;Wybór menu / TYPES OF VEGE;614;2000;Dieta Fish Low Carb & IG;Podwieczorek;1375;Tofurnik waniliowy z żelką malinową;323.44;7.31;28.67;9.11;3.71;1.97;0.5;11.48;na zimno;2026-09-30T19:54:27Z
2026-10-15;Wybór menu / TYPES OF VEGE;614;2000;Dieta Wegańska;Podwieczorek;1399;Baton owsiany z masłem orzechowym;433;10.28;29.75;30.12;4.27;12.71;0.28;11.3;na zimno;2026-09-30T19:54:27Z
2026-10-15;Wybór menu / TYPES OF VEGE;614;2000;Dieta Wegetariańska;Podwieczorek;732;Brownie chrupiący orzech;321.97;4.18;21.19;28.24;1.53;20.75;0.23;5.21;na zimno;2026-09-30T19:54:27Z
2026-10-15;Wybór menu / TYPES OF VEGE;614;2000;Dieta Fish Low Carb & IG;Kolacja;1377;Pasta serowa z czosnkiem, fit rolls gryczane z solą morską, papryka;332.54;13.95;18.23;29.23;2.6;3.48;0.9;6.77;na zimno;2026-09-30T19:54:27Z
2026-10-15;Wybór menu / TYPES OF VEGE;614;2000;Dieta Wegańska;Kolacja;246;Pełnoziarnista kanapka z falafelem, warzywami i serem, dipem czosnkowym;400.07;6.44;24.31;39.05;4.62;3.29;1.79;12.12;na zimno;2026-09-30T19:54:27Z
2026-10-15;Wybór menu / TYPES OF VEGE;614;2000;Dieta Wegetariańska;Kolacja;1388;Meksykańska wege quesadilla z fasolą i tofu, sriracha majo;417.48;12.67;17.36;52.37;3.44;13.02;2.32;6.35;na ciepło;2026-09-30T19:54:27Z
2026-10-16;Wybór menu / BASIC;614;2000;BASIC;Śniadanie;995;Naleśnik z twarożkiem mango-marakuja, kiwi;580.25;25.69;17.39;78.63;2.67;26.56;0.33;4.01;ciepło/zimno;2026-10-01T10:14:20Z
2026-10-16;Wybór menu / BASIC;614;2000;Dieta Active Pro;Śniadanie;1409;Pasztet drobiowy z pistacjami, twarożek chrzanowy, chleb żytni razowy, ogórek kiszony;414.28;31.29;17.05;33.9;6.78;4.34;1.78;1;na zimno;2026-10-01T10:14:20Z
2026-10-16;Wybór menu / BASIC;614;2000;Dieta Light;Śniadanie;1113;Ryżanka bananowa, konfitura marakuja, chipsy kokosowe;515.37;8.83;20.31;79.06;6.56;8.89;0.1;16.36;ciepło/zimno;2026-10-01T10:14:20Z
2026-10-16;Wybór menu / BASIC;614;2000;BASIC;II śniadanie;1410;Sałatka z mini mozzarellą, pomidorkami, cebulą czerwoną i orzechem włoskim, winegret orzechowy;357.07;14.84;28.08;11.26;1.76;8.22;1.05;9.3;na zimno;2026-10-01T10:14:20Z
2026-10-16;Wybór menu / BASIC;614;2000;Dieta Active Pro;II śniadanie;2;Owoce leśne - shake proteinowy;187.58;14.22;3.86;22.74;4.11;16.81;0.26;2.37;na zimno;2026-10-01T10:14:20Z
2026-10-16;Wybór menu / BASIC;614;2000;Dieta Light;II śniadanie;50;Kanapka z pastą jajeczną z serem cheddar i szczypiorkiem, pomidorki;365.49;19;18.19;30.62;2.5;2.98;1.43;3.86;na zimno;2026-10-01T10:14:20Z
2026-10-16;Wybór menu / BASIC;614;2000;BASIC;Obiad;1411;Ryba w panierce z serem, cząstki ziemniaczane, colesław, dip sriracha-mayo;542.19;25.07;20.61;63.01;6.17;7.35;1.11;3.32;na ciepło;2026-10-01T10:14:20Z
2026-10-16;Wybór menu / BASIC;614;2000;Dieta Active Pro;Obiad;974;Makaron ryżowy z kurczakiem, sosem warzywnym z curry, brokułem i orzechami arachidowymi;600.39;44.68;17.26;66.42;6.32;10.56;2;3.31;na ciepło;2026-10-01T10:14:20Z
2026-10-16;Wybór menu / BASIC;614;2000;Dieta Light;Obiad;1412;Filet z piersi kurczaka w sosie marchewkowym, puree ziemniaczane, brokuł z pary;435.48;41.99;16.97;28.93;5.92;3.47;1.18;6.59;na ciepło;2026-10-01T10:14:20Z
2026-10-16;Wybór menu / BASIC;614;2000;BASIC;Podwieczorek;436;Ciasto czekoladowa Stefanka;257.22;4.38;16.26;24.43;3.9;6.75;0.36;6.81;na zimno;2026-10-01T10:14:20Z
2026-10-16;Wybór menu / BASIC;614;2000;Dieta Active Pro;Podwieczorek;1413;Skyrnik z morelami;305.13;17.66;15.54;23.66;1.02;10.87;0.27;4.3;na zimno;2026-10-01T10:14:20Z
2026-10-16;Wybór menu / BASIC;614;2000;Dieta Light;Podwieczorek;1414;Dyniowa drożdżówka z cynamonem;303.1;5.92;9.54;47.15;2.89;12.47;0.11;5.9;na zimno;2026-10-01T10:14:20Z
2026-10-16;Wybór menu / BASIC;614;2000;BASIC;Kolacja;1415;Zupa krem z soczewicy z dynią, marchewką i curry, nasiona słonecznika;270.36;10.44;16.87;18.88;6.17;4.59;1.1;7.34;na ciepło;2026-10-01T10:14:20Z
2026-10-16;Wybór menu / BASIC;614;2000;Dieta Active Pro;Kolacja;1239;Wrap po meksykańsku z mieloną wołowiną, dip 1000 wysp;467.16;32.38;18.42;42.67;3.03;7.19;1.93;6.36;ciepło/zimno;2026-10-01T10:14:20Z
2026-10-16;Wybór menu / BASIC;614;2000;Dieta Light;Kolacja;1416;Pasztet drobiowy z czarnuszką, bułka graham, twarożek z rzodkiewką i koperkiem, ogórek;352.18;28.29;12.03;31.55;3.39;4.64;1.04;0.86;na zimno;2026-10-01T10:14:20Z
2026-10-16;Wybór menu / COMFORT;614;2000;COMFORT;Śniadanie;995;Naleśnik z twarożkiem mango-marakuja, kiwi;580.25;25.69;17.39;78.63;2.67;26.56;0.33;4.01;ciepło/zimno;2026-10-01T10:14:20Z
2026-10-16;Wybór menu / COMFORT;614;2000;Dieta Active Pro;Śniadanie;1409;Pasztet drobiowy z pistacjami, twarożek chrzanowy, chleb żytni razowy, ogórek kiszony;414.28;31.29;17.05;33.9;6.78;4.34;1.78;1;na zimno;2026-10-01T10:14:20Z
2026-10-16;Wybór menu / COMFORT;614;2000;Dieta Fish Low Carb & IG;Śniadanie;1417;Twarożek ze szczypiorkiem, siemieniem lnianym i sezamem, pieczywo keto, papryka;428.67;16.54;35.78;8.79;6.44;3.73;1.03;6.86;na zimno;2026-10-01T10:14:20Z
2026-10-16;Wybór menu / COMFORT;614;2000;Dieta Light;Śniadanie;1113;Ryżanka bananowa, konfitura marakuja, chipsy kokosowe;515.37;8.83;20.31;79.06;6.56;8.89;0.1;16.36;ciepło/zimno;2026-10-01T10:14:20Z
2026-10-16;Wybór menu / COMFORT;614;2000;Dieta Low Carb & IG;Śniadanie;1418;Jajko sadzone z boczkiem, chleb keto z nasionami chia, ogórek, dip koperkowy;407.82;26.7;29.3;7.18;2.29;4.8;1.47;7.9;ciepło/zimno;2026-10-01T10:14:20Z
2026-10-16;Wybór menu / COMFORT;614;2000;COMFORT;II śniadanie;1410;Sałatka z mini mozzarellą, pomidorkami, cebulą czerwoną i orzechem włoskim, winegret orzechowy;357.07;14.84;28.08;11.26;1.76;8.22;1.05;9.3;na zimno;2026-10-01T10:14:20Z
2026-10-16;Wybór menu / COMFORT;614;2000;Dieta Active Pro;II śniadanie;2;Owoce leśne - shake proteinowy;187.58;14.22;3.86;22.74;4.11;16.81;0.26;2.37;na zimno;2026-10-01T10:14:20Z
2026-10-16;Wybór menu / COMFORT;614;2000;Dieta Fish Low Carb & IG;II śniadanie;1419;Zupa Tom Kha z edamame i mini pieczarkami z makaronem ryżowym;376.95;10.75;22.17;33.82;4.99;5.17;2.66;12.37;na ciepło;2026-10-01T10:14:20Z
2026-10-16;Wybór menu / COMFORT;614;2000;Dieta Light;II śniadanie;50;Kanapka z pastą jajeczną z serem cheddar i szczypiorkiem, pomidorki;365.49;19;18.19;30.62;2.5;2.98;1.43;3.86;na zimno;2026-10-01T10:14:20Z
2026-10-16;Wybór menu / COMFORT;614;2000;Dieta Low Carb & IG;II śniadanie;1420;Jogurt cynamonowy z melonem, granola orzechowa;395.98;13.88;26.9;27.76;8.91;18.27;0.38;15.51;na zimno;2026-10-01T10:14:20Z
2026-10-16;Wybór menu / COMFORT;614;2000;COMFORT;Obiad;1411;Ryba w panierce z serem, cząstki ziemniaczane, colesław, dip sriracha-mayo;542.19;25.07;20.61;63.01;6.17;7.35;1.11;3.32;na ciepło;2026-10-01T10:14:20Z
2026-10-16;Wybór menu / COMFORT;614;2000;Dieta Active Pro;Obiad;974;Makaron ryżowy z kurczakiem, sosem warzywnym z curry, brokułem i orzechami arachidowymi;600.39;44.68;17.26;66.42;6.32;10.56;2;3.31;na ciepło;2026-10-01T10:14:20Z
2026-10-16;Wybór menu / COMFORT;614;2000;Dieta Fish Low Carb & IG;Obiad;1421;Miruna w cieście kokosowym, puree z selera z orzechem laskowym, groszek maślany, płatki migdałowe;496.34;36.86;33;14.25;11.35;7.58;1;9.01;na ciepło;2026-10-01T10:14:20Z
2026-10-16;Wybór menu / COMFORT;614;2000;Dieta Light;Obiad;1412;Filet z piersi kurczaka w sosie marchewkowym, puree ziemniaczane, brokuł z pary;435.48;41.99;16.97;28.93;5.92;3.47;1.18;6.59;na ciepło;2026-10-01T10:14:20Z
2026-10-16;Wybór menu / COMFORT;614;2000;Dieta Low Carb & IG;Obiad;1422;Kotlet mielony w sosie paprykowym, kremowe pęczotto, surówka z białej kapusty z koperkiem;548.22;37.3;34.59;20.67;8.63;4.88;1.5;13.59;na ciepło;2026-10-01T10:14:20Z
2026-10-16;Wybór menu / COMFORT;614;2000;COMFORT;Podwieczorek;436;Ciasto czekoladowa Stefanka;257.22;4.38;16.26;24.43;3.9;6.75;0.36;6.81;na zimno;2026-10-01T10:14:20Z
2026-10-16;Wybór menu / COMFORT;614;2000;Dieta Active Pro;Podwieczorek;1413;Skyrnik z morelami;305.13;17.66;15.54;23.66;1.02;10.87;0.27;4.3;na zimno;2026-10-01T10:14:20Z
2026-10-16;Wybór menu / COMFORT;614;2000;Dieta Fish Low Carb & IG;Podwieczorek;1423;Borówkowo-jagodowa ''tapioka'' konjac;237.32;2.07;19.59;15.71;1.64;4.51;0.4;9.86;na zimno;2026-10-01T10:14:20Z
2026-10-16;Wybór menu / COMFORT;614;2000;Dieta Light;Podwieczorek;1414;Dyniowa drożdżówka z cynamonem;303.1;5.92;9.54;47.15;2.89;12.47;0.11;5.9;na zimno;2026-10-01T10:14:20Z
2026-10-16;Wybór menu / COMFORT;614;2000;Dieta Low Carb & IG;Podwieczorek;1424;Twarożek szczypiorkowy, chleb żytni, pomidorki koktajlowe;251.29;22.91;2.75;33.54;6.89;6.34;1.08;0.39;na zimno;2026-10-01T10:14:20Z
2026-10-16;Wybór menu / COMFORT;614;2000;COMFORT;Kolacja;1415;Zupa krem z soczewicy z dynią, marchewką i curry, nasiona słonecznika;270.36;10.44;16.87;18.88;6.17;4.59;1.1;7.34;na ciepło;2026-10-01T10:14:20Z
2026-10-16;Wybór menu / COMFORT;614;2000;Dieta Active Pro;Kolacja;1239;Wrap po meksykańsku z mieloną wołowiną, dip 1000 wysp;467.16;32.38;18.42;42.67;3.03;7.19;1.93;6.36;ciepło/zimno;2026-10-01T10:14:20Z
2026-10-16;Wybór menu / COMFORT;614;2000;Dieta Fish Low Carb & IG;Kolacja;1425;Sałatka z tofu, serem halloumi i winegretem;442.31;23.64;33.73;9.09;1.96;3.31;1.02;2.9;na zimno;2026-10-01T10:14:20Z
2026-10-16;Wybór menu / COMFORT;614;2000;Dieta Light;Kolacja;1416;Pasztet drobiowy z czarnuszką, bułka graham, twarożek z rzodkiewką i koperkiem, ogórek;352.18;28.29;12.03;31.55;3.39;4.64;1.04;0.86;na zimno;2026-10-01T10:14:20Z
2026-10-16;Wybór menu / COMFORT;614;2000;Dieta Low Carb & IG;Kolacja;1426;Placki z kalafiora ze szpinakiem i chorizo, warzywa, ketchup z cukinii;371.5;21.17;24.55;16.39;4.59;5.22;3.11;10.99;ciepło/zimno;2026-10-01T10:14:20Z
2026-10-16;Wybór menu / KETO FUSION;614;2000;Dieta Ketogeniczna;Śniadanie;1418;Jajko sadzone z boczkiem, chleb keto z nasionami chia, ogórek, dip koperkowy;561.02;27.28;46.24;6.91;2.19;4.68;1.7;11.2;na zimno;2026-10-01T10:14:20Z
2026-10-16;Wybór menu / KETO FUSION;614;2000;Dieta Śródziemnomorska Keto;Śniadanie;1427;Twarożek szczypiorkowy, wędzony łosoś, pieczywo keto, papryka;571.61;35.35;43.39;8.54;4.55;4;4.6;8.66;na zimno;2026-10-01T10:14:20Z
2026-10-16;Wybór menu / KETO FUSION;614;2000;Dieta Ketogeniczna;Obiad;1428;Grillowana karkówka w marynacie musztardowej, sos myśliwski, grillowane warzywa, mini pieczarki;551.41;38.71;39.39;8.04;4.13;3.93;1.36;10.74;na ciepło;2026-10-01T10:14:20Z
2026-10-16;Wybór menu / KETO FUSION;614;2000;Dieta Śródziemnomorska Keto;Obiad;1429;Miruna z pieprzem cytrynowym z kruszonką słonecznikową, fasolka szparagowa z płatkami migdałów, sałatka bawarska;553.55;38.04;40.03;12.23;7.03;5.81;1.43;6.57;na ciepło;2026-10-01T10:14:20Z
2026-10-16;Wybór menu / KETO FUSION;614;2000;Dieta Ketogeniczna;Podwieczorek;1430;Twarożek szczypiorkowy, chleb keto, pomidory cherry;359.57;12.83;30.7;6.6;4.84;4.33;0.94;5.46;na zimno;2026-10-01T10:14:20Z
2026-10-16;Wybór menu / KETO FUSION;614;2000;Dieta Śródziemnomorska Keto;Podwieczorek;1431;Keto tarta karmelowo-orzechowa;317.72;8.34;28.69;6.87;4.75;2.3;0.17;14.44;na zimno;2026-10-01T10:14:20Z
2026-10-16;Wybór menu / KETO FUSION;614;2000;Dieta Ketogeniczna;Kolacja;1432;Moussaka z sosem bolońskim, dip bazyliowy;660.42;26.94;54.39;9.5;4.22;6.62;1.25;19.21;na ciepło;2026-10-01T10:14:20Z
2026-10-16;Wybór menu / KETO FUSION;614;2000;Dieta Śródziemnomorska Keto;Kolacja;1433;Sałatka z grillowanym kurczakiem, serem halloumi i pomidorkami, winegret;536.55;35.31;40.07;6.22;1.82;2.67;0.28;2.65;na zimno;2026-10-01T10:14:20Z
2026-10-16;Wybór menu / LADIES VIBES;614;2000;BASIC;Śniadanie;995;Naleśnik z twarożkiem mango-marakuja, kiwi;580.25;25.69;17.39;78.63;2.67;26.56;0.33;4.01;ciepło/zimno;2026-10-01T10:14:20Z
2026-10-16;Wybór menu / LADIES VIBES;614;2000;Dieta Active Pro;Śniadanie;1409;Pasztet drobiowy z pistacjami, twarożek chrzanowy, chleb żytni razowy, ogórek kiszony;414.28;31.29;17.05;33.9;6.78;4.34;1.78;1;na zimno;2026-10-01T10:14:20Z
2026-10-16;Wybór menu / LADIES VIBES;614;2000;Dieta Light;Śniadanie;1113;Ryżanka bananowa, konfitura marakuja, chipsy kokosowe;515.37;8.83;20.31;79.06;6.56;8.89;0.1;16.36;ciepło/zimno;2026-10-01T10:14:20Z
2026-10-16;Wybór menu / LADIES VIBES;614;2000;BASIC;II śniadanie;1410;Sałatka z mini mozzarellą, pomidorkami, cebulą czerwoną i orzechem włoskim, winegret orzechowy;357.07;14.84;28.08;11.26;1.76;8.22;1.05;9.3;na zimno;2026-10-01T10:14:20Z
2026-10-16;Wybór menu / LADIES VIBES;614;2000;Dieta Active Pro;II śniadanie;2;Owoce leśne - shake proteinowy;187.58;14.22;3.86;22.74;4.11;16.81;0.26;2.37;na zimno;2026-10-01T10:14:20Z
2026-10-16;Wybór menu / LADIES VIBES;614;2000;Dieta Light;II śniadanie;50;Kanapka z pastą jajeczną z serem cheddar i szczypiorkiem, pomidorki;365.49;19;18.19;30.62;2.5;2.98;1.43;3.86;na zimno;2026-10-01T10:14:20Z
2026-10-16;Wybór menu / LADIES VIBES;614;2000;BASIC;Obiad;1411;Ryba w panierce z serem, cząstki ziemniaczane, colesław, dip sriracha-mayo;542.19;25.07;20.61;63.01;6.17;7.35;1.11;3.32;na ciepło;2026-10-01T10:14:20Z
2026-10-16;Wybór menu / LADIES VIBES;614;2000;Dieta Active Pro;Obiad;974;Makaron ryżowy z kurczakiem, sosem warzywnym z curry, brokułem i orzechami arachidowymi;600.39;44.68;17.26;66.42;6.32;10.56;2;3.31;na ciepło;2026-10-01T10:14:20Z
2026-10-16;Wybór menu / LADIES VIBES;614;2000;Dieta Light;Obiad;1412;Filet z piersi kurczaka w sosie marchewkowym, puree ziemniaczane, brokuł z pary;435.48;41.99;16.97;28.93;5.92;3.47;1.18;6.59;na ciepło;2026-10-01T10:14:20Z
2026-10-16;Wybór menu / LADIES VIBES;614;2000;BASIC;Podwieczorek;436;Ciasto czekoladowa Stefanka;257.22;4.38;16.26;24.43;3.9;6.75;0.36;6.81;na zimno;2026-10-01T10:14:20Z
2026-10-16;Wybór menu / LADIES VIBES;614;2000;Dieta Active Pro;Podwieczorek;1413;Skyrnik z morelami;305.13;17.66;15.54;23.66;1.02;10.87;0.27;4.3;na zimno;2026-10-01T10:14:20Z
2026-10-16;Wybór menu / LADIES VIBES;614;2000;Dieta Light;Podwieczorek;1414;Dyniowa drożdżówka z cynamonem;303.1;5.92;9.54;47.15;2.89;12.47;0.11;5.9;na zimno;2026-10-01T10:14:20Z
2026-10-16;Wybór menu / LADIES VIBES;614;2000;BASIC;Kolacja;1415;Zupa krem z soczewicy z dynią, marchewką i curry, nasiona słonecznika;270.36;10.44;16.87;18.88;6.17;4.59;1.1;7.34;na ciepło;2026-10-01T10:14:20Z
2026-10-16;Wybór menu / LADIES VIBES;614;2000;Dieta Active Pro;Kolacja;1239;Wrap po meksykańsku z mieloną wołowiną, dip 1000 wysp;467.16;32.38;18.42;42.67;3.03;7.19;1.93;6.36;ciepło/zimno;2026-10-01T10:14:20Z
2026-10-16;Wybór menu / LADIES VIBES;614;2000;Dieta Light;Kolacja;1416;Pasztet drobiowy z czarnuszką, bułka graham, twarożek z rzodkiewką i koperkiem, ogórek;352.18;28.29;12.03;31.55;3.39;4.64;1.04;0.86;na zimno;2026-10-01T10:14:20Z
2026-10-16;Wybór menu / SUPREME;614;2000;Dieta Active Pro;Śniadanie;1409;Pasztet drobiowy z pistacjami, twarożek chrzanowy, chleb żytni razowy, ogórek kiszony;414.28;31.29;17.05;33.9;6.78;4.34;1.78;1;na zimno;2026-10-01T10:14:20Z
2026-10-16;Wybór menu / SUPREME;614;2000;Dieta Fish Low Carb & IG;Śniadanie;1417;Twarożek ze szczypiorkiem, siemieniem lnianym i sezamem, pieczywo keto, papryka;428.67;16.54;35.78;8.79;6.44;3.73;1.03;6.86;na zimno;2026-10-01T10:14:20Z
2026-10-16;Wybór menu / SUPREME;614;2000;Dieta Kuchnie Świata;Śniadanie;1434;Proteinowy jogurt bananowy, granola crunchy, kiwi;361.94;25.47;5.45;55.83;3.96;14;0.4;0.84;na zimno;2026-10-01T10:14:20Z
2026-10-16;Wybór menu / SUPREME;614;2000;Dieta Light;Śniadanie;1113;Ryżanka bananowa, konfitura marakuja, chipsy kokosowe;515.37;8.83;20.31;79.06;6.56;8.89;0.1;16.36;ciepło/zimno;2026-10-01T10:14:20Z
2026-10-16;Wybór menu / SUPREME;614;2000;Dieta Low Carb & IG;Śniadanie;1418;Jajko sadzone z boczkiem, chleb keto z nasionami chia, ogórek, dip koperkowy;407.82;26.7;29.3;7.18;2.29;4.8;1.47;7.9;ciepło/zimno;2026-10-01T10:14:20Z
2026-10-16;Wybór menu / SUPREME;614;2000;Dieta Top Taste;Śniadanie;730;Pasta jajeczna, bajgiel z sezamem i siemieniem lnianym, papryka;564.89;25.35;24.54;60.76;0.83;3.65;2.19;4.27;na zimno;2026-10-01T10:14:20Z
2026-10-16;Wybór menu / SUPREME;614;2000;Dieta Śródziemnomorska;Śniadanie;1435;Gofr czekoladowy, jogurt malinowy, winogrono;451.69;18.54;15.68;59.14;7.33;19.7;0.82;4.12;na zimno;2026-10-01T10:14:20Z
2026-10-16;Wybór menu / SUPREME;614;2000;SUPREME;Śniadanie;995;Naleśnik z twarożkiem mango-marakuja, kiwi;580.25;25.69;17.39;78.63;2.67;26.56;0.33;4.01;ciepło/zimno;2026-10-01T10:14:20Z
2026-10-16;Wybór menu / SUPREME;614;2000;Dieta Active Pro;II śniadanie;2;Owoce leśne - shake proteinowy;187.58;14.22;3.86;22.74;4.11;16.81;0.26;2.37;na zimno;2026-10-01T10:14:20Z
2026-10-16;Wybór menu / SUPREME;614;2000;Dieta Fish Low Carb & IG;II śniadanie;1419;Zupa Tom Kha z edamame i mini pieczarkami z makaronem ryżowym;376.95;10.75;22.17;33.82;4.99;5.17;2.66;12.37;na ciepło;2026-10-01T10:14:20Z
2026-10-16;Wybór menu / SUPREME;614;2000;Dieta Kuchnie Świata;II śniadanie;1436;Pasta z czerwonej fasoli z chilli, nachosy, papryka;337.88;10.68;14.26;42.7;7.54;6.84;2.01;1.37;na zimno;2026-10-01T10:14:20Z
2026-10-16;Wybór menu / SUPREME;614;2000;Dieta Light;II śniadanie;50;Kanapka z pastą jajeczną z serem cheddar i szczypiorkiem, pomidorki;365.49;19;18.19;30.62;2.5;2.98;1.43;3.86;na zimno;2026-10-01T10:14:20Z
2026-10-16;Wybór menu / SUPREME;614;2000;Dieta Low Carb & IG;II śniadanie;1420;Jogurt cynamonowy z melonem, granola orzechowa;395.98;13.88;26.9;27.76;8.91;18.27;0.38;15.51;na zimno;2026-10-01T10:14:20Z
2026-10-16;Wybór menu / SUPREME;614;2000;Dieta Top Taste;II śniadanie;1437;Pancakes z twarożkiem słony karmel, świeży ananas;385.95;21.7;5.85;61.52;1.98;33.05;0.46;2.32;ciepło/zimno;2026-10-01T10:14:20Z
2026-10-16;Wybór menu / SUPREME;614;2000;Dieta Śródziemnomorska;II śniadanie;1438;Sałatka z grillowanym kurczakiem, serem halloumi, pomidorkami i orzechem włoskim, winegret ziołowy;417.05;33.32;28.04;6.1;1.39;2.32;0.29;2.04;na zimno;2026-10-01T10:14:20Z
2026-10-16;Wybór menu / SUPREME;614;2000;SUPREME;II śniadanie;1410;Sałatka z mini mozzarellą, pomidorkami, cebulą czerwoną i orzechem włoskim, winegret orzechowy;357.07;14.84;28.08;11.26;1.76;8.22;1.05;9.3;na zimno;2026-10-01T10:14:20Z
2026-10-16;Wybór menu / SUPREME;614;2000;Dieta Active Pro;Obiad;974;Makaron ryżowy z kurczakiem, sosem warzywnym z curry, brokułem i orzechami arachidowymi;600.39;44.68;17.26;66.42;6.32;10.56;2;3.31;na ciepło;2026-10-01T10:14:20Z
2026-10-16;Wybór menu / SUPREME;614;2000;Dieta Fish Low Carb & IG;Obiad;1421;Miruna w cieście kokosowym, puree z selera z orzechem laskowym, groszek maślany, płatki migdałowe;496.34;36.86;33;14.25;11.35;7.58;1;9.01;na ciepło;2026-10-01T10:14:20Z
2026-10-16;Wybór menu / SUPREME;614;2000;Dieta Kuchnie Świata;Obiad;1439;Pieczone podudzia z kurczaka BBQ, opiekane ziemniaki, surówka z czerwonej kapusty;700.4;54.86;36.93;34.76;5.42;7.62;0.94;0.94;na ciepło;2026-10-01T10:14:20Z
2026-10-16;Wybór menu / SUPREME;614;2000;Dieta Light;Obiad;1412;Filet z piersi kurczaka w sosie marchewkowym, puree ziemniaczane, brokuł z pary;435.48;41.99;16.97;28.93;5.92;3.47;1.18;6.59;na ciepło;2026-10-01T10:14:20Z
2026-10-16;Wybór menu / SUPREME;614;2000;Dieta Low Carb & IG;Obiad;1422;Kotlet mielony w sosie paprykowym, kremowe pęczotto, surówka z białej kapusty z koperkiem;548.22;37.3;34.59;20.67;8.63;4.88;1.5;13.59;na ciepło;2026-10-01T10:14:20Z
2026-10-16;Wybór menu / SUPREME;614;2000;Dieta Top Taste;Obiad;118;Lasagne bolognese z serem, szpinak, pomidorki, dip czosnkowy;502.17;31.97;28.32;29.76;3.52;9.22;2.19;13.58;na ciepło;2026-10-01T10:14:20Z
2026-10-16;Wybór menu / SUPREME;614;2000;Dieta Śródziemnomorska;Obiad;437;Grillowane krewetki, risotto maślano-cytrynowe z zielonym groszkiem, płatki migdałów;505.9;32.43;23.57;41.26;6.62;6.94;3.18;11.2;na ciepło;2026-10-01T10:14:20Z
2026-10-16;Wybór menu / SUPREME;614;2000;SUPREME;Obiad;1411;Ryba w panierce z serem, cząstki ziemniaczane, colesław, dip sriracha-mayo;542.19;25.07;20.61;63.01;6.17;7.35;1.11;3.32;na ciepło;2026-10-01T10:14:20Z
2026-10-16;Wybór menu / SUPREME;614;2000;Dieta Active Pro;Podwieczorek;1413;Skyrnik z morelami;305.13;17.66;15.54;23.66;1.02;10.87;0.27;4.3;na zimno;2026-10-01T10:14:20Z
2026-10-16;Wybór menu / SUPREME;614;2000;Dieta Fish Low Carb & IG;Podwieczorek;1423;Borówkowo-jagodowa ''tapioka'' konjac;237.32;2.07;19.59;15.71;1.64;4.51;0.4;9.86;na zimno;2026-10-01T10:14:20Z
2026-10-16;Wybór menu / SUPREME;614;2000;Dieta Kuchnie Świata;Podwieczorek;1440;Makowiec japoński;320.22;9.32;25.58;13.41;4.82;11.72;0.15;8.57;na zimno;2026-10-01T10:14:20Z
2026-10-16;Wybór menu / SUPREME;614;2000;Dieta Light;Podwieczorek;1414;Dyniowa drożdżówka z cynamonem;303.1;5.92;9.54;47.15;2.89;12.47;0.11;5.9;na zimno;2026-10-01T10:14:20Z
2026-10-16;Wybór menu / SUPREME;614;2000;Dieta Low Carb & IG;Podwieczorek;1424;Twarożek szczypiorkowy, chleb żytni, pomidorki koktajlowe;251.29;22.91;2.75;33.54;6.89;6.34;1.08;0.39;na zimno;2026-10-01T10:14:20Z
2026-10-16;Wybór menu / SUPREME;614;2000;Dieta Top Taste;Podwieczorek;56;Czekoladowe ciasto z gruszką;290.76;4.76;15.77;31.45;1.8;19.03;0.72;2.5;na zimno;2026-10-01T10:14:20Z
2026-10-16;Wybór menu / SUPREME;614;2000;Dieta Śródziemnomorska;Podwieczorek;1441;Twarożek ananasowy;246.91;21.83;8.76;25.22;1.6;9.45;0.16;6.22;na zimno;2026-10-01T10:14:20Z
2026-10-16;Wybór menu / SUPREME;614;2000;SUPREME;Podwieczorek;436;Ciasto czekoladowa Stefanka;257.22;4.38;16.26;24.43;3.9;6.75;0.36;6.81;na zimno;2026-10-01T10:14:20Z
2026-10-16;Wybór menu / SUPREME;614;2000;Dieta Active Pro;Kolacja;1239;Wrap po meksykańsku z mieloną wołowiną, dip 1000 wysp;467.16;32.38;18.42;42.67;3.03;7.19;1.93;6.36;ciepło/zimno;2026-10-01T10:14:20Z
2026-10-16;Wybór menu / SUPREME;614;2000;Dieta Fish Low Carb & IG;Kolacja;1425;Sałatka z tofu, serem halloumi i winegretem;442.31;23.64;33.73;9.09;1.96;3.31;1.02;2.9;na zimno;2026-10-01T10:14:20Z
2026-10-16;Wybór menu / SUPREME;614;2000;Dieta Kuchnie Świata;Kolacja;1442;Sałatka z pieczonym burakiem, serem, orzechami włoskimi i winegretem;325.54;9.77;24.6;16.14;2.01;12.07;1.94;5.83;na zimno;2026-10-01T10:14:20Z
2026-10-16;Wybór menu / SUPREME;614;2000;Dieta Light;Kolacja;1416;Pasztet drobiowy z czarnuszką, bułka graham, twarożek z rzodkiewką i koperkiem, ogórek;352.18;28.29;12.03;31.55;3.39;4.64;1.04;0.86;na zimno;2026-10-01T10:14:20Z
2026-10-16;Wybór menu / SUPREME;614;2000;Dieta Low Carb & IG;Kolacja;1426;Placki z kalafiora ze szpinakiem i chorizo, warzywa, ketchup z cukinii;371.5;21.17;24.55;16.39;4.59;5.22;3.11;10.99;ciepło/zimno;2026-10-01T10:14:20Z
2026-10-16;Wybór menu / SUPREME;614;2000;Dieta Top Taste;Kolacja;1443;Pierogi z ziemniakami i twarogiem, prażona cebulka, sos grzybowy, natka pietruszki;431.4;15.05;14.04;59.09;3.18;3.71;0.61;4.29;na ciepło;2026-10-01T10:14:20Z
2026-10-16;Wybór menu / SUPREME;614;2000;Dieta Śródziemnomorska;Kolacja;1444;Pierogi ze szpinakiem i serem, surówka z buraków, jabłka i cebuli, płatki suszonego pomidora;437.94;16.14;14.26;59.93;9.05;9.47;1.13;4.04;na ciepło;2026-10-01T10:14:20Z
2026-10-16;Wybór menu / SUPREME;614;2000;SUPREME;Kolacja;1415;Zupa krem z soczewicy z dynią, marchewką i curry, nasiona słonecznika;270.36;10.44;16.87;18.88;6.17;4.59;1.1;7.34;na ciepło;2026-10-01T10:14:20Z
2026-10-16;Wybór menu / TYPES OF VEGE;614;2000;Dieta Fish Low Carb & IG;Śniadanie;1417;Twarożek ze szczypiorkiem, siemieniem lnianym i sezamem, pieczywo keto, papryka;428.67;16.54;35.78;8.79;6.44;3.73;1.03;6.86;na zimno;2026-10-01T10:14:20Z
2026-10-16;Wybór menu / TYPES OF VEGE;614;2000;Dieta Wegańska;Śniadanie;1445;Tost z serem i pieczarkami, smarowidło z orzechów nerkowca z cebulką, papryka;379.31;10.8;16.99;45.72;3.2;4.36;2.01;4.46;na zimno;2026-10-01T10:14:20Z
2026-10-16;Wybór menu / TYPES OF VEGE;614;2000;Dieta Wegetariańska;Śniadanie;995;Naleśnik z twarożkiem mango-marakuja, kiwi;318.95;16.65;10.8;38.26;1.57;16.45;0.23;2.78;na zimno;2026-10-01T10:14:20Z
2026-10-16;Wybór menu / TYPES OF VEGE;614;2000;Dieta Fish Low Carb & IG;II śniadanie;1419;Zupa Tom Kha z edamame i mini pieczarkami z makaronem ryżowym;376.95;10.75;22.17;33.82;4.99;5.17;2.66;12.37;na ciepło;2026-10-01T10:14:20Z
2026-10-16;Wybór menu / TYPES OF VEGE;614;2000;Dieta Wegańska;II śniadanie;1446;Sałatka z pieczoną cieciorką, kaszą kuskus, suszonymi pomidorami i ogórkiem, winegret;294.48;7.29;17.41;26.92;4.06;5.89;0.54;1.32;na zimno;2026-10-01T10:14:20Z
2026-10-16;Wybór menu / TYPES OF VEGE;614;2000;Dieta Wegetariańska;II śniadanie;1113;Ryżanka bananowa, konfitura marakuja, chipsy kokosowe;333.6;6.64;12.34;53.62;3.42;8.29;0.1;9.66;na zimno;2026-10-01T10:14:20Z
2026-10-16;Wybór menu / TYPES OF VEGE;614;2000;Dieta Fish Low Carb & IG;Obiad;1421;Miruna w cieście kokosowym, puree z selera z orzechem laskowym, groszek maślany, płatki migdałowe;496.34;36.86;33;14.25;11.35;7.58;1;9.01;na ciepło;2026-10-01T10:14:20Z
2026-10-16;Wybór menu / TYPES OF VEGE;614;2000;Dieta Wegańska;Obiad;1447;Klopsiki z czerwonej fasoli w sosie grzybowym, colesław;543.69;13.17;26.09;63.14;11.43;5.62;1.8;10.2;na ciepło;2026-10-01T10:14:20Z
2026-10-16;Wybór menu / TYPES OF VEGE;614;2000;Dieta Wegetariańska;Obiad;1448;Pierogi z soczewicą i suszonymi pomidorami, surówka z selera z żurawiną, jogurt grecki;508.47;16.69;18.26;67.27;9.62;12.75;1.16;4.38;na ciepło;2026-10-01T10:14:20Z
2026-10-16;Wybór menu / TYPES OF VEGE;614;2000;Dieta Fish Low Carb & IG;Podwieczorek;1423;Borówkowo-jagodowa ''tapioka'' konjac;237.32;2.07;19.59;15.71;1.64;4.51;0.4;9.86;na zimno;2026-10-01T10:14:20Z
2026-10-16;Wybór menu / TYPES OF VEGE;614;2000;Dieta Wegańska;Podwieczorek;1449;Trufle czekoladowe z fasoli;342.75;11.69;14.66;39.6;8.9;31.63;0.47;4.01;na zimno;2026-10-01T10:14:20Z
2026-10-16;Wybór menu / TYPES OF VEGE;614;2000;Dieta Wegetariańska;Podwieczorek;1440;Makowiec japoński;404.83;12.23;31.1;18.46;7.23;15.74;0.27;9.46;na zimno;2026-10-01T10:14:20Z
2026-10-16;Wybór menu / TYPES OF VEGE;614;2000;Dieta Fish Low Carb & IG;Kolacja;1425;Sałatka z tofu, serem halloumi i winegretem;442.31;23.64;33.73;9.09;1.96;3.31;1.02;2.9;na zimno;2026-10-01T10:14:20Z
2026-10-16;Wybór menu / TYPES OF VEGE;614;2000;Dieta Wegańska;Kolacja;1450;Makaron ryżowy z sosem słodko-kwaśnym z roślinnym kurczakiem, brokułem i orzechami arachidowymi;460.25;29.32;19.44;41.27;7.74;9.13;2.45;2.08;na ciepło;2026-10-01T10:14:20Z
2026-10-16;Wybór menu / TYPES OF VEGE;614;2000;Dieta Wegetariańska;Kolacja;1451;Placek ziemniaczany po węgiersku, kwaśna śmietana pietruszkowa;410.1;10.44;19.59;45.89;4.38;5.64;0.81;5.53;na ciepło;2026-10-01T10:14:20Z
2026-10-17;Wybór menu / BASIC;614;2000;BASIC;Śniadanie;975;Marchewkowe pancakes, twarożek cynamonowy, sos truskawkowy;434.65;25.86;12.01;54.64;2.03;22.4;0.52;1.92;ciepło/zimno;2026-10-01T10:14:20Z
2026-10-17;Wybór menu / BASIC;614;2000;Dieta Active Pro;Śniadanie;1452;Kanapka z chlebem wiejskim, polędwicą z komina, pastą serową i ogórkiem konserwowym;413.48;37.05;10.43;42.61;2.91;7.38;4.48;3.13;na zimno;2026-10-01T10:14:20Z
2026-10-17;Wybór menu / BASIC;614;2000;Dieta Light;Śniadanie;1453;Szakszuka z cukinią, masło koperkowe, chleb pita;441.61;19.31;20.86;43;1.19;8.08;1.71;8.56;ciepło/zimno;2026-10-01T10:14:20Z
2026-10-17;Wybór menu / BASIC;614;2000;BASIC;II śniadanie;1454;Hummus paprykowy, mini wafle kukurydziane, warzywa;367.04;10.86;17.26;41.67;9.18;3.77;1.27;1.59;na zimno;2026-10-01T10:14:20Z
2026-10-17;Wybór menu / BASIC;614;2000;Dieta Active Pro;II śniadanie;1093;Proteinowy jogurt malinowy, granola crunchy, winogrona;376.37;24.68;4.81;56.14;4.7;39.04;0.42;0.84;na zimno;2026-10-01T10:14:20Z
2026-10-17;Wybór menu / BASIC;614;2000;Dieta Light;II śniadanie;1455;Muffinki ananasowe, dip jogurtowy z marakują, kiwi;285.67;22.56;7.74;34.79;1.62;11.94;0.24;3.96;ciepło/zimno;2026-10-01T10:14:20Z
2026-10-17;Wybór menu / BASIC;614;2000;BASIC;Obiad;967;Makaron farfalle z indykiem w sosie z batatów z suszonymi pomidorami, ser włoski;593.71;42.47;23.21;53.23;3.83;4.88;1.08;7.03;na ciepło;2026-10-01T10:14:20Z
2026-10-17;Wybór menu / BASIC;614;2000;Dieta Active Pro;Obiad;1456;Polędwiczka wieprzowa w sosie porowym, ziemniaczki pieczone, surówka wiosenna;442.19;39.01;17.61;30.1;5.52;3.71;0.73;5.99;na ciepło;2026-10-01T10:14:20Z
2026-10-17;Wybór menu / BASIC;614;2000;Dieta Light;Obiad;1457;Filet z kurczaka w sosie paprykowym, kasza bulgur z warzywami, mizeria;420.03;44.43;13.55;29.84;9.4;5.51;0.74;4.15;na ciepło;2026-10-01T10:14:20Z
2026-10-17;Wybór menu / BASIC;614;2000;BASIC;Podwieczorek;1458;Ciasto fit viking;268.31;5.87;17.35;25.17;0.36;8.28;0.15;10.75;na zimno;2026-10-01T10:14:20Z
2026-10-17;Wybór menu / BASIC;614;2000;Dieta Active Pro;Podwieczorek;4;Batonik owsiany z czekoladą;337.87;10.24;18.16;33.55;2.79;19.16;0.2;4.46;na zimno;2026-10-01T10:14:20Z
2026-10-17;Wybór menu / BASIC;614;2000;Dieta Light;Podwieczorek;1459;Lekkie ciasto z jabłkami;440.01;7.29;20.01;56.42;2.13;21.94;0.25;2.18;na zimno;2026-10-01T10:14:20Z
2026-10-17;Wybór menu / BASIC;614;2000;BASIC;Kolacja;1460;Kaszotto grzybowe z pieczonym kurczakiem i serem włoskim;390.53;32.51;13.02;35.56;3.69;1.99;1.3;6.53;na ciepło;2026-10-01T10:14:20Z
2026-10-17;Wybór menu / BASIC;614;2000;Dieta Active Pro;Kolacja;1461;Moussaka z wołowiną, dip czosnkowy;417.2;37.51;21.24;18.83;2.81;7.74;1.03;8.29;na ciepło;2026-10-01T10:14:20Z
2026-10-17;Wybór menu / BASIC;614;2000;Dieta Light;Kolacja;1116;Sałatka jarzynowa z kurczakiem, bułeczka musli;484.68;36.07;20.61;35.82;6.64;8.22;1.81;2.2;na zimno;2026-10-01T10:14:20Z
2026-10-17;Wybór menu / COMFORT;614;2000;COMFORT;Śniadanie;975;Marchewkowe pancakes, twarożek cynamonowy, sos truskawkowy;434.65;25.86;12.01;54.64;2.03;22.4;0.52;1.92;ciepło/zimno;2026-10-01T10:14:20Z
2026-10-17;Wybór menu / COMFORT;614;2000;Dieta Active Pro;Śniadanie;1452;Kanapka z chlebem wiejskim, polędwicą z komina, pastą serową i ogórkiem konserwowym;413.48;37.05;10.43;42.61;2.91;7.38;4.48;3.13;na zimno;2026-10-01T10:14:20Z
2026-10-17;Wybór menu / COMFORT;614;2000;Dieta Fish Low Carb & IG;Śniadanie;1462;Jajko na twardo, twarożek ziołowy, pieczywo keto i pomidorki;377.56;27.5;25.67;7.51;4.88;4.69;1.09;8.03;ciepło/zimno;2026-10-01T10:14:20Z
2026-10-17;Wybór menu / COMFORT;614;2000;Dieta Light;Śniadanie;1453;Szakszuka z cukinią, masło koperkowe, chleb pita;441.61;19.31;20.86;43;1.19;8.08;1.71;8.56;ciepło/zimno;2026-10-01T10:14:20Z
2026-10-17;Wybór menu / COMFORT;614;2000;Dieta Low Carb & IG;Śniadanie;1463;Chleb keto, pieczony schab w marynacie musztardowej, masło ziołowe, ogórek;458.5;35.95;30.32;6.68;6.35;3.76;1.24;6.83;na zimno;2026-10-01T10:14:20Z
2026-10-17;Wybór menu / COMFORT;614;2000;COMFORT;II śniadanie;1454;Hummus paprykowy, mini wafle kukurydziane, warzywa;367.04;10.86;17.26;41.67;9.18;3.77;1.27;1.59;na zimno;2026-10-01T10:14:20Z
2026-10-17;Wybór menu / COMFORT;614;2000;Dieta Active Pro;II śniadanie;1093;Proteinowy jogurt malinowy, granola crunchy, winogrona;376.37;24.68;4.81;56.14;4.7;39.04;0.42;0.84;na zimno;2026-10-01T10:14:20Z
2026-10-17;Wybór menu / COMFORT;614;2000;Dieta Fish Low Carb & IG;II śniadanie;748;Czarna porzeczka - shake proteinowy;185.17;9.28;4.18;27.07;4.22;19.35;0.24;2.76;na zimno;2026-10-01T10:14:20Z
2026-10-17;Wybór menu / COMFORT;614;2000;Dieta Light;II śniadanie;1455;Muffinki ananasowe, dip jogurtowy z marakują, kiwi;285.67;22.56;7.74;34.79;1.62;11.94;0.24;3.96;ciepło/zimno;2026-10-01T10:14:20Z
2026-10-17;Wybór menu / COMFORT;614;2000;Dieta Low Carb & IG;II śniadanie;139;Pudding chia waniliowy z konfiturą malinową, płatki migdałowe;234.24;11.04;12.39;19.28;7.89;12.12;0.19;4.34;na zimno;2026-10-01T10:14:20Z
2026-10-17;Wybór menu / COMFORT;614;2000;COMFORT;Obiad;967;Makaron farfalle z indykiem w sosie z batatów z suszonymi pomidorami, ser włoski;593.71;42.47;23.21;53.23;3.83;4.88;1.08;7.03;na ciepło;2026-10-01T10:14:20Z
2026-10-17;Wybór menu / COMFORT;614;2000;Dieta Active Pro;Obiad;1456;Polędwiczka wieprzowa w sosie porowym, ziemniaczki pieczone, surówka wiosenna;442.19;39.01;17.61;30.1;5.52;3.71;0.73;5.99;na ciepło;2026-10-01T10:14:20Z
2026-10-17;Wybór menu / COMFORT;614;2000;Dieta Fish Low Carb & IG;Obiad;1464;Klopsiki z łososiem w orientalnym sosie pomidorowym, ryż basmati z czarną soczewicą, brokuł z czosnkiem;541.92;30.5;24.84;47.69;10.15;3.49;1.78;4.94;na ciepło;2026-10-01T10:14:20Z
2026-10-17;Wybór menu / COMFORT;614;2000;Dieta Light;Obiad;1457;Filet z kurczaka w sosie paprykowym, kasza bulgur z warzywami, mizeria;420.03;44.43;13.55;29.84;9.4;5.51;0.74;4.15;na ciepło;2026-10-01T10:14:20Z
2026-10-17;Wybór menu / COMFORT;614;2000;Dieta Low Carb & IG;Obiad;1465;Filet z kurczaka, risotto curry, warzywa stir fry w orientalnym sosie pomidorowym, sezam;578.53;42.72;24.04;47;5.12;5.56;2.48;8.72;na ciepło;2026-10-01T10:14:20Z
2026-10-17;Wybór menu / COMFORT;614;2000;COMFORT;Podwieczorek;1458;Ciasto fit viking;268.31;5.87;17.35;25.17;0.36;8.28;0.15;10.75;na zimno;2026-10-01T10:14:20Z
2026-10-17;Wybór menu / COMFORT;614;2000;Dieta Active Pro;Podwieczorek;4;Batonik owsiany z czekoladą;337.87;10.24;18.16;33.55;2.79;19.16;0.2;4.46;na zimno;2026-10-01T10:14:20Z
2026-10-17;Wybór menu / COMFORT;614;2000;Dieta Fish Low Carb & IG;Podwieczorek;940;Kokosowy pudding chia z czekoladą i orzechami arachidowymi;433.52;10.97;37.58;13.35;8.79;4.73;0.21;18.81;na zimno;2026-10-01T10:14:20Z
2026-10-17;Wybór menu / COMFORT;614;2000;Dieta Light;Podwieczorek;1459;Lekkie ciasto z jabłkami;440.01;7.29;20.01;56.42;2.13;21.94;0.25;2.18;na zimno;2026-10-01T10:14:20Z
2026-10-17;Wybór menu / COMFORT;614;2000;Dieta Low Carb & IG;Podwieczorek;386;Sałatka z jajkiem gotowanym, polędwicą wieprzową, pomidorkami i dipem czosnkowym;318.58;32.03;17.67;6.96;0.92;4.27;0.58;4.24;na zimno;2026-10-01T10:14:20Z
2026-10-17;Wybór menu / COMFORT;614;2000;COMFORT;Kolacja;1460;Kaszotto grzybowe z pieczonym kurczakiem i serem włoskim;390.53;32.51;13.02;35.56;3.69;1.99;1.3;6.53;na ciepło;2026-10-01T10:14:20Z
2026-10-17;Wybór menu / COMFORT;614;2000;Dieta Active Pro;Kolacja;1461;Moussaka z wołowiną, dip czosnkowy;417.2;37.51;21.24;18.83;2.81;7.74;1.03;8.29;na ciepło;2026-10-01T10:14:20Z
2026-10-17;Wybór menu / COMFORT;614;2000;Dieta Fish Low Carb & IG;Kolacja;1466;Pancakes prowansalskie, pasta z tuńczykiem i szczypiorkiem, papryka;401.57;21.24;30.57;9.02;5.72;3.43;1.32;5.11;ciepło/zimno;2026-10-01T10:14:20Z
2026-10-17;Wybór menu / COMFORT;614;2000;Dieta Light;Kolacja;1116;Sałatka jarzynowa z kurczakiem, bułeczka musli;484.68;36.07;20.61;35.82;6.64;8.22;1.81;2.2;na zimno;2026-10-01T10:14:20Z
2026-10-17;Wybór menu / COMFORT;614;2000;Dieta Low Carb & IG;Kolacja;1467;Naleśniki z farszem bolognese, pomidorki;558.92;27.17;34.26;27.74;4.03;4.07;0.59;10.12;na ciepło;2026-10-01T10:14:20Z
2026-10-17;Wybór menu / KETO FUSION;614;2000;Dieta Ketogeniczna;Śniadanie;1467;Naleśniki z farszem bolognese, pomidorki;498.25;23.91;39.99;5.2;2.89;3.23;0.6;13.56;ciepło/zimno;2026-10-01T10:14:20Z
2026-10-17;Wybór menu / KETO FUSION;614;2000;Dieta Śródziemnomorska Keto;Śniadanie;1468;Jajko sadzone ze szczypiorem, chleb keto, twarożek ziołowy, papryka;367.39;25.74;24.96;8.37;4.79;2.62;1.24;7.62;ciepło/zimno;2026-10-01T10:14:20Z
2026-10-17;Wybór menu / KETO FUSION;614;2000;Dieta Ketogeniczna;Obiad;1469;Filet z kurczaka, puree z kalafiora, warzywa stir fry w pomidorowym sosie orientalnym, sezam;613.55;37.53;46.6;10.7;7.16;6.3;1.2;17.48;na ciepło;2026-10-01T10:14:20Z
2026-10-17;Wybór menu / KETO FUSION;614;2000;Dieta Śródziemnomorska Keto;Obiad;1470;Pieczony udziec z indyka w sosie porowym, ser bałkański, pomidor z oliwą z oliwek;709.3;40.74;57.47;7.41;2.1;5.68;2.84;17.45;na ciepło;2026-10-01T10:14:20Z
2026-10-17;Wybór menu / KETO FUSION;614;2000;Dieta Ketogeniczna;Podwieczorek;1471;Zupa porowo-serowa z pulpecikami wołowymi;492.97;30.26;37.06;9.43;2.74;5.68;2.66;17.06;na ciepło;2026-10-01T10:14:20Z
2026-10-17;Wybór menu / KETO FUSION;614;2000;Dieta Śródziemnomorska Keto;Podwieczorek;1472;Czekoladowa pianka a'la marshmallow keto;337.52;6.3;32.28;4.95;1.46;2.64;0.09;20.97;na zimno;2026-10-01T10:14:20Z
2026-10-17;Wybór menu / KETO FUSION;614;2000;Dieta Ketogeniczna;Kolacja;1463;Chleb keto, pieczony schab w marynacie musztardowej, masło ziołowe, ogórek;498.92;29.67;39.73;4.22;4.49;2.08;0.86;16.5;na zimno;2026-10-01T10:14:20Z
2026-10-17;Wybór menu / KETO FUSION;614;2000;Dieta Śródziemnomorska Keto;Kolacja;1473;Serowe placki z cukinią, sos czosnkowy, grillowane pieczarki;605.98;17.27;54.91;9.94;6.89;7.46;1.61;15.22;ciepło/zimno;2026-10-01T10:14:20Z
2026-10-17;Wybór menu / LADIES VIBES;614;2000;BASIC;Śniadanie;975;Marchewkowe pancakes, twarożek cynamonowy, sos truskawkowy;434.65;25.86;12.01;54.64;2.03;22.4;0.52;1.92;ciepło/zimno;2026-10-01T10:14:20Z
2026-10-17;Wybór menu / LADIES VIBES;614;2000;Dieta Active Pro;Śniadanie;1452;Kanapka z chlebem wiejskim, polędwicą z komina, pastą serową i ogórkiem konserwowym;413.48;37.05;10.43;42.61;2.91;7.38;4.48;3.13;na zimno;2026-10-01T10:14:20Z
2026-10-17;Wybór menu / LADIES VIBES;614;2000;Dieta Light;Śniadanie;1453;Szakszuka z cukinią, masło koperkowe, chleb pita;441.61;19.31;20.86;43;1.19;8.08;1.71;8.56;ciepło/zimno;2026-10-01T10:14:20Z
2026-10-17;Wybór menu / LADIES VIBES;614;2000;BASIC;II śniadanie;1454;Hummus paprykowy, mini wafle kukurydziane, warzywa;367.04;10.86;17.26;41.67;9.18;3.77;1.27;1.59;na zimno;2026-10-01T10:14:20Z
2026-10-17;Wybór menu / LADIES VIBES;614;2000;Dieta Active Pro;II śniadanie;1093;Proteinowy jogurt malinowy, granola crunchy, winogrona;376.37;24.68;4.81;56.14;4.7;39.04;0.42;0.84;na zimno;2026-10-01T10:14:20Z
2026-10-17;Wybór menu / LADIES VIBES;614;2000;Dieta Light;II śniadanie;1455;Muffinki ananasowe, dip jogurtowy z marakują, kiwi;285.67;22.56;7.74;34.79;1.62;11.94;0.24;3.96;ciepło/zimno;2026-10-01T10:14:20Z
2026-10-17;Wybór menu / LADIES VIBES;614;2000;BASIC;Obiad;967;Makaron farfalle z indykiem w sosie z batatów z suszonymi pomidorami, ser włoski;593.71;42.47;23.21;53.23;3.83;4.88;1.08;7.03;na ciepło;2026-10-01T10:14:20Z
2026-10-17;Wybór menu / LADIES VIBES;614;2000;Dieta Active Pro;Obiad;1456;Polędwiczka wieprzowa w sosie porowym, ziemniaczki pieczone, surówka wiosenna;442.19;39.01;17.61;30.1;5.52;3.71;0.73;5.99;na ciepło;2026-10-01T10:14:20Z
2026-10-17;Wybór menu / LADIES VIBES;614;2000;Dieta Light;Obiad;1457;Filet z kurczaka w sosie paprykowym, kasza bulgur z warzywami, mizeria;420.03;44.43;13.55;29.84;9.4;5.51;0.74;4.15;na ciepło;2026-10-01T10:14:20Z
2026-10-17;Wybór menu / LADIES VIBES;614;2000;BASIC;Podwieczorek;1458;Ciasto fit viking;268.31;5.87;17.35;25.17;0.36;8.28;0.15;10.75;na zimno;2026-10-01T10:14:20Z
2026-10-17;Wybór menu / LADIES VIBES;614;2000;Dieta Active Pro;Podwieczorek;4;Batonik owsiany z czekoladą;337.87;10.24;18.16;33.55;2.79;19.16;0.2;4.46;na zimno;2026-10-01T10:14:20Z
2026-10-17;Wybór menu / LADIES VIBES;614;2000;Dieta Light;Podwieczorek;1459;Lekkie ciasto z jabłkami;440.01;7.29;20.01;56.42;2.13;21.94;0.25;2.18;na zimno;2026-10-01T10:14:20Z
2026-10-17;Wybór menu / LADIES VIBES;614;2000;BASIC;Kolacja;1460;Kaszotto grzybowe z pieczonym kurczakiem i serem włoskim;390.53;32.51;13.02;35.56;3.69;1.99;1.3;6.53;na ciepło;2026-10-01T10:14:20Z
2026-10-17;Wybór menu / LADIES VIBES;614;2000;Dieta Active Pro;Kolacja;1461;Moussaka z wołowiną, dip czosnkowy;417.2;37.51;21.24;18.83;2.81;7.74;1.03;8.29;na ciepło;2026-10-01T10:14:20Z
2026-10-17;Wybór menu / LADIES VIBES;614;2000;Dieta Light;Kolacja;1116;Sałatka jarzynowa z kurczakiem, bułeczka musli;484.68;36.07;20.61;35.82;6.64;8.22;1.81;2.2;na zimno;2026-10-01T10:14:20Z
2026-10-17;Wybór menu / SUPREME;614;2000;Dieta Active Pro;Śniadanie;1452;Kanapka z chlebem wiejskim, polędwicą z komina, pastą serową i ogórkiem konserwowym;413.48;37.05;10.43;42.61;2.91;7.38;4.48;3.13;na zimno;2026-10-01T10:14:20Z
2026-10-17;Wybór menu / SUPREME;614;2000;Dieta Fish Low Carb & IG;Śniadanie;1462;Jajko na twardo, twarożek ziołowy, pieczywo keto i pomidorki;377.56;27.5;25.67;7.51;4.88;4.69;1.09;8.03;ciepło/zimno;2026-10-01T10:14:20Z
2026-10-17;Wybór menu / SUPREME;614;2000;Dieta Kuchnie Świata;Śniadanie;1474;Pasztet drobiowo-wieprzowy z żurawiną i orzechami, chleb słonecznikowy, surówka z kiszonego ogórka w miodzie;455.64;21.82;23.88;38.47;5.41;7.05;1.41;6.54;na zimno;2026-10-01T10:14:20Z
2026-10-17;Wybór menu / SUPREME;614;2000;Dieta Light;Śniadanie;1453;Szakszuka z cukinią, masło koperkowe, chleb pita;441.61;19.31;20.86;43;1.19;8.08;1.71;8.56;ciepło/zimno;2026-10-01T10:14:20Z
2026-10-17;Wybór menu / SUPREME;614;2000;Dieta Low Carb & IG;Śniadanie;1463;Chleb keto, pieczony schab w marynacie musztardowej, masło ziołowe, ogórek;458.5;35.95;30.32;6.68;6.35;3.76;1.24;6.83;na zimno;2026-10-01T10:14:20Z
2026-10-17;Wybór menu / SUPREME;614;2000;Dieta Top Taste;Śniadanie;217;Croissant z twarożkiem jabłkowym, konfitura malinowa;410.61;20.35;9.89;58.09;2.14;35.3;0.12;9.45;na zimno;2026-10-01T10:14:20Z
2026-10-17;Wybór menu / SUPREME;614;2000;Dieta Śródziemnomorska;Śniadanie;1475;Placki owsiane z bananem, twarożkiem truskawkowym i sosem mango-marakuja;430.57;17.41;16.36;54.84;4.36;12.86;0.65;2.53;ciepło/zimno;2026-10-01T10:14:20Z
2026-10-17;Wybór menu / SUPREME;614;2000;SUPREME;Śniadanie;975;Marchewkowe pancakes, twarożek cynamonowy, sos truskawkowy;434.65;25.86;12.01;54.64;2.03;22.4;0.52;1.92;ciepło/zimno;2026-10-01T10:14:20Z
2026-10-17;Wybór menu / SUPREME;614;2000;Dieta Active Pro;II śniadanie;1093;Proteinowy jogurt malinowy, granola crunchy, winogrona;376.37;24.68;4.81;56.14;4.7;39.04;0.42;0.84;na zimno;2026-10-01T10:14:20Z
2026-10-17;Wybór menu / SUPREME;614;2000;Dieta Fish Low Carb & IG;II śniadanie;748;Czarna porzeczka - shake proteinowy;185.17;9.28;4.18;27.07;4.22;19.35;0.24;2.76;na zimno;2026-10-01T10:14:20Z
2026-10-17;Wybór menu / SUPREME;614;2000;Dieta Kuchnie Świata;II śniadanie;1476;Pierogi z serem i malinami z jogurtem;342.64;15.38;5.97;54.41;3.46;15.96;0.21;2.43;ciepło/zimno;2026-10-01T10:14:20Z
2026-10-17;Wybór menu / SUPREME;614;2000;Dieta Light;II śniadanie;1455;Muffinki ananasowe, dip jogurtowy z marakują, kiwi;285.67;22.56;7.74;34.79;1.62;11.94;0.24;3.96;ciepło/zimno;2026-10-01T10:14:20Z
2026-10-17;Wybór menu / SUPREME;614;2000;Dieta Low Carb & IG;II śniadanie;139;Pudding chia waniliowy z konfiturą malinową, płatki migdałowe;234.24;11.04;12.39;19.28;7.89;12.12;0.19;4.34;na zimno;2026-10-01T10:14:20Z
2026-10-17;Wybór menu / SUPREME;614;2000;Dieta Top Taste;II śniadanie;116;Pudding chia z malinami;346.63;4.56;27.44;19.61;5.6;13.93;0.07;20.95;na zimno;2026-10-01T10:14:20Z
2026-10-17;Wybór menu / SUPREME;614;2000;Dieta Śródziemnomorska;II śniadanie;1367;Sałatka nicejska z tuńczykiem i sosem czosnkowym;371.64;39.84;20.15;7.78;1.36;5.25;1.83;4.38;na zimno;2026-10-01T10:14:20Z
2026-10-17;Wybór menu / SUPREME;614;2000;SUPREME;II śniadanie;1454;Hummus paprykowy, mini wafle kukurydziane, warzywa;367.04;10.86;17.26;41.67;9.18;3.77;1.27;1.59;na zimno;2026-10-01T10:14:20Z
2026-10-17;Wybór menu / SUPREME;614;2000;Dieta Active Pro;Obiad;1456;Polędwiczka wieprzowa w sosie porowym, ziemniaczki pieczone, surówka wiosenna;442.19;39.01;17.61;30.1;5.52;3.71;0.73;5.99;na ciepło;2026-10-01T10:14:20Z
2026-10-17;Wybór menu / SUPREME;614;2000;Dieta Fish Low Carb & IG;Obiad;1464;Klopsiki z łososiem w orientalnym sosie pomidorowym, ryż basmati z czarną soczewicą, brokuł z czosnkiem;541.92;30.5;24.84;47.69;10.15;3.49;1.78;4.94;na ciepło;2026-10-01T10:14:20Z
2026-10-17;Wybór menu / SUPREME;614;2000;Dieta Kuchnie Świata;Obiad;1477;Ryba panierowana z dipem tatarskim, talarkami ziemniaczanymi i duszonym groszkiem maślanym;539.36;32.66;22.29;51.54;8.32;8.45;1.55;4.32;na ciepło;2026-10-01T10:14:20Z
2026-10-17;Wybór menu / SUPREME;614;2000;Dieta Light;Obiad;1457;Filet z kurczaka w sosie paprykowym, kasza bulgur z warzywami, mizeria;420.03;44.43;13.55;29.84;9.4;5.51;0.74;4.15;na ciepło;2026-10-01T10:14:20Z
2026-10-17;Wybór menu / SUPREME;614;2000;Dieta Low Carb & IG;Obiad;1465;Filet z kurczaka, risotto curry, warzywa stir fry w orientalnym sosie pomidorowym, sezam;578.53;42.72;24.04;47;5.12;5.56;2.48;8.72;na ciepło;2026-10-01T10:14:20Z
2026-10-17;Wybór menu / SUPREME;614;2000;Dieta Top Taste;Obiad;54;Kotlet schabowy, puree ziemniaczane, kiszona kapusta z jabłkiem;500.76;36.21;15.48;53.86;5.36;7.03;1.33;4.85;na ciepło;2026-10-01T10:14:20Z
2026-10-17;Wybór menu / SUPREME;614;2000;Dieta Śródziemnomorska;Obiad;1478;Wołowina w sosie pieczeniowym, kopytka szpinakowe, surówka po żydowsku;527.31;40.9;21.92;41.44;5.72;2.67;1.62;6.44;na ciepło;2026-10-01T10:14:20Z
2026-10-17;Wybór menu / SUPREME;614;2000;SUPREME;Obiad;967;Makaron farfalle z indykiem w sosie z batatów z suszonymi pomidorami, ser włoski;593.71;42.47;23.21;53.23;3.83;4.88;1.08;7.03;na ciepło;2026-10-01T10:14:20Z
2026-10-17;Wybór menu / SUPREME;614;2000;Dieta Active Pro;Podwieczorek;4;Batonik owsiany z czekoladą;337.87;10.24;18.16;33.55;2.79;19.16;0.2;4.46;na zimno;2026-10-01T10:14:20Z
2026-10-17;Wybór menu / SUPREME;614;2000;Dieta Fish Low Carb & IG;Podwieczorek;940;Kokosowy pudding chia z czekoladą i orzechami arachidowymi;433.52;10.97;37.58;13.35;8.79;4.73;0.21;18.81;na zimno;2026-10-01T10:14:20Z
2026-10-17;Wybór menu / SUPREME;614;2000;Dieta Kuchnie Świata;Podwieczorek;206;Owocowy sernik;192.28;6.17;7.7;24.1;1.08;16.29;0.1;4.7;na zimno;2026-10-01T10:14:20Z
2026-10-17;Wybór menu / SUPREME;614;2000;Dieta Light;Podwieczorek;1459;Lekkie ciasto z jabłkami;440.01;7.29;20.01;56.42;2.13;21.94;0.25;2.18;na zimno;2026-10-01T10:14:20Z
2026-10-17;Wybór menu / SUPREME;614;2000;Dieta Low Carb & IG;Podwieczorek;386;Sałatka z jajkiem gotowanym, polędwicą wieprzową, pomidorkami i dipem czosnkowym;318.58;32.03;17.67;6.96;0.92;4.27;0.58;4.24;na zimno;2026-10-01T10:14:20Z
2026-10-17;Wybór menu / SUPREME;614;2000;Dieta Top Taste;Podwieczorek;120;Sernik cookies & cream;323.21;8.54;19.45;28.05;0.76;18.03;0.29;9.42;na zimno;2026-10-01T10:14:20Z
2026-10-17;Wybór menu / SUPREME;614;2000;Dieta Śródziemnomorska;Podwieczorek;1479;Sernikowa tarta z wiśniami;338.83;16.63;17.85;27.6;0.29;4.94;0.28;10.97;na zimno;2026-10-01T10:14:20Z
2026-10-17;Wybór menu / SUPREME;614;2000;SUPREME;Podwieczorek;1458;Ciasto fit viking;268.31;5.87;17.35;25.17;0.36;8.28;0.15;10.75;na zimno;2026-10-01T10:14:20Z
2026-10-17;Wybór menu / SUPREME;614;2000;Dieta Active Pro;Kolacja;1461;Moussaka z wołowiną, dip czosnkowy;417.2;37.51;21.24;18.83;2.81;7.74;1.03;8.29;na ciepło;2026-10-01T10:14:20Z
2026-10-17;Wybór menu / SUPREME;614;2000;Dieta Fish Low Carb & IG;Kolacja;1466;Pancakes prowansalskie, pasta z tuńczykiem i szczypiorkiem, papryka;401.57;21.24;30.57;9.02;5.72;3.43;1.32;5.11;ciepło/zimno;2026-10-01T10:14:20Z
2026-10-17;Wybór menu / SUPREME;614;2000;Dieta Kuchnie Świata;Kolacja;1480;Pizzerinka z serem, polędwicą wieprzową, pieczarkami i papryką, dip 1000 wysp;434.75;15.2;23.07;40.36;2.51;5.32;1.62;4.58;ciepło/zimno;2026-10-01T10:14:20Z
2026-10-17;Wybór menu / SUPREME;614;2000;Dieta Light;Kolacja;1116;Sałatka jarzynowa z kurczakiem, bułeczka musli;484.68;36.07;20.61;35.82;6.64;8.22;1.81;2.2;na zimno;2026-10-01T10:14:20Z
2026-10-17;Wybór menu / SUPREME;614;2000;Dieta Low Carb & IG;Kolacja;1467;Naleśniki z farszem bolognese, pomidorki;558.92;27.17;34.26;27.74;4.03;4.07;0.59;10.12;na ciepło;2026-10-01T10:14:20Z
2026-10-17;Wybór menu / SUPREME;614;2000;Dieta Top Taste;Kolacja;122;Futomaki z pieczonym łososiem;558.26;18.88;9.44;84.84;1.86;15.32;5.27;2.24;na zimno;2026-10-01T10:14:20Z
2026-10-17;Wybór menu / SUPREME;614;2000;Dieta Śródziemnomorska;Kolacja;1481;Makaron spaghetti z indykiem w sosie sycylijskim z serem włoskim;366.38;29.3;10.47;38.5;7.5;11;0.63;2.39;na ciepło;2026-10-01T10:14:20Z
2026-10-17;Wybór menu / SUPREME;614;2000;SUPREME;Kolacja;1460;Kaszotto grzybowe z pieczonym kurczakiem i serem włoskim;390.53;32.51;13.02;35.56;3.69;1.99;1.3;6.53;na ciepło;2026-10-01T10:14:20Z
2026-10-17;Wybór menu / TYPES OF VEGE;614;2000;Dieta Fish Low Carb & IG;Śniadanie;1462;Jajko na twardo, twarożek ziołowy, pieczywo keto i pomidorki;377.56;27.5;25.67;7.51;4.88;4.69;1.09;8.03;ciepło/zimno;2026-10-01T10:14:20Z
2026-10-17;Wybór menu / TYPES OF VEGE;614;2000;Dieta Wegańska;Śniadanie;1482;Owsianka czekoladowo-kawowa z granolą owocową, pomarańcza;433.22;14.59;12.4;63.73;8.02;24.21;0.34;3.96;ciepło/zimno;2026-10-01T10:14:20Z
2026-10-17;Wybór menu / TYPES OF VEGE;614;2000;Dieta Wegetariańska;Śniadanie;975;Marchewkowe pancakes, twarożek cynamonowy, sos truskawkowy;438.79;25.76;12.01;55.76;2.04;23.48;0.51;1.92;ciepło/zimno;2026-10-01T10:14:20Z
2026-10-17;Wybór menu / TYPES OF VEGE;614;2000;Dieta Fish Low Carb & IG;II śniadanie;748;Czarna porzeczka - shake proteinowy;185.17;9.28;4.18;27.07;4.22;19.35;0.24;2.76;na zimno;2026-10-01T10:14:20Z
2026-10-17;Wybór menu / TYPES OF VEGE;614;2000;Dieta Wegańska;II śniadanie;1483;Kanapka ze smalczykiem z ciecierzycy i śliwki, ogórek kiszony;295.48;8.76;13.55;33.69;4.99;6.81;1.22;0.94;na zimno;2026-10-01T10:14:20Z
2026-10-17;Wybór menu / TYPES OF VEGE;614;2000;Dieta Wegetariańska;II śniadanie;1484;Hummus paprykowy, mini wafle kukurydziane, marchewka;322.12;9.61;13.41;40.39;9.15;3.93;1.18;1.26;na zimno;2026-10-01T10:14:20Z
2026-10-17;Wybór menu / TYPES OF VEGE;614;2000;Dieta Fish Low Carb & IG;Obiad;1464;Klopsiki z łososiem w orientalnym sosie pomidorowym, ryż basmati z czarną soczewicą, brokuł z czosnkiem;541.92;30.5;24.84;47.69;10.15;3.49;1.78;4.94;na ciepło;2026-10-01T10:14:20Z
2026-10-17;Wybór menu / TYPES OF VEGE;614;2000;Dieta Wegańska;Obiad;1485;Kotlety z kalafiora z sosem paprykowym, kasza bulgur, surówka z kiszonej kapusty;460.28;11.74;19.58;57.58;14.69;8.97;1.91;7.89;na ciepło;2026-10-01T10:14:20Z
2026-10-17;Wybór menu / TYPES OF VEGE;614;2000;Dieta Wegetariańska;Obiad;1486;Makaron farfalle w sosie z batatów z suszonymi pomidorami z mini mozzarellą w pesto i orzechami włoskimi;643.51;23.95;37.15;53.15;3.29;5.47;1.3;16.03;na ciepło;2026-10-01T10:14:20Z
2026-10-17;Wybór menu / TYPES OF VEGE;614;2000;Dieta Fish Low Carb & IG;Podwieczorek;940;Kokosowy pudding chia z czekoladą i orzechami arachidowymi;433.52;10.97;37.58;13.35;8.79;4.73;0.21;18.81;na zimno;2026-10-01T10:14:20Z
2026-10-17;Wybór menu / TYPES OF VEGE;614;2000;Dieta Wegańska;Podwieczorek;1487;Wegańskie ciasteczka owsiane z masłem orzechowym;343.8;7.08;16.04;41.86;3.72;23.66;0.1;9;na zimno;2026-10-01T10:14:20Z
2026-10-17;Wybór menu / TYPES OF VEGE;614;2000;Dieta Wegetariańska;Podwieczorek;1459;Lekkie ciasto z jabłkami;287.71;4.47;14.16;34.84;1.36;14.6;0.17;1.5;na zimno;2026-10-01T10:14:20Z
2026-10-17;Wybór menu / TYPES OF VEGE;614;2000;Dieta Fish Low Carb & IG;Kolacja;1466;Pancakes prowansalskie, pasta z tuńczykiem i szczypiorkiem, papryka;401.57;21.24;30.57;9.02;5.72;3.43;1.32;5.11;ciepło/zimno;2026-10-01T10:14:20Z
2026-10-17;Wybór menu / TYPES OF VEGE;614;2000;Dieta Wegańska;Kolacja;1488;Pierożki gyoza z warzywami, azjatycka marchewka z kolendrą, dip sweet chilli;441.95;17.55;8.23;71.85;8.52;15.68;2.22;0.9;na ciepło;2026-10-01T10:14:20Z
2026-10-17;Wybór menu / TYPES OF VEGE;614;2000;Dieta Wegetariańska;Kolacja;1489;Sałatka hawajska z roślinnym kurczakiem i natką pietruszki;445.9;13.38;26.4;38.41;4.89;9.92;1.81;2.17;na zimno;2026-10-01T10:14:20Z
2026-10-18;Wybór menu / BASIC;614;2000;BASIC;Śniadanie;1490;Pieczona owsianka daktylowo-czekoladowa, sos gruszkowy, orzechy włoskie;472;25.89;16.62;52.95;6.79;32.5;0.37;5.82;ciepło/zimno;2026-10-01T10:14:20Z
2026-10-18;Wybór menu / BASIC;614;2000;Dieta Active Pro;Śniadanie;1491;Jaja na twardo z twarożkiem szczypiorkowym, chleb słonecznikowy, pomidorki;394.98;33.96;12.81;35.96;4.81;6.04;1.18;2.84;na zimno;2026-10-01T10:14:20Z
2026-10-18;Wybór menu / BASIC;614;2000;Dieta Light;Śniadanie;1492;Wytrawny tost francuski, twarożek koperkowy, polędwica wieprzowa, pomidorki;471.97;43.94;13.37;44.18;1.18;9.25;1.23;5.97;ciepło/zimno;2026-10-01T10:14:20Z
2026-10-18;Wybór menu / BASIC;614;2000;BASIC;II śniadanie;1069;Pizzerinka z polędwicą wieprzową, serem i pieczarkami, dip bazyliowy;349.97;17.12;14.26;37.09;2.27;3.46;1.02;4.74;ciepło/zimno;2026-10-01T10:14:20Z
2026-10-18;Wybór menu / BASIC;614;2000;Dieta Active Pro;II śniadanie;1493;Zupa krem indyjski z czerwonej soczewicy z wieprzowymi klopsikami;325.63;23.99;13.04;28.01;5.48;3.11;1.18;7.07;na ciepło;2026-10-01T10:14:20Z
2026-10-18;Wybór menu / BASIC;614;2000;Dieta Light;II śniadanie;1494;Jogurt malinowy z musli, kiwi;400.69;11.45;14.24;54.37;5.98;37.85;0.34;4.92;na zimno;2026-10-01T10:14:20Z
2026-10-18;Wybór menu / BASIC;614;2000;BASIC;Obiad;860;Filet z kurczaka na parze w marynacie jogurtowo-musztardowej, sos śmietanowo-koperkowy, ryż basmati, surówka z czerwonej kapusty z jabłkiem;510.67;39.76;16.6;50.4;4.1;5.36;0.71;6.24;na ciepło;2026-10-01T10:14:20Z
2026-10-18;Wybór menu / BASIC;614;2000;Dieta Active Pro;Obiad;1495;Wołowina po meksykańsku z fasolą czerwoną i cheddarem, kuskus perłowy, pomidor ze śmietaną z kolendrą;557.6;36.54;24.19;45.45;4.58;6.16;1.68;8.86;na ciepło;2026-10-01T10:14:20Z
2026-10-18;Wybór menu / BASIC;614;2000;Dieta Light;Obiad;1496;Pieczony filet z indyka w sosie pieczeniowym, ziemniaki z koperkiem, bukiet warzyw;425.77;34.25;19.37;28.82;6.59;3.91;1.3;5.37;na ciepło;2026-10-01T10:14:20Z
2026-10-18;Wybór menu / BASIC;614;2000;BASIC;Podwieczorek;1497;Sernik truskawkowa straciatella;278.91;12.15;13.77;28.99;1.8;13.32;0.21;7.62;na zimno;2026-10-01T10:14:20Z
2026-10-18;Wybór menu / BASIC;614;2000;Dieta Active Pro;Podwieczorek;1498;Mango kostka z malinową galaretką;327.55;21.74;16.03;24.08;1.63;13.59;0.45;3.36;na zimno;2026-10-01T10:14:20Z
2026-10-18;Wybór menu / BASIC;614;2000;Dieta Light;Podwieczorek;1499;Sernik waniliowy;306.19;7.53;18.14;28.14;0.28;15.73;0.25;10.3;na zimno;2026-10-01T10:14:20Z
2026-10-18;Wybór menu / BASIC;614;2000;BASIC;Kolacja;1104;Quesadillas z wołowiną, cheddarem i papryką, guacamole, pomidorki koktajlowe;412.16;24.1;20.54;32.31;4.37;5.68;1.91;4.93;ciepło/zimno;2026-10-01T10:14:20Z
2026-10-18;Wybór menu / BASIC;614;2000;Dieta Active Pro;Kolacja;434;Makaron penne w sosie śmietanowym z indykiem, suszonymi pomidorami i szpinakiem, ser włoski;421.8;28.77;13.92;45.14;2.9;4.1;0.48;4.2;na ciepło;2026-10-01T10:14:20Z
2026-10-18;Wybór menu / BASIC;614;2000;Dieta Light;Kolacja;1500;Pierogi z ziemniakami i twarogiem z ziołami, dip pietruszkowy;448.72;15.09;16.37;58.56;2.53;4.34;0.46;2.75;na ciepło;2026-10-01T10:14:20Z
2026-10-18;Wybór menu / COMFORT;614;2000;COMFORT;Śniadanie;1490;Pieczona owsianka daktylowo-czekoladowa, sos gruszkowy, orzechy włoskie;472;25.89;16.62;52.95;6.79;32.5;0.37;5.82;ciepło/zimno;2026-10-01T10:14:20Z
2026-10-18;Wybór menu / COMFORT;614;2000;Dieta Active Pro;Śniadanie;1491;Jaja na twardo z twarożkiem szczypiorkowym, chleb słonecznikowy, pomidorki;394.98;33.96;12.81;35.96;4.81;6.04;1.18;2.84;na zimno;2026-10-01T10:14:20Z
2026-10-18;Wybór menu / COMFORT;614;2000;Dieta Fish Low Carb & IG;Śniadanie;1501;Smarowidło z nerkowców z cebulą smażoną, chleb żytni, ogórek kiszony;407.99;11.57;20.31;44.61;7.91;5.01;2.29;3.46;na zimno;2026-10-01T10:14:20Z
2026-10-18;Wybór menu / COMFORT;614;2000;Dieta Light;Śniadanie;1492;Wytrawny tost francuski, twarożek koperkowy, polędwica wieprzowa, pomidorki;471.97;43.94;13.37;44.18;1.18;9.25;1.23;5.97;ciepło/zimno;2026-10-01T10:14:20Z
2026-10-18;Wybór menu / COMFORT;614;2000;Dieta Low Carb & IG;Śniadanie;1502;Owsianka truskawkowa, mus czekoladowy, orzechy arachidowe;352.98;13.98;13.65;47.86;5.68;7.73;0.11;5.2;na zimno;2026-10-01T10:14:20Z
2026-10-18;Wybór menu / COMFORT;614;2000;COMFORT;II śniadanie;1069;Pizzerinka z polędwicą wieprzową, serem i pieczarkami, dip bazyliowy;349.97;17.12;14.26;37.09;2.27;3.46;1.02;4.74;ciepło/zimno;2026-10-01T10:14:20Z
2026-10-18;Wybór menu / COMFORT;614;2000;Dieta Active Pro;II śniadanie;1493;Zupa krem indyjski z czerwonej soczewicy z wieprzowymi klopsikami;325.63;23.99;13.04;28.01;5.48;3.11;1.18;7.07;na ciepło;2026-10-01T10:14:20Z
2026-10-18;Wybór menu / COMFORT;614;2000;Dieta Fish Low Carb & IG;II śniadanie;1503;Cynamonowy gofr, twarożek czekoladowy z orzechami, melon;345.34;13.81;21.51;23.84;3.14;10.28;0.51;6.11;ciepło/zimno;2026-10-01T10:14:20Z
2026-10-18;Wybór menu / COMFORT;614;2000;Dieta Light;II śniadanie;1494;Jogurt malinowy z musli, kiwi;400.69;11.45;14.24;54.37;5.98;37.85;0.34;4.92;na zimno;2026-10-01T10:14:20Z
2026-10-18;Wybór menu / COMFORT;614;2000;Dieta Low Carb & IG;II śniadanie;1504;Omlet serowy z pieczarkami, pomidorki, szpinak, dip szczypiorkowy;328.13;17.47;25.5;7.06;2.04;5.34;1;9.88;na ciepło;2026-10-01T10:14:20Z
2026-10-18;Wybór menu / COMFORT;614;2000;COMFORT;Obiad;860;Filet z kurczaka na parze w marynacie jogurtowo-musztardowej, sos śmietanowo-koperkowy, ryż basmati, surówka z czerwonej kapusty z jabłkiem;510.67;39.76;16.6;50.4;4.1;5.36;0.71;6.24;na ciepło;2026-10-01T10:14:20Z
2026-10-18;Wybór menu / COMFORT;614;2000;Dieta Active Pro;Obiad;1495;Wołowina po meksykańsku z fasolą czerwoną i cheddarem, kuskus perłowy, pomidor ze śmietaną z kolendrą;557.6;36.54;24.19;45.45;4.58;6.16;1.68;8.86;na ciepło;2026-10-01T10:14:20Z
2026-10-18;Wybór menu / COMFORT;614;2000;Dieta Fish Low Carb & IG;Obiad;1505;Pieczony łosoś z masełkiem czosnkowo-ziołowym, grillowana cukinia, mini sałatka z oliwkami;464.79;29.27;34.93;8.03;3.07;6.7;0.73;8.83;na ciepło;2026-10-01T10:14:20Z
2026-10-18;Wybór menu / COMFORT;614;2000;Dieta Light;Obiad;1496;Pieczony filet z indyka w sosie pieczeniowym, ziemniaki z koperkiem, bukiet warzyw;425.77;34.25;19.37;28.82;6.59;3.91;1.3;5.37;na ciepło;2026-10-01T10:14:20Z
2026-10-18;Wybór menu / COMFORT;614;2000;Dieta Low Carb & IG;Obiad;1506;Wołowina w sosie śmietanowo-ziołowym, batat pieczony, surówka z białej kapusty;524.48;41.81;23.99;30.38;6.71;7.55;0.85;6.26;na ciepło;2026-10-01T10:14:20Z
2026-10-18;Wybór menu / COMFORT;614;2000;COMFORT;Podwieczorek;1497;Sernik truskawkowa straciatella;278.91;12.15;13.77;28.99;1.8;13.32;0.21;7.62;na zimno;2026-10-01T10:14:20Z
2026-10-18;Wybór menu / COMFORT;614;2000;Dieta Active Pro;Podwieczorek;1498;Mango kostka z malinową galaretką;327.55;21.74;16.03;24.08;1.63;13.59;0.45;3.36;na zimno;2026-10-01T10:14:20Z
2026-10-18;Wybór menu / COMFORT;614;2000;Dieta Fish Low Carb & IG;Podwieczorek;1507;Keto ciasto z ricotty;397.28;13.94;32.23;13.8;6.35;2.05;0.51;18.81;na zimno;2026-10-01T10:14:20Z
2026-10-18;Wybór menu / COMFORT;614;2000;Dieta Light;Podwieczorek;1499;Sernik waniliowy;306.19;7.53;18.14;28.14;0.28;15.73;0.25;10.3;na zimno;2026-10-01T10:14:20Z
2026-10-18;Wybór menu / COMFORT;614;2000;Dieta Low Carb & IG;Podwieczorek;1508;Razowe penne w sosie śmietanowym z suszonymi pomidorami, prażoną dynią i grillowaną cukinią;408.93;12.8;23.16;36.86;6.93;5.57;0.59;9.21;na ciepło;2026-10-01T10:14:20Z
2026-10-18;Wybór menu / COMFORT;614;2000;COMFORT;Kolacja;1104;Quesadillas z wołowiną, cheddarem i papryką, guacamole, pomidorki koktajlowe;412.16;24.1;20.54;32.31;4.37;5.68;1.91;4.93;ciepło/zimno;2026-10-01T10:14:20Z
2026-10-18;Wybór menu / COMFORT;614;2000;Dieta Active Pro;Kolacja;434;Makaron penne w sosie śmietanowym z indykiem, suszonymi pomidorami i szpinakiem, ser włoski;421.8;28.77;13.92;45.14;2.9;4.1;0.48;4.2;na ciepło;2026-10-01T10:14:20Z
2026-10-18;Wybór menu / COMFORT;614;2000;Dieta Fish Low Carb & IG;Kolacja;1509;Placki twarogowe z pieczarkami, dip czosnkowy, papryka;334.42;17.45;21.56;17.56;2.25;7.88;1.3;8.37;ciepło/zimno;2026-10-01T10:14:20Z
2026-10-18;Wybór menu / COMFORT;614;2000;Dieta Light;Kolacja;1500;Pierogi z ziemniakami i twarogiem z ziołami, dip pietruszkowy;448.72;15.09;16.37;58.56;2.53;4.34;0.46;2.75;na ciepło;2026-10-01T10:14:20Z
2026-10-18;Wybór menu / COMFORT;614;2000;Dieta Low Carb & IG;Kolacja;1510;Leczo warzywne z kiełbasą wieprzową, serem i natką pietruszki;416.33;21.78;28.4;12.26;4.01;6.72;1.04;9.44;na ciepło;2026-10-01T10:14:20Z
2026-10-18;Wybór menu / KETO FUSION;614;2000;Dieta Ketogeniczna;Śniadanie;1511;Majerankowy schab, twarożek z rzodkiewką i koperkiem, ogórek w winegrecie, pieczywo keto;501.72;38.56;33.72;7.4;8.16;3.74;1.75;6.21;na zimno;2026-10-01T10:14:20Z
2026-10-18;Wybór menu / KETO FUSION;614;2000;Dieta Śródziemnomorska Keto;Śniadanie;1512;Pasta serowa z czosnkiem, chleb keto, pomidorki;584.05;28.42;45.21;11.76;7.33;7.64;2.28;10.64;na zimno;2026-10-01T10:14:20Z
2026-10-18;Wybór menu / KETO FUSION;614;2000;Dieta Ketogeniczna;Obiad;1513;Kotlet mielony, sos koperkowy, talarki z pietruszki, colesław;666;27.17;52.3;13.43;9.37;4.12;1.33;18.45;na ciepło;2026-10-01T10:14:20Z
2026-10-18;Wybór menu / KETO FUSION;614;2000;Dieta Śródziemnomorska Keto;Obiad;1514;Pieczony łosoś z masłem ziołowo-czosnkowym, grillowana cukinia, mini sałatka z oliwkami;597.76;37.57;46.53;7;2.9;5.17;3.18;14.23;na ciepło;2026-10-01T10:14:20Z
2026-10-18;Wybór menu / KETO FUSION;614;2000;Dieta Ketogeniczna;Podwieczorek;1515;Omlet z kiełbasą podwawelską własnego wyrobu, papryką i serem, pomidorki, dip bazyliowy;377.72;16.96;31.61;6.51;1.34;4.36;1.17;9.58;na ciepło;2026-10-01T10:14:20Z
2026-10-18;Wybór menu / KETO FUSION;614;2000;Dieta Śródziemnomorska Keto;Podwieczorek;1516;Kulki serowo-orzechowe;364.57;13.76;31.05;6.99;5.21;5.53;0.86;14.4;na zimno;2026-10-01T10:14:20Z
2026-10-18;Wybór menu / KETO FUSION;614;2000;Dieta Ketogeniczna;Kolacja;1517;Pasztet borowikowy z dziczyzną, masło ziołowe z czosnkiem, chleb czystoziarnisty, ogórek kiszony;603.5;20.82;50.4;10.04;7.01;1.89;0.73;21.27;na zimno;2026-10-01T10:14:20Z
2026-10-18;Wybór menu / KETO FUSION;614;2000;Dieta Śródziemnomorska Keto;Kolacja;1518;Sałatka z kurczakiem, camembertem, ogórkiem i orzechami włoskimi, malinowy winegret na oliwie z oliwek;566.09;35.16;44.4;6.25;1.62;1.87;0.99;16.17;na zimno;2026-10-01T10:14:20Z
2026-10-18;Wybór menu / LADIES VIBES;614;2000;BASIC;Śniadanie;1490;Pieczona owsianka daktylowo-czekoladowa, sos gruszkowy, orzechy włoskie;472;25.89;16.62;52.95;6.79;32.5;0.37;5.82;ciepło/zimno;2026-10-01T10:14:20Z
2026-10-18;Wybór menu / LADIES VIBES;614;2000;Dieta Active Pro;Śniadanie;1491;Jaja na twardo z twarożkiem szczypiorkowym, chleb słonecznikowy, pomidorki;394.98;33.96;12.81;35.96;4.81;6.04;1.18;2.84;na zimno;2026-10-01T10:14:20Z
2026-10-18;Wybór menu / LADIES VIBES;614;2000;Dieta Light;Śniadanie;1492;Wytrawny tost francuski, twarożek koperkowy, polędwica wieprzowa, pomidorki;471.97;43.94;13.37;44.18;1.18;9.25;1.23;5.97;ciepło/zimno;2026-10-01T10:14:20Z
2026-10-18;Wybór menu / LADIES VIBES;614;2000;BASIC;II śniadanie;1069;Pizzerinka z polędwicą wieprzową, serem i pieczarkami, dip bazyliowy;349.97;17.12;14.26;37.09;2.27;3.46;1.02;4.74;ciepło/zimno;2026-10-01T10:14:20Z
2026-10-18;Wybór menu / LADIES VIBES;614;2000;Dieta Active Pro;II śniadanie;1493;Zupa krem indyjski z czerwonej soczewicy z wieprzowymi klopsikami;325.63;23.99;13.04;28.01;5.48;3.11;1.18;7.07;na ciepło;2026-10-01T10:14:20Z
2026-10-18;Wybór menu / LADIES VIBES;614;2000;Dieta Light;II śniadanie;1494;Jogurt malinowy z musli, kiwi;400.69;11.45;14.24;54.37;5.98;37.85;0.34;4.92;na zimno;2026-10-01T10:14:20Z
2026-10-18;Wybór menu / LADIES VIBES;614;2000;BASIC;Obiad;860;Filet z kurczaka na parze w marynacie jogurtowo-musztardowej, sos śmietanowo-koperkowy, ryż basmati, surówka z czerwonej kapusty z jabłkiem;510.67;39.76;16.6;50.4;4.1;5.36;0.71;6.24;na ciepło;2026-10-01T10:14:20Z
2026-10-18;Wybór menu / LADIES VIBES;614;2000;Dieta Active Pro;Obiad;1495;Wołowina po meksykańsku z fasolą czerwoną i cheddarem, kuskus perłowy, pomidor ze śmietaną z kolendrą;557.6;36.54;24.19;45.45;4.58;6.16;1.68;8.86;na ciepło;2026-10-01T10:14:20Z
2026-10-18;Wybór menu / LADIES VIBES;614;2000;Dieta Light;Obiad;1496;Pieczony filet z indyka w sosie pieczeniowym, ziemniaki z koperkiem, bukiet warzyw;425.77;34.25;19.37;28.82;6.59;3.91;1.3;5.37;na ciepło;2026-10-01T10:14:20Z
2026-10-18;Wybór menu / LADIES VIBES;614;2000;BASIC;Podwieczorek;1497;Sernik truskawkowa straciatella;278.91;12.15;13.77;28.99;1.8;13.32;0.21;7.62;na zimno;2026-10-01T10:14:20Z
2026-10-18;Wybór menu / LADIES VIBES;614;2000;Dieta Active Pro;Podwieczorek;1498;Mango kostka z malinową galaretką;327.55;21.74;16.03;24.08;1.63;13.59;0.45;3.36;na zimno;2026-10-01T10:14:20Z
2026-10-18;Wybór menu / LADIES VIBES;614;2000;Dieta Light;Podwieczorek;1499;Sernik waniliowy;306.19;7.53;18.14;28.14;0.28;15.73;0.25;10.3;na zimno;2026-10-01T10:14:20Z
2026-10-18;Wybór menu / LADIES VIBES;614;2000;BASIC;Kolacja;1104;Quesadillas z wołowiną, cheddarem i papryką, guacamole, pomidorki koktajlowe;412.16;24.1;20.54;32.31;4.37;5.68;1.91;4.93;ciepło/zimno;2026-10-01T10:14:20Z
2026-10-18;Wybór menu / LADIES VIBES;614;2000;Dieta Active Pro;Kolacja;434;Makaron penne w sosie śmietanowym z indykiem, suszonymi pomidorami i szpinakiem, ser włoski;421.8;28.77;13.92;45.14;2.9;4.1;0.48;4.2;na ciepło;2026-10-01T10:14:20Z
2026-10-18;Wybór menu / LADIES VIBES;614;2000;Dieta Light;Kolacja;1500;Pierogi z ziemniakami i twarogiem z ziołami, dip pietruszkowy;448.72;15.09;16.37;58.56;2.53;4.34;0.46;2.75;na ciepło;2026-10-01T10:14:20Z
2026-10-18;Wybór menu / SUPREME;614;2000;Dieta Active Pro;Śniadanie;1491;Jaja na twardo z twarożkiem szczypiorkowym, chleb słonecznikowy, pomidorki;394.98;33.96;12.81;35.96;4.81;6.04;1.18;2.84;na zimno;2026-10-01T10:14:20Z
2026-10-18;Wybór menu / SUPREME;614;2000;Dieta Fish Low Carb & IG;Śniadanie;1501;Smarowidło z nerkowców z cebulą smażoną, chleb żytni, ogórek kiszony;407.99;11.57;20.31;44.61;7.91;5.01;2.29;3.46;na zimno;2026-10-01T10:14:20Z
2026-10-18;Wybór menu / SUPREME;614;2000;Dieta Kuchnie Świata;Śniadanie;1519;Pancakes z konfiturą brzoskwiniową, twarożek waniliowy;440.8;19.93;9.73;65.87;1.59;32.92;0.46;3.57;ciepło/zimno;2026-10-01T10:14:20Z
2026-10-18;Wybór menu / SUPREME;614;2000;Dieta Light;Śniadanie;1492;Wytrawny tost francuski, twarożek koperkowy, polędwica wieprzowa, pomidorki;471.97;43.94;13.37;44.18;1.18;9.25;1.23;5.97;ciepło/zimno;2026-10-01T10:14:20Z
2026-10-18;Wybór menu / SUPREME;614;2000;Dieta Low Carb & IG;Śniadanie;1502;Owsianka truskawkowa, mus czekoladowy, orzechy arachidowe;352.98;13.98;13.65;47.86;5.68;7.73;0.11;5.2;na zimno;2026-10-01T10:14:20Z
2026-10-18;Wybór menu / SUPREME;614;2000;Dieta Top Taste;Śniadanie;179;Burger Truflon Vikinga;581.56;23.18;31.21;51.23;3.29;11.6;1.53;10.53;na ciepło;2026-10-01T10:14:20Z
2026-10-18;Wybór menu / SUPREME;614;2000;Dieta Śródziemnomorska;Śniadanie;1520;Polędwica dojrzewająca, twarożek szczypiorkowy, bułka z ziarnami, papryka;408.14;39.81;11.43;35.1;2.92;5.83;1.37;4.19;na zimno;2026-10-01T10:14:20Z
2026-10-18;Wybór menu / SUPREME;614;2000;SUPREME;Śniadanie;1490;Pieczona owsianka daktylowo-czekoladowa, sos gruszkowy, orzechy włoskie;472;25.89;16.62;52.95;6.79;32.5;0.37;5.82;ciepło/zimno;2026-10-01T10:14:20Z
2026-10-18;Wybór menu / SUPREME;614;2000;Dieta Active Pro;II śniadanie;1493;Zupa krem indyjski z czerwonej soczewicy z wieprzowymi klopsikami;325.63;23.99;13.04;28.01;5.48;3.11;1.18;7.07;na ciepło;2026-10-01T10:14:20Z
2026-10-18;Wybór menu / SUPREME;614;2000;Dieta Fish Low Carb & IG;II śniadanie;1503;Cynamonowy gofr, twarożek czekoladowy z orzechami, melon;345.34;13.81;21.51;23.84;3.14;10.28;0.51;6.11;ciepło/zimno;2026-10-01T10:14:20Z
2026-10-18;Wybór menu / SUPREME;614;2000;Dieta Kuchnie Świata;II śniadanie;1521;Wrap z wołowiną mieloną po meksykańsku, pomidorki;459.65;26.99;18.2;46.62;3.99;6.67;2.22;4.74;ciepło/zimno;2026-10-01T10:14:20Z
2026-10-18;Wybór menu / SUPREME;614;2000;Dieta Light;II śniadanie;1494;Jogurt malinowy z musli, kiwi;400.69;11.45;14.24;54.37;5.98;37.85;0.34;4.92;na zimno;2026-10-01T10:14:20Z
2026-10-18;Wybór menu / SUPREME;614;2000;Dieta Low Carb & IG;II śniadanie;1504;Omlet serowy z pieczarkami, pomidorki, szpinak, dip szczypiorkowy;328.13;17.47;25.5;7.06;2.04;5.34;1;9.88;na ciepło;2026-10-01T10:14:20Z
2026-10-18;Wybór menu / SUPREME;614;2000;Dieta Top Taste;II śniadanie;181;Kasza manna z konfiturą jagodową;205.04;8.36;3.48;40.37;0.88;10.74;0.22;2.19;ciepło/zimno;2026-10-01T10:14:20Z
2026-10-18;Wybór menu / SUPREME;614;2000;Dieta Śródziemnomorska;II śniadanie;1522;Zupa krem z batata, soczewicy z dodatkiem mleka kokosowego, mix prażonych nasion;254.67;8.39;15.45;20.27;5.09;5.76;0.78;7.24;na ciepło;2026-10-01T10:14:20Z
2026-10-18;Wybór menu / SUPREME;614;2000;SUPREME;II śniadanie;1069;Pizzerinka z polędwicą wieprzową, serem i pieczarkami, dip bazyliowy;349.97;17.12;14.26;37.09;2.27;3.46;1.02;4.74;ciepło/zimno;2026-10-01T10:14:20Z
2026-10-18;Wybór menu / SUPREME;614;2000;Dieta Active Pro;Obiad;1495;Wołowina po meksykańsku z fasolą czerwoną i cheddarem, kuskus perłowy, pomidor ze śmietaną z kolendrą;557.6;36.54;24.19;45.45;4.58;6.16;1.68;8.86;na ciepło;2026-10-01T10:14:20Z
2026-10-18;Wybór menu / SUPREME;614;2000;Dieta Fish Low Carb & IG;Obiad;1505;Pieczony łosoś z masełkiem czosnkowo-ziołowym, grillowana cukinia, mini sałatka z oliwkami;464.79;29.27;34.93;8.03;3.07;6.7;0.73;8.83;na ciepło;2026-10-01T10:14:20Z
2026-10-18;Wybór menu / SUPREME;614;2000;Dieta Kuchnie Świata;Obiad;1523;Risotto porowe z pieczonym filetem z kurczaka, fasolką szparagową i serem włoskim;531.61;42.47;27.11;29.32;6.53;4.12;0.99;12.44;na ciepło;2026-10-01T10:14:20Z
2026-10-18;Wybór menu / SUPREME;614;2000;Dieta Light;Obiad;1496;Pieczony filet z indyka w sosie pieczeniowym, ziemniaki z koperkiem, bukiet warzyw;425.77;34.25;19.37;28.82;6.59;3.91;1.3;5.37;na ciepło;2026-10-01T10:14:20Z
2026-10-18;Wybór menu / SUPREME;614;2000;Dieta Low Carb & IG;Obiad;1506;Wołowina w sosie śmietanowo-ziołowym, batat pieczony, surówka z białej kapusty;524.48;41.81;23.99;30.38;6.71;7.55;0.85;6.26;na ciepło;2026-10-01T10:14:20Z
2026-10-18;Wybór menu / SUPREME;614;2000;Dieta Top Taste;Obiad;166;Tikka masala z kurczakiem, ryżem basmati i orzechami nerkowca;569.2;40.97;19.76;56.61;4.41;8.79;1.15;5.99;na ciepło;2026-10-01T10:14:20Z
2026-10-18;Wybór menu / SUPREME;614;2000;Dieta Śródziemnomorska;Obiad;1524;Kurczak z sosem pomidorowo-bazyliowym, kaszą orkiszową i oliwkami;481.24;43.72;15.69;41.05;8.26;2.98;0.78;1.65;na ciepło;2026-10-01T10:14:20Z
2026-10-18;Wybór menu / SUPREME;614;2000;SUPREME;Obiad;860;Filet z kurczaka na parze w marynacie jogurtowo-musztardowej, sos śmietanowo-koperkowy, ryż basmati, surówka z czerwonej kapusty z jabłkiem;510.67;39.76;16.6;50.4;4.1;5.36;0.71;6.24;na ciepło;2026-10-01T10:14:20Z
2026-10-18;Wybór menu / SUPREME;614;2000;Dieta Active Pro;Podwieczorek;1498;Mango kostka z malinową galaretką;327.55;21.74;16.03;24.08;1.63;13.59;0.45;3.36;na zimno;2026-10-01T10:14:20Z
2026-10-18;Wybór menu / SUPREME;614;2000;Dieta Fish Low Carb & IG;Podwieczorek;1507;Keto ciasto z ricotty;397.28;13.94;32.23;13.8;6.35;2.05;0.51;18.81;na zimno;2026-10-01T10:14:20Z
2026-10-18;Wybór menu / SUPREME;614;2000;Dieta Kuchnie Świata;Podwieczorek;1525;Ciasto z batatów z sernikiem czekoladowo pomarańczowym;256.8;11.64;13.88;21.87;1.97;9.99;0.26;2.24;na zimno;2026-10-01T10:14:20Z
2026-10-18;Wybór menu / SUPREME;614;2000;Dieta Light;Podwieczorek;1499;Sernik waniliowy;306.19;7.53;18.14;28.14;0.28;15.73;0.25;10.3;na zimno;2026-10-01T10:14:20Z
2026-10-18;Wybór menu / SUPREME;614;2000;Dieta Low Carb & IG;Podwieczorek;1508;Razowe penne w sosie śmietanowym z suszonymi pomidorami, prażoną dynią i grillowaną cukinią;408.93;12.8;23.16;36.86;6.93;5.57;0.59;9.21;na ciepło;2026-10-01T10:14:20Z
2026-10-18;Wybór menu / SUPREME;614;2000;Dieta Top Taste;Podwieczorek;4;Batonik owsiany z czekoladą;326.87;9.6;16.36;35.31;3.07;20.03;0.2;3.96;na zimno;2026-10-01T10:14:20Z
2026-10-18;Wybór menu / SUPREME;614;2000;Dieta Śródziemnomorska;Podwieczorek;1526;Twarożek tropikalny;398.66;34.57;18.33;28.22;3.69;13.83;0.24;13.03;na zimno;2026-10-01T10:14:20Z
2026-10-18;Wybór menu / SUPREME;614;2000;SUPREME;Podwieczorek;1497;Sernik truskawkowa straciatella;278.91;12.15;13.77;28.99;1.8;13.32;0.21;7.62;na zimno;2026-10-01T10:14:20Z
2026-10-18;Wybór menu / SUPREME;614;2000;Dieta Active Pro;Kolacja;434;Makaron penne w sosie śmietanowym z indykiem, suszonymi pomidorami i szpinakiem, ser włoski;421.8;28.77;13.92;45.14;2.9;4.1;0.48;4.2;na ciepło;2026-10-01T10:14:20Z
2026-10-18;Wybór menu / SUPREME;614;2000;Dieta Fish Low Carb & IG;Kolacja;1509;Placki twarogowe z pieczarkami, dip czosnkowy, papryka;334.42;17.45;21.56;17.56;2.25;7.88;1.3;8.37;ciepło/zimno;2026-10-01T10:14:20Z
2026-10-18;Wybór menu / SUPREME;614;2000;Dieta Kuchnie Świata;Kolacja;1527;Frittata z grzybami, szpinakiem i boczkiem, świeże warzywa;414.76;20.12;34.2;6.27;2.06;3.13;2.13;15.73;na ciepło;2026-10-01T10:14:20Z
2026-10-18;Wybór menu / SUPREME;614;2000;Dieta Light;Kolacja;1500;Pierogi z ziemniakami i twarogiem z ziołami, dip pietruszkowy;448.72;15.09;16.37;58.56;2.53;4.34;0.46;2.75;na ciepło;2026-10-01T10:14:20Z
2026-10-18;Wybór menu / SUPREME;614;2000;Dieta Low Carb & IG;Kolacja;1510;Leczo warzywne z kiełbasą wieprzową, serem i natką pietruszki;416.33;21.78;28.4;12.26;4.01;6.72;1.04;9.44;na ciepło;2026-10-01T10:14:20Z
2026-10-18;Wybór menu / SUPREME;614;2000;Dieta Top Taste;Kolacja;167;Pinsa z salami, papryką i pieczarkami, dip czosnkowy;390.38;16.23;19.17;37.22;2.24;7.14;1.9;7.48;na zimno;2026-10-01T10:14:20Z
2026-10-18;Wybór menu / SUPREME;614;2000;Dieta Śródziemnomorska;Kolacja;1528;Panierowany filet z mintaja, sos zielone curry, ryż basmati;445.92;19.51;18.98;48.97;2.65;2.64;0.66;7.71;na ciepło;2026-10-01T10:14:20Z
2026-10-18;Wybór menu / SUPREME;614;2000;SUPREME;Kolacja;1104;Quesadillas z wołowiną, cheddarem i papryką, guacamole, pomidorki koktajlowe;412.16;24.1;20.54;32.31;4.37;5.68;1.91;4.93;ciepło/zimno;2026-10-01T10:14:20Z
2026-10-18;Wybór menu / TYPES OF VEGE;614;2000;Dieta Fish Low Carb & IG;Śniadanie;1501;Smarowidło z nerkowców z cebulą smażoną, chleb żytni, ogórek kiszony;407.99;11.57;20.31;44.61;7.91;5.01;2.29;3.46;na zimno;2026-10-01T10:14:20Z
2026-10-18;Wybór menu / TYPES OF VEGE;614;2000;Dieta Wegańska;Śniadanie;1388;Meksykańska wege quesadilla z fasolą i tofu, sriracha majo;435.16;11.98;19.07;53.63;3.56;11.2;2.44;7.78;na ciepło;2026-10-01T10:14:20Z
2026-10-18;Wybór menu / TYPES OF VEGE;614;2000;Dieta Wegetariańska;Śniadanie;1529;Jaja na twardo z sosem tatarskim, chleb słonecznikowy, pomidorki;372.39;19.32;17.95;33.23;4.6;5.9;1.43;4.05;na zimno;2026-10-01T10:14:20Z
2026-10-18;Wybór menu / TYPES OF VEGE;614;2000;Dieta Fish Low Carb & IG;II śniadanie;1503;Cynamonowy gofr, twarożek czekoladowy z orzechami, melon;345.34;13.81;21.51;23.84;3.14;10.28;0.51;6.11;ciepło/zimno;2026-10-01T10:14:20Z
2026-10-18;Wybór menu / TYPES OF VEGE;614;2000;Dieta Wegańska;II śniadanie;75;Malinowy shake proteinowy;274.77;14.5;8.21;32.88;7.9;21.65;0.21;4.71;na zimno;2026-10-01T10:14:20Z
2026-10-18;Wybór menu / TYPES OF VEGE;614;2000;Dieta Wegetariańska;II śniadanie;1530;Krem z batata z soczewicą i mleczkiem kokosowym, pestki dyni;244.52;8.04;14.7;19.5;4.37;5.79;0.98;7.47;na ciepło;2026-10-01T10:14:20Z
2026-10-18;Wybór menu / TYPES OF VEGE;614;2000;Dieta Fish Low Carb & IG;Obiad;1505;Pieczony łosoś z masełkiem czosnkowo-ziołowym, grillowana cukinia, mini sałatka z oliwkami;464.79;29.27;34.93;8.03;3.07;6.7;0.73;8.83;na ciepło;2026-10-01T10:14:20Z
2026-10-18;Wybór menu / TYPES OF VEGE;614;2000;Dieta Wegańska;Obiad;1531;Falafele z cieciorki i kukurydzy w sosie pomidorowym, makaron penne, szpinak;513.26;15.45;20.35;66.83;8.24;8.24;0.87;1.94;na ciepło;2026-10-01T10:14:20Z
2026-10-18;Wybór menu / TYPES OF VEGE;614;2000;Dieta Wegetariańska;Obiad;1532;Orientalne pierogi z mięsem roślinnym, sos orzechowo-kokosowy z curry, grillowane pieczarki z cukinią;544.87;21.99;25.25;53.97;8.13;5.04;1.61;6.78;na ciepło;2026-10-01T10:14:20Z
2026-10-18;Wybór menu / TYPES OF VEGE;614;2000;Dieta Fish Low Carb & IG;Podwieczorek;1507;Keto ciasto z ricotty;397.28;13.94;32.23;13.8;6.35;2.05;0.51;18.81;na zimno;2026-10-01T10:14:20Z
2026-10-18;Wybór menu / TYPES OF VEGE;614;2000;Dieta Wegańska;Podwieczorek;1533;Wegański piernik;361.11;4.34;15.7;49.07;1.99;23.14;0.41;6.09;na zimno;2026-10-01T10:14:20Z
2026-10-18;Wybór menu / TYPES OF VEGE;614;2000;Dieta Wegetariańska;Podwieczorek;1499;Sernik waniliowy;410.33;9.13;25.15;36.78;0.37;20.26;0.33;14.44;na zimno;2026-10-01T10:14:20Z
2026-10-18;Wybór menu / TYPES OF VEGE;614;2000;Dieta Fish Low Carb & IG;Kolacja;1509;Placki twarogowe z pieczarkami, dip czosnkowy, papryka;334.42;17.45;21.56;17.56;2.25;7.88;1.3;8.37;ciepło/zimno;2026-10-01T10:14:20Z
2026-10-18;Wybór menu / TYPES OF VEGE;614;2000;Dieta Wegańska;Kolacja;1534;Smarowidło cebulkowe, chleb słonecznikowy, ogórek kiszony;387.74;14.13;20.24;36.98;4.65;3.09;1.2;11.4;na zimno;2026-10-01T10:14:20Z
2026-10-18;Wybór menu / TYPES OF VEGE;614;2000;Dieta Wegetariańska;Kolacja;1535;Sałatka z makaronem pełnoziarnistym, brokułem, pomidorkami, serem bałkańskim i słonecznikiem, winegret ziołowy;389.54;13.44;24.61;27.37;4.94;10.23;1.94;6.06;na zimno;2026-10-01T10:14:20Z
